N,P,K,temperature,humidity,ph,rainfall,label
82.71,59.39,43.97,19.8,94.08,6.18,350.0,rice
125.41,47.91,42.87,15.57,42.5,6.03,42.08,wheat
89.01,23.55,56.62,26.07,81.7,6.26,388.5,watermelon
21.99,24.0,27.08,28.33,49.03,4.44,81.72,mango
19.19,81.42,16.7,23.46,72.98,7.86,32.33,lentil
96.37,34.2,34.98,35.56,89.46,6.56,263.36,jute
42.17,48.71,79.37,16.37,34.33,5.96,699.19,chickpea
22.54,85.09,58.77,23.99,65.15,5.92,177.62,soybean
84.28,55.17,53.44,22.79,49.46,6.7,405.94,wheat
88.35,37.93,43.93,36.06,82.13,6.01,2670.95,jute
41.12,22.75,30.26,28.97,94.41,5.79,250.1,coconut
70.51,44.2,47.96,43.33,86.75,6.45,2387.8,papaya
57.07,40.82,18.61,28.64,63.19,6.21,768.19,maize
58.91,54.05,55.46,32.31,86.15,7.19,231.65,papaya
110.13,37.22,33.1,24.51,70.26,6.03,1457.74,coffee
99.03,50.67,39.02,33.41,59.0,8.49,1197.04,cotton
21.93,73.21,84.32,20.48,15.01,7.37,69.09,chickpea
119.64,57.07,38.67,35.37,63.45,7.4,98.89,cotton
37.85,23.61,29.42,27.99,42.86,6.07,94.56,mango
73.01,37.88,41.94,20.23,94.83,7.17,2800.0,rice
91.99,42.2,23.52,31.95,43.98,8.57,978.7,sorghum
33.73,28.77,10.83,17.47,95.52,7.27,118.53,orange
114.94,9.55,43.21,24.8,80.07,6.29,43.72,watermelon
16.94,71.37,16.91,29.68,69.94,6.07,602.51,lentil
37.41,56.5,36.19,19.97,78.94,7.49,971.17,soybean
45.99,83.57,79.94,21.28,36.45,6.81,610.92,chickpea
27.84,24.67,18.11,11.28,87.56,8.01,958.22,orange
33.53,68.59,20.35,22.89,26.08,6.04,699.07,kidneybeans
77.31,12.72,51.26,30.46,96.85,6.26,19.97,muskmelon
43.12,57.07,19.25,17.12,26.16,5.96,998.96,kidneybeans
14.7,43.16,20.16,32.37,78.14,6.32,457.99,mungbean
158.18,79.75,62.63,37.73,78.32,7.4,1240.74,sugarcane
49.42,66.22,22.5,33.02,68.44,5.56,798.27,pigeonpeas
125.22,47.51,33.01,24.25,59.84,6.51,752.55,wheat
32.72,61.37,13.86,27.03,64.58,9.28,68.98,mothbeans
92.38,27.34,59.27,29.53,99.75,6.99,30.17,muskmelon
121.73,76.45,51.05,24.89,80.94,5.95,1079.79,banana
32.91,40.08,25.57,29.05,86.7,7.06,569.81,mungbean
35.02,24.1,28.65,32.77,44.86,4.73,105.19,mango
24.23,53.88,77.88,22.8,20.53,6.67,63.74,chickpea
30.66,43.09,16.14,31.6,47.12,7.92,80.97,mothbeans
104.04,35.66,33.73,24.13,78.94,6.49,2659.7,rice
36.4,86.28,47.2,29.62,51.96,6.92,1271.92,soybean
34.45,24.49,18.3,27.86,94.34,8.03,1023.46,orange
35.35,65.56,65.45,23.97,32.65,7.96,816.63,chickpea
49.15,64.08,16.2,31.19,39.51,5.64,985.42,pigeonpeas
43.16,65.65,68.9,16.09,22.06,5.84,362.77,chickpea
90.91,16.8,32.79,26.35,59.16,6.17,2054.84,coffee
109.55,83.02,48.17,26.47,77.67,5.79,102.76,banana
98.19,29.79,47.07,27.99,86.74,6.69,428.1,watermelon
47.44,63.61,59.05,34.47,97.13,6.43,1672.09,papaya
139.32,31.57,15.6,26.97,62.98,7.91,120.63,cotton
83.73,26.69,25.5,22.72,72.08,6.04,142.46,coffee
35.78,77.05,52.81,34.01,63.06,6.32,628.64,soybean
24.03,21.0,44.97,21.5,89.61,5.41,973.78,pomegranate
15.83,74.01,24.63,17.45,30.57,6.04,150.68,kidneybeans
57.5,71.18,84.76,15.41,26.72,5.89,395.19,chickpea
39.18,52.78,19.33,18.36,70.2,7.62,34.9,lentil
30.59,49.36,69.87,22.21,29.55,5.83,66.75,chickpea
87.26,37.41,42.15,25.5,92.77,7.33,328.38,jute
90.53,48.6,25.47,14.72,51.27,7.01,59.61,wheat
35.32,44.32,23.29,32.0,88.32,7.26,474.91,mungbean
106.68,24.77,35.87,26.27,50.78,5.89,1556.93,coffee
93.63,19.41,52.16,26.7,77.38,7.21,59.31,watermelon
23.65,57.86,25.47,32.71,88.23,6.82,46.3,mungbean
48.71,46.58,43.07,32.21,69.67,6.22,725.74,pigeonpeas
25.78,12.51,26.32,24.62,89.77,6.34,2010.62,coconut
31.41,75.47,76.39,16.35,25.67,7.06,421.8,chickpea
56.74,53.28,33.33,27.57,96.18,5.91,2800.0,jute
125.58,46.76,51.89,19.52,53.49,6.58,68.39,wheat
39.95,134.28,185.17,21.79,90.44,5.46,134.05,apple
50.81,47.22,21.8,35.7,69.52,6.97,183.68,pigeonpeas
18.03,62.94,24.71,21.93,26.85,5.88,1189.26,kidneybeans
60.16,76.51,52.88,35.56,55.84,8.2,64.98,soybean
128.74,35.81,27.09,23.94,67.18,6.33,156.73,coffee
61.17,59.06,18.45,21.95,55.03,5.34,677.08,maize
40.39,13.3,20.72,33.38,91.21,8.14,94.57,orange
25.01,41.68,24.34,25.65,53.51,4.38,56.37,mothbeans
96.61,55.11,38.73,23.19,86.98,5.7,333.97,rice
17.95,39.83,26.6,33.52,64.91,6.97,71.21,mothbeans
108.96,82.56,51.46,29.12,74.02,5.4,113.88,banana
34.34,25.57,27.21,32.91,56.89,4.67,827.52,mango
43.08,23.08,34.83,29.01,85.95,6.68,2201.27,coconut
21.58,10.59,29.05,30.78,97.42,6.29,1337.81,coconut
22.84,80.96,22.75,22.25,30.3,5.56,151.19,kidneybeans
41.22,49.93,20.74,24.96,47.72,7.81,55.55,mothbeans
41.99,17.48,12.88,11.84,89.2,8.04,130.73,orange
33.06,78.34,21.82,27.45,72.55,7.97,34.61,lentil
97.72,46.19,40.61,25.98,94.9,6.16,195.11,rice
121.41,10.14,56.29,27.91,85.83,6.93,48.03,watermelon
41.58,30.28,12.92,20.53,91.38,7.17,122.17,orange
90.63,39.3,48.51,27.55,86.44,5.57,1526.64,rice
110.18,53.44,26.92,22.23,56.28,6.37,464.88,wheat
123.01,58.46,86.14,26.27,72.52,7.72,115.22,sugarcane
190.75,55.37,90.18,34.66,69.13,7.0,126.42,sugarcane
28.42,57.61,26.03,31.32,62.37,6.4,52.71,lentil
112.15,37.38,29.53,18.99,70.96,6.59,613.08,maize
93.6,48.25,40.59,32.68,93.35,6.98,2800.0,jute
17.97,13.13,16.93,25.02,97.7,7.31,1017.9,orange
19.99,49.47,90.11,14.59,30.05,6.58,350.0,chickpea
111.5,17.95,33.64,24.39,67.79,6.72,109.65,coffee
70.27,47.82,47.99,17.03,66.32,6.12,32.45,wheat
34.5,90.19,35.8,37.1,47.39,6.1,72.55,pigeonpeas
31.5,23.28,26.17,35.75,50.49,5.0,949.8,mango
117.72,29.17,49.12,23.6,78.72,6.15,64.24,watermelon
108.31,35.33,46.65,37.28,48.18,8.37,1301.53,cotton
102.38,35.07,30.53,20.33,61.42,7.62,89.64,maize
63.8,68.77,14.76,27.52,60.13,7.22,589.6,blackgram
51.14,85.36,47.39,33.15,61.16,8.12,795.92,soybean
115.72,39.05,25.63,36.05,47.69,7.92,1241.69,cotton
60.93,51.52,21.16,21.84,69.15,6.54,69.68,maize
22.47,47.12,16.29,27.48,45.38,6.98,68.42,mothbeans
84.99,31.7,58.21,28.31,93.57,6.54,350.0,muskmelon
64.89,36.26,36.79,27.0,85.94,7.21,241.73,jute
139.4,83.65,101.61,33.03,76.76,7.59,1955.56,sugarcane
93.45,28.4,36.64,22.29,69.5,6.27,1816.69,coffee
97.22,72.44,44.22,26.59,86.51,5.53,1054.42,banana
136.69,78.5,69.85,27.11,61.74,6.91,179.42,sugarcane
115.8,63.16,85.9,36.03,71.67,7.97,134.88,sugarcane
37.02,81.86,15.08,16.83,30.95,5.77,576.73,kidneybeans
106.91,71.12,54.76,24.25,84.83,5.6,92.21,banana
75.71,25.3,34.13,28.87,63.07,5.85,1443.55,coffee
69.96,54.3,50.2,32.7,99.08,7.06,1424.9,papaya
31.76,46.16,25.54,33.55,43.03,8.37,564.3,mothbeans
86.72,56.0,15.14,25.69,62.66,5.54,76.31,maize
35.32,19.83,23.5,25.98,52.71,6.48,102.43,mango
95.86,65.94,27.79,30.54,78.23,6.2,904.22,cotton
67.4,63.47,17.27,20.63,76.77,6.02,77.71,maize
39.07,62.56,70.63,19.86,33.73,7.29,578.99,chickpea
37.59,57.54,23.16,35.69,62.16,7.91,66.9,blackgram
72.22,34.58,32.33,31.3,79.16,7.32,2305.69,jute
128.42,32.62,44.08,37.47,63.21,6.87,830.79,cotton
38.81,42.0,18.84,28.26,67.52,9.19,32.82,mothbeans
32.33,119.7,205.01,22.96,85.65,5.5,1061.53,apple
24.36,24.27,39.06,23.06,89.3,6.43,102.42,pomegranate
18.28,36.26,30.34,28.76,48.18,5.56,833.29,mango
109.86,47.88,43.81,15.03,61.03,5.96,516.54,wheat
50.98,57.05,18.99,29.76,58.13,7.15,1088.97,soybean
14.16,13.25,36.31,29.39,88.85,5.58,1339.71,coconut
74.46,37.9,16.77,22.63,45.74,6.56,108.28,cotton
126.47,87.54,46.14,28.07,71.25,6.45,732.78,banana
74.24,51.4,28.96,26.99,66.88,7.22,116.88,maize
25.9,134.37,195.39,15.21,82.84,6.14,67.22,grapes
45.29,45.49,16.58,27.35,66.71,5.98,1130.25,pigeonpeas
22.63,16.19,30.97,28.24,92.14,5.71,224.97,coconut
69.36,29.68,30.92,33.1,44.73,7.32,147.16,sorghum
19.93,119.61,211.03,20.03,90.85,6.01,1085.73,apple
74.32,33.42,29.54,19.04,52.46,6.34,47.23,wheat
55.77,55.89,82.67,22.33,18.64,6.56,656.39,chickpea
94.52,66.55,14.65,37.64,58.55,7.33,1131.56,cotton
55.59,44.27,30.32,34.89,42.4,8.55,161.06,sorghum
35.52,75.66,18.01,29.76,52.41,6.37,1260.61,pigeonpeas
52.45,50.15,42.44,38.81,42.28,5.87,934.14,sorghum
36.7,116.04,202.79,23.81,76.26,5.59,495.11,grapes
62.97,53.1,42.64,36.7,88.13,6.76,233.24,jute
189.72,49.83,63.87,26.1,87.45,8.11,1741.22,sugarcane
77.21,10.71,55.68,25.05,94.4,6.77,37.93,watermelon
39.49,12.3,33.23,27.21,87.01,5.73,2167.54,coconut
70.1,47.88,46.86,34.36,67.35,8.37,1358.49,cotton
34.24,61.94,47.53,30.57,86.09,6.88,157.61,papaya
58.19,43.21,20.63,27.65,53.9,7.35,1294.49,soybean
57.66,51.96,22.45,20.47,77.88,7.21,75.99,maize
118.48,91.3,56.74,26.06,84.61,6.54,1165.75,banana
69.94,30.94,23.6,39.34,56.68,7.81,101.48,sorghum
96.81,15.82,50.63,25.14,77.87,6.51,36.66,watermelon
31.72,62.85,20.91,26.5,66.33,6.0,49.94,lentil
40.18,60.75,67.28,22.16,14.84,8.28,754.13,chickpea
34.39,55.23,24.77,30.13,92.58,6.91,32.11,mungbean
24.73,53.52,20.21,28.42,60.51,6.95,1037.16,pigeonpeas
105.59,50.96,39.36,19.72,96.05,5.62,2800.0,rice
114.5,34.35,45.07,21.62,62.98,7.68,39.72,wheat
19.17,13.35,32.39,23.74,85.57,5.44,101.9,pomegranate
96.2,41.98,26.68,24.0,62.56,7.65,150.28,cotton
30.75,27.22,27.78,24.55,97.03,6.19,168.72,coconut
105.16,91.68,42.44,26.34,79.46,6.05,110.39,banana
50.41,75.54,24.94,24.79,57.1,6.88,474.74,blackgram
25.36,11.45,32.45,22.95,99.63,5.75,104.1,pomegranate
89.67,40.18,29.5,15.87,57.98,6.06,59.41,wheat
91.02,67.87,52.27,28.34,89.22,5.84,1148.32,banana
61.41,39.63,48.27,19.44,73.62,7.36,96.09,soybean
46.48,86.0,16.84,28.2,64.14,6.93,78.0,blackgram
32.34,69.12,13.84,27.63,65.58,6.29,48.4,lentil
37.37,132.15,180.37,18.84,80.33,5.73,60.06,grapes
99.1,42.15,29.77,29.32,77.99,5.57,617.49,maize
63.9,36.36,47.76,27.2,86.06,6.51,320.01,rice
32.44,20.89,16.04,17.63,89.92,7.84,1184.07,orange
94.86,38.06,47.59,24.82,81.01,6.56,2570.05,rice
15.05,12.83,21.56,27.16,96.49,6.92,113.12,orange
104.5,44.42,14.8,21.13,53.68,7.59,889.06,maize
18.99,62.96,17.71,16.66,22.72,5.43,1115.44,kidneybeans
21.89,15.48,37.73,18.84,93.95,7.35,782.7,pomegranate
125.36,29.39,42.04,27.36,93.81,6.72,512.19,watermelon
22.57,23.65,30.19,25.99,99.79,6.54,1628.58,coconut
60.41,73.29,26.82,32.67,72.38,6.42,482.76,blackgram
36.44,83.34,17.2,21.82,22.62,5.85,687.19,kidneybeans
80.32,45.79,38.94,32.6,59.04,7.55,195.46,cotton
111.62,19.32,32.43,22.45,67.48,7.48,141.46,coffee
124.26,25.69,57.81,29.35,87.9,6.45,28.12,muskmelon
38.88,150.01,209.38,34.19,78.63,5.79,65.57,grapes
39.97,18.97,35.89,25.35,84.77,5.7,1159.42,pomegranate
40.54,57.61,24.3,19.53,29.18,5.38,1096.34,kidneybeans
74.75,23.0,30.01,23.16,55.07,6.96,190.41,coffee
39.94,52.83,23.22,30.56,90.08,6.21,40.68,mungbean
46.53,86.85,21.12,37.0,67.93,5.84,183.03,pigeonpeas
49.79,76.28,23.34,39.16,55.07,8.33,111.17,pigeonpeas
111.51,35.03,15.05,38.58,46.22,8.52,175.22,cotton
40.45,48.06,26.05,30.13,88.79,6.64,47.24,mungbean
49.68,77.54,16.68,24.76,60.09,7.6,742.26,blackgram
14.0,19.69,12.72,31.98,85.6,7.96,966.23,orange
56.5,53.09,21.58,32.73,64.83,6.93,494.95,soybean
27.82,52.23,20.25,26.67,66.69,7.01,43.34,lentil
14.32,52.6,23.26,28.41,63.79,6.16,377.71,mothbeans
90.61,93.41,43.08,26.75,80.8,6.68,959.2,banana
32.0,15.25,34.19,24.78,88.79,6.27,244.09,coconut
49.59,45.1,24.96,25.6,48.77,7.24,587.24,sorghum
27.91,23.45,36.73,26.31,99.36,6.55,232.02,coconut
113.96,32.35,51.24,31.07,97.77,6.98,28.3,muskmelon
28.74,36.18,23.64,28.47,51.77,6.4,775.82,mango
44.67,60.28,48.82,40.8,97.89,7.15,1839.12,papaya
111.66,17.59,58.81,30.33,90.03,6.35,31.34,muskmelon
35.35,31.41,41.94,22.39,96.79,6.11,966.98,pomegranate
25.47,37.34,18.55,30.58,84.46,7.32,64.99,mungbean
80.57,31.41,45.44,26.0,90.08,6.91,413.47,watermelon
26.04,155.67,208.69,36.22,78.85,5.34,69.48,grapes
20.04,81.02,81.19,25.03,32.92,7.52,696.08,chickpea
93.87,42.01,37.36,23.05,97.74,6.85,246.34,rice
37.75,124.85,205.67,20.09,95.45,6.68,821.82,apple
89.06,12.05,44.77,30.58,95.97,6.08,18.49,muskmelon
41.63,28.76,17.02,14.22,92.4,6.07,128.33,orange
24.17,32.12,46.21,22.48,99.37,5.47,120.09,pomegranate
24.13,55.48,24.19,30.08,51.07,8.43,710.12,mothbeans
100.99,36.87,44.58,26.89,82.23,5.36,220.59,rice
39.0,76.93,21.4,31.84,67.76,7.26,726.8,blackgram
42.4,47.1,20.56,33.21,83.73,7.03,614.66,mungbean
22.55,30.41,15.29,13.15,93.72,6.33,130.02,orange
41.66,24.84,20.77,19.49,90.73,6.67,125.34,orange
33.29,81.8,25.97,23.88,22.24,6.05,100.76,kidneybeans
25.71,17.7,25.95,29.29,98.85,6.49,1668.99,coconut
24.79,59.97,23.61,29.96,77.47,6.55,64.69,mungbean
41.43,81.06,75.74,22.7,17.98,6.81,61.11,chickpea
110.41,38.55,25.4,21.85,72.03,5.61,65.14,maize
116.58,65.62,44.84,29.91,54.52,8.04,80.87,cotton
45.75,61.91,19.35,34.66,60.4,7.06,82.07,blackgram
61.99,45.87,46.66,30.26,38.89,7.2,126.76,sorghum
60.78,79.91,55.55,32.95,81.22,7.63,700.24,soybean
95.69,48.33,39.73,35.36,78.8,6.71,229.91,jute
42.37,38.37,23.41,26.9,58.83,5.04,599.21,mothbeans
29.85,33.09,19.35,32.51,77.86,6.53,587.47,mungbean
31.36,153.01,183.3,22.38,93.44,6.26,126.75,apple
35.36,51.91,26.76,27.85,83.6,7.37,50.6,mungbean
57.8,41.57,25.4,21.72,56.82,7.0,60.15,maize
62.55,64.75,37.24,30.5,73.39,8.02,153.17,soybean
116.42,20.69,48.94,27.57,92.02,6.3,48.01,watermelon
53.44,75.64,56.83,34.71,63.67,6.79,104.09,soybean
87.63,32.09,26.86,26.84,51.21,6.02,1605.06,coffee
22.44,57.61,23.83,23.98,21.77,6.17,95.85,kidneybeans
85.65,17.92,53.82,29.5,87.45,6.43,27.39,muskmelon
25.45,10.26,29.12,29.46,92.91,5.42,147.05,coconut
66.49,32.66,34.29,36.08,98.64,7.26,1625.88,jute
116.52,30.17,42.8,28.69,86.46,6.12,25.86,muskmelon
146.76,40.42,24.83,31.27,74.52,6.78,88.91,cotton
37.25,73.64,19.02,21.83,21.1,6.16,108.81,kidneybeans
110.21,55.25,26.83,20.74,58.28,7.2,749.03,wheat
16.91,22.44,31.78,26.16,91.0,5.53,196.26,coconut
59.35,78.26,25.85,27.68,63.67,7.13,660.22,blackgram
95.6,45.08,40.67,30.29,64.27,7.4,884.88,sorghum
15.13,45.75,19.33,31.13,92.95,7.32,438.71,mungbean
160.26,75.13,65.98,37.99,62.76,5.91,269.8,sugarcane
41.33,65.98,17.36,21.85,30.84,5.7,1067.99,kidneybeans
82.03,44.31,24.71,26.73,68.56,6.04,68.55,maize
22.3,35.94,24.9,31.92,47.65,6.9,362.12,mothbeans
58.94,63.06,37.93,25.33,55.02,6.71,757.07,soybean
69.18,64.4,51.76,15.93,56.71,6.48,499.23,wheat
29.18,47.06,18.94,26.31,64.99,8.47,33.22,mothbeans
15.15,80.8,16.94,20.31,25.14,6.1,478.84,kidneybeans
35.12,84.27,16.56,17.2,58.55,6.38,440.69,lentil
92.73,74.01,55.77,30.76,76.78,6.42,102.54,banana
41.9,56.14,26.55,16.41,30.51,5.62,576.9,kidneybeans
38.35,40.26,39.73,19.28,51.51,6.1,538.19,soybean
86.93,15.28,51.76,25.71,98.07,6.1,24.16,muskmelon
146.66,85.83,59.35,30.7,61.86,7.54,138.68,sugarcane
38.45,47.58,21.4,30.45,61.69,8.39,507.79,mothbeans
25.34,23.62,24.36,30.91,45.05,6.26,85.66,mango
35.32,33.24,22.06,35.56,74.19,7.53,463.15,soybean
33.74,19.42,32.07,24.28,90.21,6.11,1942.85,coconut
35.15,12.9,45.4,18.1,99.53,5.47,118.88,pomegranate
38.52,154.63,207.31,24.51,86.35,6.09,129.72,apple
124.42,29.96,48.69,24.05,77.74,7.12,408.91,watermelon
121.49,13.65,54.33,29.74,86.31,6.79,350.0,muskmelon
34.39,70.1,18.05,18.66,70.22,6.7,58.76,lentil
50.02,58.52,89.64,22.89,15.31,7.7,350.0,chickpea
34.1,63.11,23.43,14.83,25.81,5.37,1132.19,kidneybeans
22.86,30.51,48.04,24.98,93.07,5.62,863.56,pomegranate
22.86,26.19,39.89,17.67,82.72,7.13,1027.34,pomegranate
20.62,31.68,47.15,17.95,91.1,5.8,126.46,pomegranate
128.38,20.38,24.74,24.54,62.41,6.16,1708.48,coffee
119.37,72.3,49.39,24.37,81.01,5.9,780.21,banana
80.88,41.23,27.44,20.33,56.9,6.21,85.56,maize
28.49,83.4,22.56,17.2,70.63,7.39,557.22,lentil
73.15,54.57,46.47,31.11,92.16,6.62,274.66,jute
36.77,21.54,41.92,22.68,94.31,6.09,1106.95,pomegranate
94.36,20.14,27.19,27.82,60.63,6.69,1491.29,coffee
82.21,39.23,39.09,34.74,92.35,7.03,189.0,jute
58.17,58.92,87.75,23.0,25.98,6.83,41.85,chickpea
17.57,143.29,188.12,34.24,76.15,5.77,60.89,grapes
36.49,26.29,36.44,35.27,57.58,5.31,81.59,mango
39.22,69.75,16.38,15.65,29.93,5.49,125.65,kidneybeans
81.98,55.61,21.84,25.81,52.49,5.83,668.76,maize
35.62,111.39,213.79,23.51,86.42,6.45,115.52,apple
82.81,36.02,42.12,34.83,78.54,7.54,2800.0,jute
92.36,56.56,35.72,35.35,81.91,6.23,211.3,jute
22.61,27.8,15.19,21.87,94.41,7.95,96.13,orange
99.97,25.46,26.65,26.44,56.92,7.55,1527.21,coffee
79.04,77.87,51.52,30.32,82.36,6.25,86.28,banana
38.66,26.2,32.07,27.07,44.09,4.79,784.45,mango
49.11,86.22,32.27,21.46,60.55,5.96,119.11,soybean
54.88,77.02,26.75,34.92,59.31,6.44,79.48,blackgram
79.45,61.18,18.18,18.11,54.13,7.14,1019.99,maize
70.67,52.51,46.68,42.88,89.35,6.84,2051.65,papaya
104.58,40.97,36.92,28.05,87.01,5.91,2183.53,rice
134.32,48.62,77.68,35.67,58.79,8.09,124.51,sugarcane
35.05,27.23,36.58,24.28,91.09,6.47,2203.51,coconut
91.39,42.04,39.07,32.9,72.47,6.13,87.44,cotton
35.38,58.55,26.39,24.04,49.74,8.39,42.58,mothbeans
194.29,78.03,71.56,28.63,71.5,6.84,168.39,sugarcane
24.59,23.86,37.09,30.27,98.06,6.02,243.63,coconut
20.11,13.0,42.84,24.44,85.51,7.29,725.05,pomegranate
34.87,50.83,23.09,14.91,19.07,5.54,778.79,kidneybeans
23.07,26.21,32.77,26.04,87.46,6.03,205.53,coconut
15.63,26.22,13.59,31.48,90.87,5.89,962.96,orange
84.83,27.14,45.86,26.79,79.1,6.23,392.88,watermelon
29.06,141.89,209.77,23.62,91.97,6.12,1065.38,apple
27.42,59.56,22.06,26.48,91.92,6.94,64.38,mungbean
31.08,37.0,23.72,25.15,42.4,7.49,75.55,mothbeans
52.94,60.41,89.69,14.98,24.3,8.29,399.01,chickpea
68.58,41.41,29.22,23.81,60.68,6.17,1032.13,maize
34.04,39.87,26.1,30.43,89.14,6.86,625.86,mungbean
112.67,60.33,31.14,21.78,43.59,6.69,648.93,wheat
20.17,17.13,43.52,24.67,86.49,5.4,102.03,pomegranate
75.26,21.53,51.75,25.99,88.48,5.92,58.06,watermelon
79.97,40.16,48.17,27.54,83.67,5.56,1372.29,rice
120.52,64.46,50.24,28.11,82.47,5.34,99.63,banana
107.61,12.57,54.26,29.2,90.96,7.0,24.96,muskmelon
73.23,32.65,23.13,17.34,57.23,6.86,109.16,maize
18.29,78.46,24.92,23.66,30.67,5.43,68.18,kidneybeans
47.56,84.68,14.05,21.64,49.26,6.79,148.32,pigeonpeas
53.61,49.27,40.8,23.98,46.53,7.42,1051.74,pigeonpeas
107.21,61.99,24.73,27.17,60.06,5.51,1080.56,maize
45.48,44.02,44.74,28.96,92.8,7.06,136.5,papaya
40.47,140.02,205.99,17.06,81.46,6.15,69.02,grapes
99.27,66.45,19.57,27.11,68.88,5.55,895.62,maize
73.84,35.09,34.65,21.9,87.27,5.57,187.35,rice
27.51,113.76,196.01,24.45,79.66,6.23,788.57,grapes
97.17,76.25,44.94,28.99,79.08,5.92,934.54,banana
56.67,57.53,37.89,25.55,95.34,6.24,313.31,jute
75.01,42.07,39.71,30.88,94.73,6.15,2278.85,jute
147.06,82.25,100.77,36.17,63.98,7.48,2421.0,sugarcane
39.63,77.45,19.83,22.09,68.68,7.39,385.32,lentil
29.29,58.29,28.74,28.82,77.2,8.08,50.55,soybean
17.26,58.03,20.92,31.71,55.38,6.08,655.57,mothbeans
63.3,34.14,38.63,26.01,94.93,6.1,2176.75,jute
77.79,20.97,58.02,28.25,90.93,6.35,372.38,watermelon
40.14,64.15,23.3,26.34,59.48,6.4,103.98,pigeonpeas
29.32,115.97,219.4,43.69,83.84,5.79,77.91,grapes
34.77,64.67,18.52,31.58,80.98,6.46,465.36,mungbean
23.35,55.7,26.54,29.69,49.11,8.07,69.96,mothbeans
59.24,39.91,58.58,19.98,62.24,7.33,63.83,soybean
64.78,66.92,53.28,26.15,99.6,6.63,1194.23,papaya
64.53,59.81,23.65,26.35,62.38,7.28,151.74,soybean
79.15,18.36,58.71,31.4,96.27,5.98,32.37,muskmelon
29.3,148.68,186.24,22.12,80.14,6.34,706.62,grapes
94.43,49.24,29.29,22.7,61.93,7.05,79.03,maize
126.77,13.18,58.07,30.08,89.59,6.61,350.0,muskmelon
41.89,55.48,26.93,29.24,79.54,6.67,65.95,mungbean
89.72,59.03,46.45,22.77,50.76,7.61,66.53,wheat
38.4,68.83,20.66,37.48,73.33,5.35,952.09,pigeonpeas
38.75,45.09,23.53,29.6,61.17,5.53,540.44,mothbeans
24.54,38.84,21.58,28.45,44.69,9.29,33.89,mothbeans
63.02,37.71,47.07,22.03,80.06,5.9,281.16,rice
64.11,62.85,35.63,34.88,68.53,7.05,168.77,sorghum
26.25,81.53,77.2,19.61,27.46,7.94,584.18,chickpea
13.82,150.01,180.59,24.1,94.3,6.11,1145.06,apple
54.65,68.66,19.56,35.89,63.79,6.9,773.63,blackgram
79.98,77.89,48.25,25.91,87.14,5.63,100.44,banana
89.08,16.97,59.21,26.71,96.06,6.77,29.92,muskmelon
99.14,59.77,16.51,28.72,69.05,5.47,75.76,maize
36.51,81.57,26.27,21.15,66.65,6.83,53.62,lentil
118.15,27.58,32.73,26.68,63.77,6.84,130.82,coffee
67.68,72.95,47.66,36.56,85.59,7.17,216.2,papaya
15.53,51.03,15.72,20.49,58.36,7.77,48.19,lentil
23.08,68.71,26.67,17.1,60.47,7.89,48.09,lentil
18.27,50.65,24.98,14.25,26.34,5.66,914.63,kidneybeans
93.57,55.95,31.2,17.13,71.17,6.6,1029.06,maize
100.32,45.29,29.24,29.1,67.89,7.42,613.23,maize
21.46,31.65,44.12,21.25,82.57,6.11,101.24,pomegranate
37.98,84.45,54.84,28.94,78.56,5.63,826.51,soybean
99.77,36.17,31.4,20.24,61.23,6.69,75.78,maize
119.33,79.33,88.8,35.19,66.76,7.17,1471.69,sugarcane
18.6,82.19,13.81,21.98,67.85,7.23,514.72,lentil
70.48,41.99,44.5,15.52,58.92,6.7,38.78,wheat
35.54,30.16,30.37,29.09,55.25,5.91,112.4,mango
24.24,33.65,26.37,29.25,44.28,7.09,107.14,mango
102.38,19.27,25.2,27.49,47.61,6.93,187.53,coffee
62.95,44.0,46.33,34.87,89.46,7.03,2766.98,jute
88.66,65.94,32.76,13.91,57.8,6.66,84.97,wheat
28.59,25.87,15.07,30.64,88.84,7.87,1180.67,orange
36.2,127.98,217.18,20.09,76.98,6.22,68.24,grapes
119.77,68.19,74.49,36.06,84.25,8.13,1546.03,sugarcane
91.69,55.37,36.77,32.65,48.78,7.54,89.78,cotton
98.95,32.07,54.65,29.06,97.82,6.22,350.0,muskmelon
84.09,53.09,31.49,18.34,38.56,6.21,35.47,wheat
106.02,28.27,46.01,23.96,82.98,6.41,645.23,watermelon
28.2,60.84,20.71,24.15,59.68,7.42,50.37,lentil
25.72,45.37,24.45,32.65,93.43,7.34,35.72,mungbean
98.01,23.87,36.73,27.08,55.51,6.26,112.58,coffee
35.01,120.47,215.0,34.95,77.08,6.18,651.74,grapes
38.82,16.66,10.84,31.98,90.19,7.97,118.7,orange
107.77,19.77,47.9,24.63,90.93,6.16,39.52,watermelon
59.89,67.44,34.06,20.08,54.71,7.79,109.26,soybean
140.1,65.63,46.0,31.37,54.22,7.07,1362.33,cotton
23.29,45.27,18.39,32.29,91.95,7.23,521.68,mungbean
18.52,61.67,17.65,26.7,89.12,7.2,409.25,mungbean
26.67,56.95,18.26,33.53,78.59,6.87,65.5,mungbean
15.6,22.7,41.99,18.88,89.11,6.18,1063.34,pomegranate
95.88,65.83,31.18,19.53,68.97,6.74,551.97,wheat
21.16,61.56,22.95,33.7,55.57,7.86,1146.0,soybean
98.98,48.44,15.64,25.07,65.84,7.42,770.72,maize
21.95,134.4,180.64,22.1,88.17,6.21,99.73,apple
42.13,11.34,21.44,36.3,95.97,7.17,777.31,orange
124.89,44.97,41.14,13.7,51.67,6.52,45.56,wheat
30.87,20.83,28.27,23.84,89.88,6.57,145.4,coconut
22.19,71.95,15.69,14.44,23.27,5.47,159.03,kidneybeans
70.87,51.34,44.31,17.25,44.84,7.0,44.32,wheat
33.57,71.49,16.03,24.46,26.22,5.48,497.29,kidneybeans
52.69,74.83,81.99,14.36,14.15,7.08,98.92,chickpea
140.31,66.57,79.47,28.05,70.04,6.97,1542.43,sugarcane
27.66,59.9,15.7,22.84,68.13,8.37,40.25,mothbeans
20.56,46.21,14.2,32.03,65.15,6.07,821.05,pigeonpeas
117.68,92.49,59.0,25.35,73.87,5.42,892.15,banana
64.37,47.72,35.39,28.09,82.89,6.97,2800.0,jute
41.37,70.85,42.5,29.29,86.79,6.53,1648.35,papaya
57.87,41.59,50.43,31.0,98.92,6.6,248.15,papaya
90.84,67.51,27.27,27.26,72.5,7.63,845.66,maize
31.74,27.34,23.06,36.47,51.27,6.22,83.13,mango
98.63,43.32,45.15,20.52,86.77,6.74,1544.54,rice
35.3,54.75,22.51,29.13,76.01,7.07,37.37,mungbean
97.08,51.03,41.55,24.09,48.25,7.29,59.68,wheat
129.27,15.23,23.62,24.29,61.43,6.85,151.29,coffee
93.94,30.81,47.73,23.17,88.3,7.18,54.23,watermelon
39.9,32.32,36.86,26.02,89.52,6.41,182.42,coconut
76.05,18.17,42.35,28.3,84.92,6.31,58.28,watermelon
117.98,24.14,47.97,25.83,96.65,6.25,378.44,muskmelon
73.86,18.03,57.61,30.71,87.36,6.56,350.0,muskmelon
110.54,27.24,24.76,24.36,50.64,6.81,217.27,coffee
49.32,76.01,18.3,36.08,70.78,6.64,720.09,blackgram
104.98,38.94,30.15,22.34,72.71,7.37,729.41,wheat
80.78,84.22,49.57,31.14,85.38,6.39,83.96,banana
111.51,64.05,32.66,25.16,45.77,7.93,542.02,cotton
28.65,25.18,17.38,34.77,94.73,6.59,733.11,orange
95.86,65.5,27.48,17.86,60.55,5.37,63.97,maize
35.29,58.05,54.45,23.41,85.9,6.37,1792.2,papaya
59.28,81.47,22.4,27.23,64.95,7.24,56.94,blackgram
25.79,19.92,24.94,25.06,95.11,6.46,1946.32,coconut
31.26,47.32,35.9,28.3,43.83,5.97,92.39,pigeonpeas
73.11,36.67,45.62,19.61,98.8,6.06,2549.12,rice
48.37,78.11,52.95,23.12,73.22,6.59,515.76,soybean
97.64,57.59,49.86,38.15,37.32,7.61,117.0,sorghum
41.96,27.55,24.82,29.76,94.36,5.9,1414.8,coconut
36.01,79.76,67.89,14.68,15.66,8.14,577.43,chickpea
155.97,74.93,71.57,33.46,81.48,6.51,2029.84,sugarcane
72.02,64.13,47.29,28.15,88.11,6.38,1810.03,papaya
35.51,62.93,14.43,26.34,49.13,7.46,487.87,mothbeans
186.57,66.38,81.6,37.92,71.86,7.38,1401.9,sugarcane
53.46,78.7,21.66,25.91,71.96,6.74,72.19,blackgram
98.81,46.22,40.11,37.41,56.17,6.31,48.18,sorghum
19.49,32.1,12.85,36.02,95.28,6.73,785.56,orange
84.6,36.39,26.29,25.28,70.38,6.71,90.85,maize
47.35,41.61,21.13,24.93,47.97,5.84,90.37,soybean
29.06,59.17,16.03,28.15,85.92,6.15,38.06,mungbean
36.44,22.86,33.1,17.61,99.51,6.36,115.05,pomegranate
16.58,31.96,28.66,31.23,56.81,5.82,77.39,mango
51.53,70.8,31.53,26.89,72.14,6.45,994.34,pigeonpeas
14.42,85.57,15.82,33.33,66.55,5.46,108.3,pigeonpeas
57.25,83.68,68.45,23.07,16.14,7.0,374.95,chickpea
59.22,46.32,35.5,34.86,89.6,6.92,2090.4,jute
37.1,132.52,208.37,24.9,91.68,6.61,104.06,apple
34.12,147.03,186.52,21.76,95.58,6.18,122.54,apple
105.71,60.13,44.88,35.24,57.04,7.04,144.1,sorghum
96.17,39.86,22.86,17.73,73.98,5.97,91.41,maize
32.78,74.09,25.68,15.59,22.39,5.79,735.73,kidneybeans
87.93,48.35,44.17,34.77,82.88,6.14,2800.0,jute
27.24,126.72,186.62,21.33,88.46,6.46,127.11,apple
112.04,33.06,32.08,27.49,64.82,7.19,134.59,coffee
84.35,43.83,35.42,26.06,78.52,6.75,2629.42,jute
129.05,28.89,43.04,28.45,92.45,6.28,350.0,muskmelon
94.03,9.4,45.72,23.46,79.01,6.49,655.28,watermelon
27.93,25.07,32.52,29.09,42.89,6.33,79.38,mango
128.27,47.7,49.2,17.21,60.85,5.88,372.39,wheat
18.59,143.01,188.14,15.86,89.06,6.0,65.6,grapes
29.0,75.23,90.12,21.58,34.37,8.28,62.91,chickpea
30.75,83.51,76.76,17.52,27.29,6.5,71.64,chickpea
110.69,64.44,37.08,24.65,58.05,6.57,350.0,wheat
59.7,43.07,31.37,25.65,60.04,7.61,1021.38,soybean
34.8,52.83,19.98,20.66,55.1,5.99,146.26,soybean
28.46,63.38,19.49,31.21,78.28,6.21,61.36,mungbean
31.44,14.57,32.23,24.95,93.49,5.43,1177.81,pomegranate
17.14,54.52,19.44,33.6,86.83,6.54,50.03,mungbean
40.63,54.36,20.79,31.29,59.66,6.2,42.73,lentil
16.63,64.9,40.29,37.95,51.81,6.49,115.15,pigeonpeas
61.07,55.03,29.26,23.51,52.79,7.55,608.86,maize
22.41,36.82,21.55,26.39,81.13,7.13,50.19,mungbean
31.45,123.71,193.89,28.22,79.18,5.51,81.28,grapes
94.22,32.53,30.29,24.19,57.07,6.67,169.06,coffee
30.01,49.53,30.76,25.69,68.62,6.08,1144.83,pigeonpeas
24.15,28.17,36.3,26.71,47.79,5.54,792.47,mango
126.52,23.35,23.04,26.18,65.58,6.97,161.88,coffee
107.34,55.57,39.75,24.27,80.45,7.0,289.7,rice
85.57,43.62,14.61,26.6,75.03,7.13,60.9,maize
94.62,48.85,33.06,24.32,85.82,5.68,254.0,rice
105.95,75.76,51.67,26.82,84.47,5.68,917.44,banana
139.2,48.75,48.29,35.14,53.09,7.15,1236.97,cotton
102.34,97.17,53.42,26.76,89.06,6.29,114.33,banana
52.68,75.09,77.47,18.34,24.96,7.8,660.84,chickpea
46.51,82.41,57.93,32.11,58.56,7.44,682.64,soybean
30.21,152.57,197.19,24.35,93.56,5.47,1183.85,apple
64.03,52.58,45.46,31.99,33.89,7.63,783.85,sorghum
37.1,26.78,10.26,17.44,85.73,6.08,1182.04,orange
22.32,12.66,15.25,15.13,86.56,7.73,118.56,orange
81.03,48.78,39.0,27.39,80.89,7.46,2800.0,jute
20.64,64.0,25.9,33.46,83.19,6.59,56.16,mungbean
38.06,90.65,16.84,39.86,41.01,6.64,792.39,pigeonpeas
30.42,82.9,26.2,24.29,19.96,6.06,146.9,kidneybeans
48.86,59.87,22.6,24.88,70.52,7.24,749.95,blackgram
15.45,55.95,21.87,22.41,19.95,5.43,476.12,kidneybeans
32.87,123.58,219.06,42.75,78.21,5.95,60.19,grapes
129.98,59.4,35.09,36.52,65.99,6.89,180.25,cotton
68.43,69.0,43.48,31.83,77.32,6.58,80.93,cotton
47.76,44.26,34.81,24.51,46.13,7.61,1317.35,pigeonpeas
43.06,57.54,20.68,19.16,25.23,5.91,737.85,kidneybeans
101.87,65.23,31.65,20.45,44.92,5.87,37.09,wheat
61.04,56.8,32.86,27.82,92.01,6.88,227.25,rice
47.82,65.1,20.51,28.87,62.94,7.25,569.37,blackgram
29.69,26.52,30.16,30.34,91.51,5.97,2363.41,coconut
24.76,118.06,199.04,25.08,77.87,5.45,560.04,grapes
38.01,72.6,24.6,26.04,72.66,6.56,792.14,blackgram
124.04,30.68,54.88,28.38,99.08,6.02,350.0,muskmelon
60.25,57.26,26.48,39.38,67.56,7.43,87.94,sorghum
21.54,18.08,18.25,18.84,90.26,6.28,1203.1,orange
39.74,43.09,24.69,33.23,83.61,7.01,49.54,mungbean
115.1,87.45,49.44,30.46,77.06,5.89,1108.73,banana
30.65,73.93,23.07,22.03,72.84,6.93,54.5,lentil
79.34,35.08,30.58,32.92,40.95,8.25,84.57,sorghum
18.07,18.2,16.44,26.11,89.11,7.86,780.84,orange
49.99,75.22,51.13,32.4,96.75,6.99,1425.52,papaya
33.84,63.99,24.42,33.13,83.15,7.39,53.1,mungbean
92.23,23.47,49.58,26.0,76.04,6.44,540.26,watermelon
41.12,72.3,73.57,16.26,19.08,7.3,99.71,chickpea
74.78,54.95,29.08,35.94,71.48,5.88,70.83,cotton
126.7,57.67,62.07,28.44,68.59,5.85,138.27,sugarcane
72.09,73.13,41.46,22.89,94.05,6.73,184.78,papaya
106.89,58.84,39.79,35.25,65.45,8.17,75.02,sorghum
107.51,61.11,23.62,39.29,41.66,7.42,471.94,sorghum
150.06,33.46,34.36,35.24,68.09,8.02,77.57,cotton
77.18,59.34,31.97,26.16,46.07,6.42,541.2,wheat
88.73,45.26,38.14,19.41,77.11,6.3,253.44,rice
36.32,70.16,20.13,25.07,21.97,5.63,106.86,kidneybeans
139.06,46.62,91.01,33.56,61.39,6.23,266.26,sugarcane
33.45,37.68,49.07,30.82,79.93,7.83,139.18,soybean
23.85,85.88,21.29,22.61,70.37,6.52,59.92,lentil
31.04,16.96,15.22,19.45,94.65,5.97,114.77,orange
37.5,77.62,17.93,38.54,49.37,7.25,73.01,pigeonpeas
86.81,10.11,57.7,27.74,83.0,6.11,641.38,watermelon
176.77,84.58,60.53,28.25,74.6,6.87,259.66,sugarcane
22.05,29.92,35.38,26.61,54.92,6.58,85.42,mango
38.06,48.71,55.1,31.24,73.17,6.02,113.96,soybean
38.32,42.57,23.84,24.01,56.56,7.22,434.47,mothbeans
35.19,66.14,29.92,19.97,52.75,6.36,460.58,soybean
76.58,28.93,56.45,27.37,84.18,6.74,478.01,watermelon
31.72,37.52,34.74,36.66,42.84,7.16,101.61,mango
51.1,83.71,14.73,35.92,66.67,6.9,62.0,blackgram
123.53,84.64,62.35,37.29,69.92,6.34,113.42,sugarcane
18.52,26.42,14.36,36.71,93.86,7.61,116.5,orange
119.95,53.74,28.23,25.9,46.95,7.33,38.51,wheat
38.93,30.95,20.02,21.7,88.39,6.97,104.28,orange
27.74,23.96,29.08,32.1,45.27,5.46,81.75,mango
159.27,63.73,77.2,28.15,82.89,6.96,2548.47,sugarcane
16.89,81.08,30.72,32.92,49.14,7.46,804.41,pigeonpeas
44.02,54.85,45.41,24.69,88.84,6.82,202.66,papaya
36.51,47.29,14.62,30.62,47.53,5.1,492.23,mothbeans
29.1,10.35,34.85,24.61,92.91,7.22,838.33,pomegranate
17.62,62.55,17.12,32.63,76.63,6.59,35.95,mungbean
62.38,55.4,40.93,19.29,92.79,6.47,225.69,rice
77.87,46.44,47.15,27.47,83.55,6.28,275.67,rice
39.83,22.09,27.68,28.65,94.09,5.74,251.26,coconut
62.97,51.04,47.83,21.12,78.57,6.8,346.57,rice
18.58,50.0,19.42,29.54,49.48,6.63,50.49,mothbeans
137.22,48.36,34.55,27.51,58.61,6.44,1173.68,cotton
24.79,63.9,73.39,25.18,21.23,8.74,58.4,chickpea
96.46,49.16,47.01,25.34,83.87,5.41,2800.0,rice
33.06,15.77,14.41,16.31,86.48,6.39,115.38,orange
24.74,120.85,198.63,22.04,96.79,6.29,113.55,apple
35.65,53.28,24.39,25.44,57.37,6.46,570.7,blackgram
23.09,10.55,41.17,24.6,86.33,7.4,117.26,pomegranate
112.23,66.1,29.81,25.94,51.39,6.97,32.21,wheat
36.73,43.15,14.03,25.83,92.01,6.07,32.27,mungbean
33.01,78.94,17.88,22.82,25.57,5.65,472.03,kidneybeans
19.67,81.95,85.23,24.64,28.91,6.98,616.82,chickpea
70.09,54.24,34.24,25.8,87.83,6.47,1639.57,jute
38.12,52.11,51.11,43.57,96.89,7.11,2132.66,papaya
36.1,127.62,196.45,19.32,86.82,5.79,759.47,grapes
32.82,155.54,208.6,25.15,87.93,6.45,980.08,apple
23.86,26.77,24.13,37.37,50.52,6.97,98.57,mango
43.63,42.63,58.15,32.67,88.89,6.93,1793.32,papaya
108.76,51.11,32.57,26.0,63.73,6.85,557.11,wheat
46.88,63.02,26.29,23.87,58.23,5.73,59.11,pigeonpeas
36.71,77.86,23.95,31.46,70.28,6.57,351.27,lentil
23.53,49.53,35.62,30.93,43.16,6.89,178.55,pigeonpeas
61.23,86.14,23.21,23.93,63.44,7.48,697.32,blackgram
95.28,59.28,25.73,38.89,57.21,8.64,610.66,sorghum
21.79,16.65,47.11,25.58,89.51,5.97,107.11,pomegranate
24.82,27.38,17.95,20.87,92.33,7.32,815.76,orange
39.63,36.46,33.34,35.61,57.23,5.34,1041.35,mango
26.2,85.08,48.63,19.09,47.87,6.95,56.12,soybean
33.67,153.38,199.59,8.61,82.03,5.42,73.11,grapes
69.71,40.09,39.62,31.4,92.05,6.5,2196.76,jute
78.29,41.06,49.84,25.52,48.77,6.92,751.81,wheat
94.3,40.56,46.64,21.9,79.54,6.48,2800.0,rice
43.93,48.76,37.92,27.49,63.62,7.28,167.52,soybean
141.2,53.64,94.61,30.35,64.01,6.4,265.73,sugarcane
20.89,63.48,75.96,17.26,19.26,7.46,481.05,chickpea
22.92,29.59,11.89,14.25,98.17,7.74,100.1,orange
79.41,19.32,23.27,25.92,47.52,7.49,1977.6,coffee
41.28,55.05,43.77,25.09,98.14,6.48,1892.15,papaya
31.71,83.25,18.19,23.73,68.24,6.17,49.32,lentil
22.63,35.01,31.7,33.17,54.03,6.98,686.46,mango
96.54,33.97,32.76,35.9,78.49,5.98,2475.72,jute
92.5,59.09,45.91,32.79,84.3,7.43,2791.24,jute
81.16,32.45,32.53,34.18,82.42,7.57,303.95,jute
37.13,134.11,208.06,22.7,95.35,5.39,949.67,apple
36.53,125.44,179.92,23.05,92.83,6.32,994.24,apple
43.13,48.64,42.28,32.11,51.62,6.55,116.55,soybean
83.95,58.9,47.47,34.77,90.26,7.2,1960.4,jute
45.53,81.91,14.99,24.91,61.59,7.13,59.29,pigeonpeas
26.58,153.71,188.16,21.73,77.57,5.85,68.73,grapes
42.73,51.19,26.87,29.87,67.3,7.28,41.57,lentil
16.56,29.92,25.05,25.8,52.66,5.27,798.72,mango
76.48,29.51,31.33,24.25,51.13,8.11,37.27,sorghum
57.98,56.68,50.86,29.11,99.68,7.18,194.47,papaya
58.76,71.3,87.41,24.61,28.56,7.92,473.97,chickpea
30.7,41.73,14.65,30.16,44.82,4.49,692.73,mothbeans
121.62,68.94,58.77,27.83,74.67,5.37,1209.71,banana
88.8,16.32,45.57,28.62,97.94,6.66,24.98,muskmelon
78.21,10.82,49.38,24.61,90.01,6.98,456.93,watermelon
29.0,42.8,14.82,31.03,80.05,6.72,64.57,mungbean
66.8,64.67,23.33,17.73,62.4,6.33,65.29,maize
87.97,27.36,28.16,29.35,50.14,8.61,698.75,sorghum
64.06,48.21,33.34,29.39,81.2,5.95,220.76,jute
24.29,116.88,214.01,21.93,94.07,6.47,991.18,apple
33.89,17.19,36.53,17.77,82.51,6.84,804.05,pomegranate
65.85,55.65,45.04,29.79,99.71,7.48,242.49,jute
53.13,83.03,32.43,29.53,74.02,5.76,1109.5,pigeonpeas
34.69,12.42,41.11,24.59,88.41,5.37,106.64,pomegranate
23.89,77.34,21.58,15.03,23.12,5.83,93.37,kidneybeans
17.1,126.34,194.32,28.68,76.11,6.66,668.97,grapes
78.36,55.49,47.32,25.45,90.81,6.23,2800.0,rice
41.77,61.38,51.18,23.86,90.1,6.8,192.17,papaya
28.61,48.6,32.51,36.15,50.34,5.43,188.17,pigeonpeas
18.26,66.65,18.51,23.83,73.04,6.68,465.29,lentil
68.78,41.57,47.17,38.16,37.3,7.88,37.47,sorghum
28.22,112.97,187.01,24.96,98.16,6.34,1138.87,apple
170.43,48.59,78.35,36.82,88.01,7.08,182.17,sugarcane
73.89,55.26,57.67,45.41,92.18,6.74,268.39,papaya
94.03,32.47,34.76,25.44,64.32,5.87,1887.57,coffee
33.86,13.73,12.23,22.77,91.7,7.98,99.07,orange
100.02,41.46,33.09,22.28,44.31,6.65,163.79,cotton
23.54,123.59,188.69,22.09,97.24,5.56,1031.54,apple
41.04,19.39,27.78,33.15,45.28,5.45,1064.49,mango
86.01,69.94,29.82,22.63,68.66,5.9,664.97,wheat
35.2,142.63,217.13,22.65,93.09,5.34,828.89,apple
46.02,26.66,51.9,34.06,70.81,6.49,107.55,sorghum
111.09,29.44,55.84,30.65,91.44,6.78,350.0,muskmelon
55.25,41.01,21.2,23.41,77.08,6.79,820.54,maize
16.54,42.78,19.14,30.33,49.83,9.14,31.74,mothbeans
19.24,34.11,18.33,27.73,89.68,7.0,41.49,mungbean
44.76,63.88,71.07,16.57,16.55,6.15,99.81,chickpea
16.84,11.55,31.84,25.43,96.73,6.54,182.72,coconut
16.89,56.09,14.1,30.65,48.89,7.56,33.93,mothbeans
32.87,10.18,45.66,20.82,85.14,5.82,102.68,pomegranate
16.47,129.68,194.23,26.59,77.29,5.76,601.88,grapes
126.75,55.88,100.67,36.77,68.58,6.32,112.12,sugarcane
25.57,78.48,33.17,20.1,81.66,6.97,975.16,soybean
98.23,64.25,23.11,26.94,35.26,8.7,122.11,sorghum
41.28,11.52,39.13,19.22,81.17,7.21,113.51,pomegranate
117.88,42.97,27.86,23.77,60.62,6.51,484.41,sorghum
18.06,55.08,20.23,32.66,69.15,6.61,1154.84,pigeonpeas
23.78,46.71,31.36,32.17,41.09,5.41,143.46,pigeonpeas
19.51,60.17,25.83,22.0,22.46,6.16,145.62,kidneybeans
119.28,53.05,35.64,26.35,59.28,7.15,1296.07,cotton
36.21,37.02,27.43,26.97,51.34,5.52,735.51,mango
114.42,54.19,45.97,22.44,69.85,7.11,554.46,cotton
40.35,24.41,40.85,26.21,83.01,5.43,105.42,pomegranate
95.17,14.88,32.4,22.85,57.62,5.84,1644.08,coffee
38.43,58.0,18.05,20.12,59.37,6.69,47.45,lentil
19.08,20.77,46.97,17.13,88.12,6.78,120.51,pomegranate
99.38,55.54,32.44,22.0,90.86,5.82,2499.54,rice
33.26,54.5,33.69,26.9,51.28,5.52,1230.73,pigeonpeas
76.07,26.42,47.92,26.26,84.48,7.14,411.27,watermelon
31.95,82.49,21.17,27.68,64.82,7.98,53.8,lentil
18.12,43.27,18.01,26.34,89.29,6.36,350.0,mungbean
32.88,143.13,210.73,38.54,83.92,6.47,77.99,grapes
43.46,62.16,25.05,33.59,56.4,6.54,64.27,pigeonpeas
40.7,55.27,16.87,28.19,94.09,6.77,350.0,mungbean
110.72,60.24,29.21,24.01,41.34,7.31,895.26,sorghum
22.79,32.58,24.58,26.65,85.14,6.81,62.21,mungbean
54.15,48.89,56.03,34.06,97.76,6.78,170.63,papaya
76.17,82.1,43.64,29.23,72.23,6.67,981.84,banana
74.75,13.43,54.05,25.52,80.89,6.18,43.3,watermelon
14.32,85.36,15.17,23.42,58.6,6.5,33.97,lentil
42.5,45.61,18.79,24.92,59.83,5.49,98.69,pigeonpeas
53.09,50.06,56.8,27.34,89.36,6.92,2307.31,papaya
28.99,133.76,208.7,24.16,87.72,5.59,112.61,apple
152.75,59.08,69.27,25.4,71.64,7.57,1791.89,sugarcane
40.16,70.34,15.79,36.15,67.87,6.82,555.29,blackgram
74.0,37.44,41.62,22.0,56.46,6.55,895.65,cotton
17.47,42.36,19.53,39.82,57.01,5.44,154.32,pigeonpeas
123.04,48.17,95.54,27.33,73.77,7.79,188.83,sugarcane
84.97,50.9,50.72,16.33,43.42,7.05,51.96,wheat
41.39,63.23,14.74,15.78,20.78,5.98,97.09,kidneybeans
23.83,122.31,210.28,21.09,94.57,6.34,107.79,apple
105.02,29.86,41.97,26.5,93.85,7.09,531.82,watermelon
84.41,17.11,28.67,29.1,55.83,6.04,1286.53,coffee
95.42,24.86,53.1,28.91,87.12,6.87,350.0,muskmelon
97.22,97.02,51.3,28.07,74.67,6.6,118.48,banana
24.36,49.1,29.27,29.35,62.44,7.48,141.52,soybean
37.09,61.55,54.15,34.75,98.82,6.45,1198.45,papaya
31.15,38.49,48.76,34.98,62.66,6.98,1179.93,soybean
21.44,32.28,12.92,16.59,97.65,6.04,1173.55,orange
89.97,45.4,38.24,26.44,89.15,7.17,324.42,rice
116.78,27.18,54.42,28.27,91.37,6.96,350.03,muskmelon
14.84,91.22,32.9,33.4,63.06,6.84,1290.11,pigeonpeas
74.66,68.54,50.97,28.15,95.84,6.52,200.88,papaya
175.44,83.43,78.82,32.61,85.67,7.18,2712.8,sugarcane
20.57,27.98,33.09,25.13,85.54,5.74,187.98,coconut
83.61,55.69,41.62,19.21,82.49,7.28,276.65,rice
37.97,21.23,37.41,36.98,55.11,6.58,79.49,mango
17.66,85.17,23.02,19.94,57.15,7.81,440.76,lentil
40.85,52.47,21.77,30.41,59.59,5.87,131.99,pigeonpeas
70.4,55.86,21.5,20.63,77.51,6.37,850.47,maize
102.46,35.46,51.37,26.16,68.07,7.3,170.5,sorghum
21.54,35.33,20.12,23.51,48.06,6.0,130.86,soybean
29.48,111.21,206.69,21.88,88.74,6.57,104.05,apple
127.47,82.68,45.19,30.95,88.94,6.11,1134.15,banana
35.85,35.62,24.09,26.16,47.19,5.86,790.89,mango
104.74,33.14,30.81,26.26,63.05,6.31,129.92,coffee
28.46,39.38,20.11,31.45,64.93,8.2,141.32,soybean
93.82,92.02,45.63,30.63,81.39,6.26,118.81,banana
56.46,63.73,24.19,31.85,68.93,6.98,56.76,blackgram
73.23,54.45,35.51,21.42,40.64,7.65,482.06,wheat
73.63,73.02,44.03,30.81,85.99,7.1,1142.85,papaya
32.83,138.3,203.1,17.52,87.56,6.46,698.41,grapes
34.59,73.94,19.61,25.49,64.23,7.09,73.73,blackgram
58.51,38.68,14.65,24.61,71.85,5.83,630.97,maize
29.17,30.41,29.16,24.54,98.31,5.65,2096.83,coconut
37.16,54.64,59.07,36.75,86.96,6.8,153.25,papaya
81.29,14.13,46.96,27.44,77.41,6.69,558.62,watermelon
78.28,55.09,30.59,27.35,61.33,6.9,607.19,sorghum
161.93,51.99,101.02,30.19,87.11,7.86,2130.2,sugarcane
110.01,30.82,20.38,30.9,66.25,7.21,80.3,sorghum
21.74,114.55,179.75,24.19,92.14,6.05,135.24,apple
36.67,83.72,70.06,19.51,22.64,7.39,792.36,chickpea
26.81,36.78,25.67,32.06,48.96,6.69,1071.65,mango
22.23,120.0,220.97,20.75,94.82,6.16,134.91,apple
82.96,62.94,31.65,23.7,36.29,8.36,172.84,sorghum
36.47,28.96,28.17,28.68,52.64,6.01,93.31,mango
121.24,101.97,45.97,27.85,78.62,6.18,91.85,banana
19.35,56.43,24.57,33.56,76.04,7.25,52.64,mungbean
102.76,42.67,30.79,24.45,47.76,6.45,739.91,wheat
66.28,47.89,36.69,25.24,79.13,6.54,188.8,rice
126.58,46.19,71.34,38.89,86.52,7.06,1211.57,sugarcane
35.94,55.27,14.14,23.6,22.64,5.64,73.54,kidneybeans
27.42,54.97,18.3,29.75,83.57,6.85,440.18,mungbean
39.66,30.06,26.5,26.02,89.58,6.05,120.78,coconut
113.66,22.9,47.01,26.2,89.02,6.9,27.03,muskmelon
14.28,29.19,35.68,24.44,86.25,6.1,181.22,coconut
149.18,80.56,85.11,29.69,66.81,7.47,1855.93,sugarcane
60.0,45.8,38.79,26.97,50.62,8.14,691.0,sorghum
101.85,44.57,37.62,15.11,50.09,6.73,736.95,wheat
81.65,32.43,15.1,38.05,56.15,6.43,171.3,cotton
121.26,93.67,58.08,26.16,75.37,6.34,105.67,banana
39.01,69.7,18.67,34.07,73.12,7.98,62.89,blackgram
29.33,114.69,186.76,16.34,82.62,5.72,82.29,grapes
124.14,29.99,48.31,27.19,87.32,5.93,613.15,watermelon
29.85,52.02,24.99,33.14,93.96,6.9,56.94,mungbean
88.03,16.98,46.56,25.09,77.39,6.55,63.34,watermelon
25.65,33.47,18.28,31.63,88.67,6.29,431.94,mungbean
16.38,56.87,18.59,28.21,64.73,6.9,49.34,lentil
20.41,53.72,33.81,23.97,61.46,7.71,89.68,soybean
75.09,48.13,43.76,34.64,79.98,7.6,231.31,jute
28.32,26.59,18.88,20.54,97.81,7.3,1169.13,orange
19.93,34.85,28.73,33.43,43.39,6.89,729.23,mango
37.95,133.49,209.72,24.0,94.73,5.55,907.68,apple
89.92,85.08,44.3,28.37,83.49,5.93,125.1,banana
46.12,55.29,25.19,29.42,68.76,6.51,78.86,blackgram
109.95,64.27,14.65,21.76,58.11,7.1,111.29,cotton
109.54,60.04,38.25,21.34,50.82,6.33,170.62,cotton
37.66,24.01,21.39,26.01,94.65,7.24,821.35,orange
30.13,11.42,19.89,20.38,95.78,6.01,1106.5,orange
19.08,16.38,36.94,33.23,52.62,4.88,110.03,mango
37.42,57.87,23.24,27.75,41.8,6.43,57.45,pigeonpeas
55.98,53.6,43.94,33.76,93.69,7.16,2244.14,jute
72.88,49.01,38.02,38.1,61.42,6.2,137.7,cotton
96.26,93.91,58.88,25.9,73.31,6.22,94.46,banana
19.67,34.77,18.66,31.18,83.89,6.39,646.62,mungbean
38.15,56.58,23.85,16.14,21.45,5.51,110.25,kidneybeans
78.83,29.96,56.22,29.93,96.73,6.65,350.0,muskmelon
113.06,33.88,43.99,16.97,41.44,7.66,90.09,wheat
72.87,28.18,49.89,34.2,54.58,8.69,138.64,sorghum
28.01,114.03,198.45,43.55,88.01,5.97,728.17,grapes
49.43,83.2,85.77,15.1,29.58,7.19,53.98,chickpea
69.79,48.98,51.6,21.89,69.87,6.64,57.31,wheat
60.17,57.41,15.29,30.99,62.25,6.61,81.97,blackgram
98.73,77.91,51.42,31.19,80.87,6.05,110.56,banana
80.46,19.71,52.14,27.64,85.13,6.19,54.87,watermelon
19.23,23.56,23.91,32.46,44.39,4.47,965.17,mango
115.77,23.63,35.68,27.86,58.16,7.58,107.43,coffee
62.35,55.91,47.17,29.36,91.85,6.49,2116.48,papaya
68.16,48.76,46.55,19.17,80.44,6.09,349.33,rice
41.51,67.2,16.08,19.38,19.6,5.98,1087.26,kidneybeans
32.92,56.97,16.88,34.49,71.71,7.47,63.01,blackgram
78.44,10.0,52.66,30.17,89.29,7.0,350.0,muskmelon
17.68,19.18,24.26,28.52,90.48,6.3,251.48,coconut
141.41,65.39,41.47,33.68,42.09,6.61,184.53,cotton
91.43,48.49,37.28,21.23,80.91,5.86,2800.0,rice
52.73,44.07,49.63,26.17,67.07,6.81,709.21,sorghum
19.21,26.65,35.72,25.95,91.81,5.99,1912.62,coconut
120.51,68.54,49.03,26.44,73.61,5.65,764.41,banana
94.72,40.62,35.98,19.39,56.44,7.25,500.59,wheat
107.62,82.54,47.36,31.06,74.4,6.22,833.7,banana
17.87,152.81,213.43,20.16,93.22,5.38,1182.1,apple
23.59,53.38,89.31,24.96,18.38,8.23,646.81,chickpea
116.12,31.85,48.83,26.35,84.44,6.0,47.64,watermelon
78.08,57.33,24.32,38.71,70.01,7.93,110.67,sorghum
36.92,44.99,16.25,30.4,76.33,6.15,543.83,mungbean
19.21,60.79,19.94,28.88,65.02,6.74,58.25,lentil
101.21,51.12,46.66,33.88,69.47,7.25,1429.43,cotton
26.41,62.89,20.03,23.3,63.16,5.72,704.5,mothbeans
92.98,25.52,37.42,26.1,69.08,6.0,208.93,coffee
36.79,54.85,61.2,20.59,13.6,7.96,666.66,chickpea
31.86,55.52,17.28,27.58,46.86,7.99,595.84,mothbeans
23.71,56.07,21.36,29.15,65.44,5.81,564.59,soybean
21.32,18.62,34.08,20.64,84.29,6.14,1023.22,pomegranate
79.22,55.02,32.54,27.57,89.45,5.67,2800.0,rice
27.38,52.54,25.18,33.23,78.4,7.2,62.62,mungbean
87.61,43.65,29.06,26.76,70.24,7.11,965.18,maize
38.19,53.2,34.86,24.08,65.26,6.21,64.44,pigeonpeas
68.49,55.55,32.34,23.59,78.39,6.18,2552.93,rice
26.25,22.31,20.64,10.05,95.04,6.81,122.04,orange
34.94,60.3,26.81,28.47,79.79,6.4,61.09,mungbean
70.56,63.46,31.47,21.13,55.98,7.39,46.8,wheat
30.83,26.28,11.93,22.1,87.79,6.85,734.36,orange
79.25,29.37,49.66,23.22,78.92,6.17,624.88,watermelon
16.78,83.2,23.24,19.66,19.26,6.11,1134.86,kidneybeans
117.13,68.6,24.05,28.28,40.37,7.17,100.61,cotton
37.1,26.31,36.55,26.08,89.05,6.86,947.87,pomegranate
75.91,69.73,58.65,24.42,86.08,6.65,102.47,banana
85.58,98.15,48.45,30.35,82.66,5.97,888.8,banana
88.87,29.66,59.25,26.97,90.48,7.17,627.62,watermelon
31.36,126.18,207.78,20.04,92.85,5.76,952.6,apple
37.7,47.76,72.81,21.42,20.56,6.85,417.08,chickpea
18.71,147.45,194.17,32.3,83.74,5.87,564.68,grapes
113.31,41.94,20.13,24.23,72.61,5.57,112.0,maize
34.84,68.05,88.01,24.84,20.82,6.3,78.47,chickpea
95.97,46.19,43.24,33.73,79.83,5.91,281.58,jute
130.68,69.48,79.38,36.57,71.73,6.97,2063.7,sugarcane
29.6,56.26,14.4,29.56,80.63,6.47,35.85,mungbean
67.13,50.98,32.91,23.62,76.96,6.08,75.84,cotton
80.63,88.29,46.85,25.84,78.55,5.71,130.06,banana
16.83,9.78,26.18,26.37,98.32,5.43,2368.66,coconut
20.48,14.02,44.91,20.38,91.98,6.67,765.8,pomegranate
21.8,31.91,37.17,31.63,47.41,6.23,91.53,mango
16.73,49.45,15.09,22.81,54.18,9.04,54.11,mothbeans
62.26,54.96,45.47,35.82,83.94,6.64,2800.0,jute
116.53,26.28,31.28,23.56,59.87,7.14,1129.0,coffee
77.97,25.97,35.11,25.87,68.32,6.12,179.73,coffee
102.05,15.84,50.9,29.27,89.03,6.07,32.98,muskmelon
122.76,22.71,37.43,23.72,62.23,7.21,2007.17,coffee
39.16,136.93,206.89,10.79,82.81,5.53,64.13,grapes
15.14,73.76,15.03,25.61,21.87,5.8,859.96,kidneybeans
76.33,51.62,37.35,23.78,96.51,6.34,1508.71,rice
71.08,63.78,22.42,22.45,69.9,7.5,172.26,cotton
19.74,63.42,17.93,25.31,57.32,7.83,58.3,mothbeans
45.74,84.21,87.11,21.96,32.48,7.79,351.9,chickpea
33.59,26.79,26.54,28.9,90.51,6.03,141.54,coconut
83.3,24.53,30.47,23.18,69.57,5.94,215.89,coffee
20.47,16.82,23.69,28.8,92.24,5.66,150.08,coconut
63.59,59.66,44.57,30.16,42.14,6.26,512.43,sorghum
35.27,120.38,195.75,12.32,79.56,6.15,62.72,grapes
83.08,14.9,46.74,24.38,93.44,5.99,507.52,watermelon
78.67,31.26,43.18,23.79,81.92,7.13,476.48,watermelon
70.22,51.92,21.42,28.0,53.24,6.62,905.66,maize
36.28,85.34,19.58,28.31,72.29,7.22,587.27,lentil
84.24,14.75,28.27,25.54,64.22,7.29,166.8,coffee
89.05,53.46,48.38,25.72,99.22,5.96,2588.3,rice
29.43,81.75,14.59,27.74,64.19,7.44,527.01,lentil
184.78,69.46,101.28,28.27,88.24,6.52,2597.45,sugarcane
31.67,24.49,42.24,24.28,87.16,5.76,98.08,pomegranate
78.25,15.2,49.43,25.13,77.33,6.14,645.94,watermelon
39.6,20.87,10.77,21.05,91.04,6.51,119.7,orange
42.86,31.5,31.59,26.79,92.16,5.79,120.2,coconut
80.35,101.86,41.51,30.88,86.65,6.2,107.18,banana
97.53,26.02,46.9,24.44,77.94,6.0,59.2,watermelon
75.18,57.39,44.9,34.67,91.0,6.7,1870.07,jute
72.36,41.32,34.28,31.7,93.48,7.03,1892.73,jute
95.69,38.71,15.95,23.99,72.55,6.35,84.18,maize
35.15,19.32,34.43,24.93,98.78,5.58,1769.4,coconut
98.12,42.53,39.07,28.11,55.7,7.51,375.65,sorghum
23.71,22.16,18.46,17.81,96.95,8.0,1180.61,orange
125.33,12.71,56.19,24.93,91.07,5.85,493.52,watermelon
14.02,62.64,20.71,30.63,38.68,9.12,74.43,mothbeans
91.43,33.03,33.46,27.81,66.88,6.86,178.89,coffee
22.89,52.13,54.76,29.62,51.58,7.44,115.78,soybean
94.28,23.55,39.67,32.45,55.44,7.87,112.13,sorghum
118.1,28.13,23.74,23.63,56.97,7.52,1591.02,coffee
15.76,16.69,33.21,27.43,57.42,6.61,1023.0,mango
23.82,79.41,24.59,22.02,21.56,5.34,90.44,kidneybeans
89.14,49.45,47.56,24.51,80.43,5.36,1770.31,rice
84.56,28.92,42.83,26.52,89.64,6.01,402.58,watermelon
115.96,24.57,30.69,28.77,57.71,6.49,1487.62,coffee
30.01,45.97,23.58,30.33,88.88,7.13,350.0,mungbean
41.45,40.13,30.56,25.15,47.5,7.0,186.37,soybean
78.97,62.45,42.15,25.39,66.14,5.88,55.18,wheat
36.65,130.42,200.64,19.84,85.33,6.23,791.04,grapes
20.98,58.1,15.16,24.63,54.04,8.01,27.9,mothbeans
73.32,56.45,37.12,25.28,77.01,7.08,302.61,rice
76.36,86.83,43.27,25.72,88.56,6.57,109.62,banana
59.43,59.14,57.57,31.71,50.51,7.45,181.89,soybean
45.6,52.64,63.55,14.79,21.64,7.07,98.39,chickpea
16.5,19.83,38.08,23.49,99.12,5.93,114.27,pomegranate
14.4,39.94,19.79,23.18,55.3,3.75,536.33,mothbeans
96.64,35.9,35.7,23.28,49.61,7.0,106.5,coffee
33.15,64.49,25.48,29.12,64.67,8.87,350.0,mothbeans
54.1,67.82,14.01,33.51,60.8,6.42,583.29,blackgram
114.26,50.62,89.99,39.08,66.62,6.59,1935.21,sugarcane
37.92,61.13,18.15,34.26,58.67,6.34,666.36,blackgram
38.69,67.51,19.94,25.88,60.68,6.32,57.26,lentil
123.5,55.14,93.47,29.17,58.17,7.01,271.75,sugarcane
17.8,11.39,30.81,27.21,99.89,6.26,198.01,coconut
76.61,43.47,47.47,22.73,96.81,5.64,220.36,rice
82.03,59.17,46.01,32.6,86.58,6.81,2192.52,jute
86.86,69.59,44.33,22.25,62.6,8.45,63.13,cotton
105.57,42.83,48.54,24.68,86.28,5.58,292.31,rice
103.15,61.0,34.96,33.35,58.0,6.02,121.59,sorghum
55.15,49.71,45.01,26.82,50.46,6.26,1058.39,sorghum
36.95,17.91,29.05,34.72,52.83,5.98,91.7,mango
23.91,25.69,30.53,31.48,95.58,5.75,131.79,coconut
19.84,32.68,57.38,32.55,46.91,8.1,584.7,soybean
37.83,16.69,25.35,36.76,57.64,5.67,89.68,mango
76.01,16.95,45.87,27.41,78.76,6.74,433.38,watermelon
60.77,54.88,48.43,25.77,89.97,6.34,1296.97,papaya
39.15,45.82,48.86,40.34,96.17,6.47,1414.53,papaya
57.26,83.71,64.82,16.99,22.93,7.14,56.78,chickpea
18.24,57.42,17.66,30.2,80.72,6.87,615.65,mungbean
89.63,24.61,59.01,27.36,85.21,7.19,39.7,watermelon
22.22,146.02,216.73,22.37,89.57,5.96,127.04,apple
27.99,69.48,24.81,15.4,19.3,5.66,140.41,kidneybeans
74.23,33.57,42.65,32.16,63.86,7.56,1216.74,cotton
90.21,27.46,44.8,35.83,41.29,7.71,670.01,sorghum
37.24,23.94,32.81,23.77,96.29,5.58,218.75,coconut
50.32,78.13,14.63,32.54,70.1,6.8,75.51,blackgram
21.39,156.07,182.66,20.95,89.71,6.2,1085.63,apple
50.64,58.25,42.18,21.69,38.83,6.42,462.06,pigeonpeas
41.37,17.92,35.39,27.15,96.39,6.22,188.01,coconut
20.21,84.09,49.6,21.45,47.01,7.1,542.14,soybean
75.24,56.79,47.56,19.01,48.84,7.45,50.64,wheat
52.69,66.35,76.7,16.34,32.27,6.8,78.15,chickpea
140.26,61.12,95.6,37.41,67.44,7.3,141.54,sugarcane
22.74,55.82,78.85,22.58,34.25,7.08,100.61,chickpea
124.72,18.09,50.42,30.45,91.35,6.97,350.0,muskmelon
108.53,62.72,29.86,21.78,58.96,6.71,58.88,wheat
94.29,35.48,48.1,24.76,91.44,6.67,221.5,jute
136.66,41.15,33.88,24.19,56.38,6.22,65.55,cotton
113.12,65.88,47.3,30.29,61.48,6.78,102.23,cotton
18.99,140.99,206.49,26.42,84.41,5.86,684.39,grapes
147.82,66.55,28.34,25.84,40.28,7.35,784.42,cotton
106.05,19.46,29.43,25.31,57.61,6.54,129.12,coffee
17.18,82.89,29.94,23.78,59.58,7.1,1241.05,pigeonpeas
105.85,20.08,31.86,24.38,66.3,7.18,174.67,coffee
23.36,48.63,53.02,22.57,74.74,8.15,64.72,soybean
20.15,83.22,25.64,18.01,26.35,6.12,81.02,kidneybeans
33.24,114.74,210.01,16.15,84.13,5.92,633.17,grapes
74.56,59.5,22.61,25.77,76.18,5.89,604.81,maize
192.66,70.4,94.18,36.07,73.66,8.24,220.63,sugarcane
41.08,69.45,19.02,22.46,25.17,5.51,574.5,kidneybeans
36.28,65.46,18.35,25.79,29.28,5.49,666.32,kidneybeans
118.99,11.26,46.84,25.85,90.09,6.99,25.26,muskmelon
99.04,50.08,34.35,21.65,91.78,6.39,296.77,rice
38.83,15.05,31.95,34.16,48.46,5.24,85.38,mango
154.69,55.14,84.36,31.65,70.77,7.35,213.95,sugarcane
83.88,34.42,37.55,24.06,64.57,7.28,1350.33,coffee
94.08,21.75,52.98,27.52,86.9,6.14,65.91,watermelon
16.2,146.48,191.16,20.73,92.83,5.77,111.27,apple
19.25,54.15,29.44,22.01,39.71,5.36,544.84,pigeonpeas
39.47,71.37,34.29,20.26,58.62,7.74,1038.14,soybean
18.07,147.11,203.97,10.14,86.34,5.68,80.47,grapes
108.28,33.55,40.24,13.74,50.08,6.44,350.0,wheat
30.05,71.87,15.11,23.76,30.1,5.36,116.8,kidneybeans
20.33,156.14,192.19,12.05,86.46,5.85,69.73,grapes
20.09,23.06,30.99,34.15,56.52,5.63,810.38,mango
22.2,47.9,14.04,24.29,39.63,8.38,350.0,mothbeans
42.84,22.07,36.6,23.78,97.21,5.76,212.38,coconut
18.21,10.07,20.6,21.3,89.42,7.17,744.58,orange
23.11,85.02,39.48,31.39,73.57,6.88,666.23,pigeonpeas
111.71,28.11,42.84,29.65,96.71,6.29,23.79,muskmelon
43.77,73.65,18.9,21.49,69.7,6.74,82.43,soybean
117.09,57.96,43.76,39.89,69.58,7.66,556.13,sorghum
95.37,37.25,17.07,35.65,71.52,6.06,160.72,cotton
32.16,61.51,17.31,19.08,58.62,7.7,350.61,lentil
43.18,22.1,24.03,28.65,98.58,5.81,207.57,coconut
111.78,69.29,24.08,18.98,55.02,7.57,523.96,maize
53.89,65.47,74.95,17.18,36.72,8.44,609.72,chickpea
122.0,55.93,48.05,39.54,67.19,6.04,919.6,cotton
37.64,15.58,33.38,30.02,52.78,6.42,104.05,mango
69.98,40.84,34.35,28.65,70.81,8.39,663.77,sorghum
20.33,16.39,13.02,30.73,88.53,7.23,1168.43,orange
123.04,45.8,45.68,13.97,58.49,6.62,78.66,wheat
78.43,32.66,33.44,25.37,87.16,6.0,1866.2,jute
25.09,25.28,28.83,34.42,54.58,5.1,699.82,mango
20.29,156.31,218.73,21.12,98.12,5.36,1140.57,apple
39.17,15.03,37.32,27.68,89.28,6.22,238.25,coconut
107.81,33.39,26.85,37.15,37.75,7.93,170.69,sorghum
40.32,39.39,19.67,28.68,94.29,6.26,484.97,mungbean
114.62,59.34,98.62,37.07,58.7,6.1,220.78,sugarcane
55.54,69.87,58.11,32.78,71.29,6.54,146.11,soybean
93.26,53.75,32.11,18.33,73.41,5.64,978.21,maize
13.97,65.7,20.45,25.56,69.89,6.54,530.73,lentil
112.66,82.0,41.55,30.91,81.73,6.36,85.11,banana
101.94,14.92,50.99,26.76,89.04,5.95,350.0,muskmelon
27.05,72.89,26.66,18.46,23.05,5.38,960.91,kidneybeans
34.46,116.83,203.21,21.89,95.5,6.29,1089.64,apple
38.59,32.34,16.88,19.23,87.9,6.63,1136.66,orange
45.9,46.61,56.13,45.03,95.98,6.34,1985.77,papaya
96.8,41.84,46.61,35.31,43.01,6.75,755.08,cotton
115.56,28.34,51.46,24.4,84.2,5.86,415.06,watermelon
31.78,60.78,24.48,22.23,29.0,5.73,117.49,kidneybeans
39.5,43.62,26.6,31.99,90.2,6.24,481.32,mungbean
16.07,80.78,14.38,25.47,29.77,6.02,131.38,kidneybeans
74.55,15.81,33.17,28.12,52.37,7.49,1318.8,coffee
74.41,30.19,29.2,25.88,52.77,7.32,140.1,coffee
41.2,51.17,23.75,21.55,23.27,5.85,725.16,kidneybeans
105.6,39.19,45.37,21.58,80.21,7.2,2168.33,rice
126.95,57.69,40.78,14.89,58.27,6.63,595.9,wheat
41.39,56.14,23.74,32.85,68.76,7.59,469.79,blackgram
112.91,79.08,51.37,24.36,77.38,6.63,1136.19,banana
36.34,112.51,215.38,24.29,87.41,6.15,134.27,apple
76.2,34.32,31.21,24.81,60.09,6.98,186.25,coffee
33.23,81.66,24.73,20.63,67.25,6.11,453.78,lentil
164.66,49.61,103.62,29.65,78.45,7.58,175.02,sugarcane
19.52,21.57,16.0,28.07,98.42,5.89,91.52,orange
189.42,46.67,57.05,25.99,62.6,7.45,176.02,sugarcane
14.55,134.63,189.5,20.03,85.77,6.31,110.7,apple
26.41,13.39,43.86,25.6,81.98,5.92,117.54,pomegranate
39.67,15.73,24.55,25.47,85.88,6.09,2122.1,coconut
15.89,62.03,20.44,33.41,87.78,6.25,60.1,mungbean
23.0,22.67,36.69,18.98,98.14,6.51,111.42,pomegranate
108.37,84.24,50.07,25.23,88.46,6.42,792.31,banana
125.49,66.68,30.35,17.78,67.4,7.41,547.72,wheat
20.45,51.9,17.04,18.05,29.57,5.5,654.1,kidneybeans
42.83,113.45,219.76,23.9,94.21,5.95,125.57,apple
30.33,22.66,26.01,35.51,55.3,6.9,867.31,mango
32.55,10.49,39.02,17.12,83.44,7.08,90.62,pomegranate
41.24,28.8,27.11,34.23,51.13,5.12,852.64,mango
52.59,66.94,39.4,31.71,78.5,8.15,173.65,soybean
30.35,62.21,32.7,26.89,48.37,6.49,605.95,soybean
23.12,63.24,21.8,27.05,56.44,8.43,80.79,mothbeans
33.96,71.51,21.44,35.82,63.15,7.76,524.23,blackgram
17.9,79.12,13.96,32.77,51.36,6.67,98.42,pigeonpeas
54.01,80.91,14.16,24.35,61.78,7.42,67.33,blackgram
22.42,52.61,33.03,21.91,55.28,6.73,177.97,pigeonpeas
81.75,41.18,19.02,39.65,34.01,8.57,768.27,sorghum
19.26,32.37,27.68,34.02,48.93,5.94,1037.41,mango
55.6,50.94,28.18,23.1,58.92,7.37,1024.4,maize
81.73,49.7,28.7,21.4,51.0,6.25,136.31,cotton
27.01,29.01,10.58,19.15,90.22,8.15,95.73,orange
28.34,51.41,26.11,27.28,82.08,6.71,407.86,mungbean
15.75,15.07,37.44,22.47,89.37,6.18,120.36,pomegranate
83.84,42.1,26.71,29.07,67.71,6.4,617.38,maize
29.81,31.33,41.56,21.93,94.38,6.55,881.87,pomegranate
39.68,141.58,180.08,42.39,87.96,6.33,65.57,grapes
42.53,44.3,24.49,29.83,58.88,5.71,62.62,mothbeans
14.65,21.27,24.64,33.72,52.27,5.36,697.19,mango
27.4,30.8,15.18,16.58,95.78,7.73,106.48,orange
31.59,16.44,33.1,23.93,98.67,5.64,1129.81,pomegranate
35.17,9.87,10.14,17.45,86.0,7.76,124.07,orange
32.51,143.5,201.3,24.4,91.49,6.03,100.99,apple
35.59,154.83,184.52,31.8,83.4,5.62,658.9,grapes
166.13,53.55,68.98,38.44,69.04,5.86,274.81,sugarcane
116.14,30.31,52.62,27.73,90.27,7.19,371.81,watermelon
41.14,83.88,21.7,25.54,69.29,7.68,55.21,lentil
42.48,76.06,14.75,34.12,70.19,7.32,761.83,blackgram
33.72,75.04,44.62,29.51,93.61,6.57,1834.53,papaya
27.85,110.82,183.84,24.29,94.4,5.98,135.94,apple
114.97,19.62,26.09,25.02,73.26,6.37,1841.11,coffee
98.23,87.19,53.12,24.22,79.8,6.62,119.05,banana
102.66,36.76,44.39,32.7,60.93,5.99,549.39,cotton
37.47,80.35,49.93,26.64,47.86,6.55,1294.12,soybean
37.93,123.61,191.28,22.42,82.88,5.48,69.54,grapes
17.25,118.45,218.02,32.93,76.37,6.29,756.07,grapes
44.32,75.05,46.39,24.21,51.47,7.84,1008.31,soybean
81.59,27.69,48.57,26.49,84.24,6.03,383.67,watermelon
72.53,57.11,57.23,35.62,87.68,6.83,253.45,papaya
24.51,60.27,23.93,19.68,26.37,5.86,121.55,kidneybeans
108.26,18.98,32.76,23.7,70.69,7.63,1139.67,coffee
39.3,64.69,24.3,29.86,67.48,7.41,48.53,lentil
24.59,18.67,19.33,18.08,90.98,6.02,1017.84,orange
117.47,66.54,59.12,27.92,73.42,6.39,104.78,banana
20.32,15.05,36.08,19.94,90.16,6.95,111.16,pomegranate
36.22,110.79,207.13,20.5,88.05,6.69,1312.26,apple
94.22,24.63,51.8,35.03,42.28,6.89,120.83,sorghum
95.63,30.83,56.43,27.63,87.16,6.29,20.68,muskmelon
129.09,22.41,53.42,26.37,92.06,6.21,350.0,muskmelon
39.73,44.13,18.13,27.66,88.63,7.31,55.05,mungbean
87.95,28.31,25.56,28.74,60.73,8.17,80.1,cotton
42.28,21.75,35.05,29.38,92.72,5.57,1891.87,coconut
62.36,73.12,23.13,32.89,59.05,7.22,618.42,blackgram
76.73,64.28,28.21,23.63,78.53,5.81,109.62,maize
115.91,22.12,49.19,29.65,88.76,6.61,23.43,muskmelon
31.66,28.85,25.47,29.94,90.51,6.65,247.69,coconut
48.28,58.99,15.87,29.29,63.76,6.36,69.21,blackgram
56.51,64.55,47.8,23.35,96.17,6.59,2239.16,papaya
40.76,25.7,14.43,14.22,89.97,6.99,126.87,orange
160.22,59.2,63.69,27.24,63.4,6.19,1492.78,sugarcane
36.94,53.76,46.58,28.34,85.85,6.77,192.21,papaya
40.51,14.83,20.95,17.29,85.54,6.48,125.85,orange
37.37,153.65,183.64,22.26,88.81,5.51,1199.05,apple
92.58,16.17,52.37,23.39,90.64,6.49,441.9,watermelon
83.9,30.95,25.36,35.1,33.86,8.49,111.35,sorghum
85.26,17.45,58.92,31.36,86.94,6.55,19.7,muskmelon
120.43,11.86,57.89,23.38,76.94,6.08,509.39,watermelon
38.19,28.16,10.28,13.44,92.13,7.85,104.05,orange
68.41,41.1,19.56,23.98,53.07,5.97,504.3,maize
39.33,78.32,24.47,29.25,64.96,7.17,77.66,blackgram
18.04,65.85,30.19,37.74,48.74,5.58,118.44,pigeonpeas
88.83,83.8,52.61,24.34,79.87,6.3,115.63,banana
56.51,52.23,22.25,27.29,58.06,7.87,81.29,blackgram
34.99,33.94,22.85,26.45,82.91,6.35,381.96,mungbean
55.33,58.95,20.69,34.02,71.16,7.15,65.6,blackgram
81.54,12.37,57.95,30.8,98.29,6.91,350.0,muskmelon
75.93,56.23,30.85,36.15,49.38,8.32,551.09,sorghum
96.48,42.61,32.83,39.58,58.67,6.2,1050.56,sorghum
111.72,50.07,41.78,24.2,55.14,6.55,566.26,wheat
16.37,147.05,198.07,19.87,87.46,6.62,68.53,grapes
114.92,70.61,42.02,24.09,78.04,6.01,128.69,banana
102.94,14.6,51.15,30.54,86.59,5.94,30.22,muskmelon
30.72,86.14,19.86,21.36,21.27,5.36,900.28,kidneybeans
83.67,62.49,25.98,39.85,42.24,8.37,964.66,cotton
35.54,85.11,17.48,23.25,70.96,6.34,361.2,lentil
126.82,64.76,26.78,14.6,44.43,5.85,55.56,wheat
52.32,79.32,29.92,31.24,63.28,6.81,636.18,pigeonpeas
94.8,9.27,51.83,27.77,88.48,6.33,37.85,watermelon
143.33,48.45,31.84,33.88,64.28,6.83,73.36,cotton
117.45,23.74,52.41,25.91,90.01,6.88,20.28,muskmelon
123.66,29.04,57.77,29.28,95.99,6.29,22.49,muskmelon
19.27,17.08,46.26,22.2,89.1,7.01,736.46,pomegranate
15.99,20.56,15.32,22.83,96.13,6.33,742.87,orange
38.74,24.41,29.02,27.95,93.38,6.52,1548.79,coconut
51.44,50.95,73.96,18.59,23.55,7.77,601.29,chickpea
95.44,43.61,21.6,25.91,62.16,6.27,163.34,sorghum
39.09,145.56,186.57,22.09,98.94,5.92,113.89,apple
20.45,62.22,26.43,28.25,40.93,9.32,350.0,mothbeans
54.73,53.04,53.33,32.13,54.34,6.96,75.46,sorghum
40.18,61.72,52.69,37.76,92.12,6.67,2380.7,papaya
42.63,44.23,17.52,30.29,88.0,6.93,350.0,mungbean
92.0,29.65,57.68,26.34,87.74,5.86,32.91,muskmelon
25.44,114.89,182.35,22.15,87.21,6.39,1076.27,apple
25.4,63.46,70.34,24.27,22.01,6.08,78.41,chickpea
107.26,27.99,38.02,31.34,76.6,8.43,168.34,cotton
19.12,19.52,30.65,30.79,89.93,6.15,2330.13,coconut
13.99,119.26,191.0,21.43,95.17,5.78,969.32,apple
50.95,57.35,50.97,39.31,38.19,8.69,362.9,sorghum
23.72,84.57,17.79,23.54,25.02,6.03,1054.54,kidneybeans
106.19,14.46,57.09,25.18,76.31,6.25,526.66,watermelon
16.97,128.22,183.09,21.25,94.59,6.56,1060.09,apple
36.56,152.5,191.38,11.4,82.29,6.67,62.86,grapes
20.09,145.5,186.04,23.13,95.51,6.29,104.55,apple
14.27,118.29,191.13,23.6,88.61,5.78,858.41,apple
15.17,83.17,19.16,25.03,72.19,6.73,60.42,lentil
42.57,32.86,25.67,23.56,62.44,7.38,119.99,soybean
42.66,133.54,188.8,27.64,85.1,5.38,610.9,grapes
152.46,59.57,80.06,34.76,61.67,7.11,267.25,sugarcane
44.76,53.28,17.0,34.89,58.96,7.36,68.91,blackgram
64.47,47.88,48.65,19.8,78.9,6.77,784.39,soybean
36.8,57.83,22.35,14.88,19.95,5.35,1152.84,kidneybeans
17.65,25.58,23.87,37.63,51.24,5.33,706.26,mango
75.93,34.67,29.58,24.64,40.59,7.62,763.17,sorghum
18.24,41.05,22.81,27.95,85.24,6.08,658.79,mungbean
28.53,53.47,14.37,18.15,30.63,5.83,667.01,kidneybeans
58.15,49.25,38.92,30.9,94.71,5.84,302.87,jute
42.57,69.64,57.52,26.61,91.41,6.96,2097.01,papaya
124.19,71.37,65.64,29.97,69.09,7.56,1627.93,sugarcane
72.0,25.95,38.12,30.25,52.89,7.05,175.36,sorghum
48.6,38.78,43.08,24.58,63.19,7.25,102.37,soybean
77.3,45.44,28.46,32.95,52.58,6.81,822.59,cotton
114.07,15.4,50.17,30.87,87.06,5.91,350.0,muskmelon
42.04,51.97,16.49,33.81,61.52,7.64,546.26,blackgram
35.39,39.86,20.63,32.32,65.14,5.32,586.03,mothbeans
20.25,85.88,23.36,21.47,67.99,5.91,104.5,pigeonpeas
35.11,34.86,20.92,26.99,61.25,6.62,366.69,mothbeans
16.45,136.25,185.89,23.25,91.61,5.76,919.84,apple
161.89,79.65,80.88,28.75,80.15,7.65,259.75,sugarcane
56.72,52.6,25.23,29.16,58.45,7.79,63.38,blackgram
30.67,90.75,37.69,31.86,40.9,5.41,1211.68,pigeonpeas
16.02,52.28,14.64,27.01,64.08,6.19,31.94,lentil
16.22,60.94,20.67,15.59,24.1,5.76,106.94,kidneybeans
29.91,66.82,18.03,25.76,19.89,5.66,79.98,kidneybeans
48.74,72.37,17.67,33.16,69.71,7.49,71.07,blackgram
26.51,85.05,73.9,23.61,25.06,8.64,46.92,chickpea
64.24,69.47,38.65,35.08,66.08,6.34,668.28,soybean
38.97,18.13,32.25,35.47,43.29,4.71,79.53,mango
25.55,20.53,33.15,26.92,54.08,4.55,104.0,mango
73.51,51.2,40.93,25.25,78.72,7.27,341.56,rice
22.04,28.05,30.06,26.03,44.19,6.37,105.65,mango
72.73,39.35,37.78,26.07,61.39,7.63,628.93,wheat
124.63,26.44,33.61,22.61,71.69,7.28,111.98,coffee
91.64,39.93,26.94,17.61,71.46,5.98,627.56,wheat
25.43,42.88,15.18,31.14,92.59,6.51,608.15,mungbean
39.7,14.49,36.54,34.15,46.58,6.91,977.94,mango
19.41,85.2,26.25,24.67,23.09,6.09,115.92,kidneybeans
23.51,34.22,16.42,27.67,54.96,7.58,674.75,mothbeans
35.11,77.25,16.97,15.02,25.69,5.88,97.62,kidneybeans
67.31,40.93,14.42,19.51,72.41,6.22,73.66,maize
60.47,41.97,34.66,26.69,80.3,7.35,2800.0,jute
84.51,56.01,25.32,23.28,71.15,5.66,602.11,maize
64.77,46.68,46.53,45.98,97.64,6.53,271.65,papaya
27.53,44.61,26.88,33.3,55.85,6.39,518.76,mothbeans
38.97,70.38,23.54,15.13,29.97,5.98,75.96,kidneybeans
22.43,33.81,24.21,34.25,47.29,5.0,891.41,mango
87.14,43.37,23.7,17.98,72.08,7.7,99.07,maize
55.93,41.98,56.02,39.69,87.18,6.63,162.75,papaya
119.83,54.54,72.01,31.86,66.53,7.35,2412.97,sugarcane
46.07,78.63,26.96,28.44,66.83,7.5,68.72,blackgram
35.31,115.22,199.35,22.1,84.01,6.13,67.71,grapes
37.79,45.87,14.23,22.97,61.78,4.42,350.0,mothbeans
74.83,55.22,42.37,17.66,39.86,6.79,91.98,wheat
88.01,56.1,32.86,24.67,87.04,7.3,333.23,rice
42.49,128.41,203.61,22.37,88.78,6.39,113.07,apple
22.44,144.86,194.22,11.45,83.1,5.55,78.34,grapes
131.43,42.13,14.86,22.86,63.73,6.36,77.65,cotton
100.15,49.92,32.89,21.69,96.76,5.34,177.43,rice
30.58,59.31,17.66,26.68,51.74,4.56,67.83,mothbeans
16.22,21.84,23.66,24.49,98.61,5.81,1976.97,coconut
27.63,58.97,14.22,21.71,70.15,6.33,57.31,lentil
97.19,41.15,24.16,28.21,71.17,5.72,54.82,maize
63.38,64.7,28.59,29.73,55.61,6.33,638.43,sorghum
43.03,49.81,23.64,31.35,77.11,6.42,35.97,mungbean
80.16,24.27,56.42,28.54,97.59,5.93,24.13,muskmelon
32.58,17.4,24.0,31.03,97.62,6.0,225.62,coconut
57.37,38.51,28.84,31.13,47.67,6.35,169.5,soybean
32.81,10.27,20.04,14.84,97.85,6.13,827.49,orange
128.83,68.52,58.1,26.54,72.78,8.11,1740.73,sugarcane
33.76,15.99,35.49,22.95,86.19,5.46,99.61,pomegranate
35.58,79.05,16.86,15.83,21.56,6.17,154.85,kidneybeans
20.85,59.93,15.28,26.94,62.58,7.35,56.06,lentil
39.13,78.11,27.0,22.1,72.11,6.98,58.57,lentil
53.95,67.3,72.95,24.8,17.4,6.99,405.11,chickpea
42.25,59.22,18.85,29.84,72.92,6.95,67.38,blackgram
102.08,13.14,59.02,27.18,94.62,6.77,26.43,muskmelon
85.3,49.32,33.46,37.6,89.25,7.47,2018.1,jute
88.11,43.18,33.01,24.61,98.5,6.92,329.84,rice
45.08,85.59,72.78,20.38,19.24,8.18,36.25,chickpea
39.14,24.94,33.78,35.29,44.11,5.68,989.5,mango
18.52,75.94,25.98,23.07,59.13,6.13,37.16,lentil
76.61,47.46,29.51,18.73,72.61,7.26,58.05,maize
26.14,73.64,18.56,32.08,69.65,7.2,870.24,soybean
106.38,50.7,37.88,23.99,83.13,6.34,265.94,rice
25.95,29.26,29.17,29.78,86.4,5.77,2023.75,coconut
115.98,79.43,71.48,38.28,76.38,6.04,1673.07,sugarcane
78.95,30.76,51.75,26.01,97.68,6.41,23.48,muskmelon
27.02,60.98,17.0,28.5,77.96,6.96,400.29,mungbean
57.83,75.97,25.08,32.93,72.99,7.95,61.42,blackgram
40.81,72.18,85.81,14.69,24.68,6.86,655.35,chickpea
110.99,85.14,52.52,27.2,79.61,5.85,86.12,banana
99.4,54.86,41.15,21.79,83.3,5.95,2680.83,rice
23.46,66.58,89.92,23.06,33.58,6.29,41.68,chickpea
54.36,46.98,50.45,44.27,91.54,6.79,1875.06,papaya
18.3,30.6,28.88,24.88,86.15,6.17,1846.95,coconut
22.75,72.62,24.28,28.26,52.96,7.11,721.61,pigeonpeas
17.74,23.64,26.24,26.38,95.75,6.52,1202.34,coconut
34.76,85.27,37.96,36.81,65.89,5.54,74.17,pigeonpeas
89.86,33.36,38.05,19.94,89.01,6.61,2518.39,rice
34.45,38.12,22.58,24.06,78.98,5.89,1292.63,soybean
88.34,55.82,35.48,32.3,79.17,6.78,2709.38,jute
69.05,61.91,58.27,44.54,87.68,6.83,204.09,papaya
21.78,135.82,188.5,30.11,76.9,6.61,759.13,grapes
43.41,57.16,21.09,26.55,66.82,6.31,796.79,blackgram
118.49,30.0,38.65,31.84,62.11,7.2,83.89,sorghum
95.68,45.41,14.17,18.36,52.89,6.57,78.99,maize
40.4,83.3,64.14,20.02,29.48,6.17,484.67,chickpea
130.19,85.24,89.47,31.8,73.04,8.02,2247.31,sugarcane
33.57,59.35,23.8,29.06,84.91,7.21,54.86,mungbean
27.81,62.79,26.02,28.01,89.22,7.0,622.04,mungbean
40.72,110.95,204.3,24.58,95.0,5.45,120.49,apple
19.69,59.6,40.77,27.83,60.54,5.9,1026.83,pigeonpeas
25.02,53.22,14.21,19.09,28.27,5.51,922.54,kidneybeans
28.29,73.98,90.12,21.41,28.56,7.37,759.19,chickpea
61.05,39.71,39.0,36.34,87.99,7.21,321.21,jute
55.93,68.05,17.48,31.49,63.93,6.39,62.33,blackgram
52.98,79.97,26.86,24.87,62.27,6.23,872.97,pigeonpeas
92.76,10.58,57.51,30.19,94.9,6.87,26.34,muskmelon
91.9,18.26,49.5,26.25,95.46,6.36,371.71,muskmelon
26.28,74.54,26.95,31.27,64.87,6.8,33.08,lentil
18.83,153.01,200.56,22.93,92.73,6.33,1168.29,apple
28.04,140.12,207.56,18.66,81.95,6.62,810.81,grapes
22.31,76.7,21.7,18.84,23.48,6.09,675.79,kidneybeans
35.79,50.83,19.45,19.09,21.21,5.8,83.72,kidneybeans
35.79,67.69,18.48,30.8,69.62,6.64,38.83,lentil
127.68,55.72,31.97,37.91,40.92,6.9,180.32,cotton
38.52,20.41,32.23,20.58,88.38,6.32,106.21,pomegranate
41.75,77.42,18.5,23.92,62.9,5.92,459.84,lentil
13.84,118.12,198.6,28.62,78.05,5.67,67.84,grapes
126.75,70.16,47.47,25.22,71.82,6.2,105.17,banana
79.29,38.71,40.98,36.74,87.14,7.19,1740.31,jute
66.1,50.05,36.36,24.93,90.91,7.15,237.91,rice
156.05,52.97,93.91,28.74,72.24,7.72,2706.16,sugarcane
39.39,123.6,203.98,24.3,87.79,6.24,116.03,apple
157.85,74.02,65.63,26.41,71.7,7.97,1221.55,sugarcane
49.26,84.11,75.26,20.49,28.54,7.41,474.72,chickpea
37.7,75.83,79.16,21.25,27.3,5.99,697.84,chickpea
122.25,30.05,45.84,23.27,83.83,6.4,51.83,watermelon
85.66,34.5,20.4,36.87,63.8,7.24,505.03,sorghum
19.31,67.05,25.08,19.56,61.54,7.24,55.87,lentil
93.25,34.66,15.81,26.27,63.69,6.56,733.75,maize
109.77,31.92,28.03,29.29,72.91,7.56,143.29,cotton
38.51,69.23,19.56,23.7,63.19,7.91,47.89,lentil
92.06,21.73,57.43,27.33,77.92,6.62,588.15,watermelon
75.12,22.5,48.75,24.78,90.29,5.91,518.2,watermelon
71.29,65.66,38.43,23.38,63.21,7.4,91.16,wheat
29.89,55.04,17.76,22.08,60.72,8.42,713.95,pigeonpeas
30.41,60.29,17.65,21.39,55.93,6.63,1102.38,pigeonpeas
23.85,68.7,23.4,36.42,70.87,6.9,107.81,pigeonpeas
100.06,43.02,30.88,28.71,63.56,6.67,84.25,maize
52.62,80.43,17.02,31.67,66.73,7.55,64.27,blackgram
131.68,54.54,41.99,34.14,63.99,6.64,139.77,cotton
14.22,29.5,29.93,24.54,91.4,6.55,135.71,coconut
71.03,37.88,44.16,37.48,78.89,6.49,202.36,jute
76.74,62.07,27.55,29.29,66.82,7.23,174.64,sorghum
34.68,128.08,205.47,20.14,85.28,6.01,671.32,grapes
22.73,59.66,26.49,32.53,47.98,4.24,350.0,mothbeans
28.97,120.76,203.05,31.74,77.17,6.48,557.4,grapes
80.95,42.75,28.69,38.71,47.68,7.21,457.41,cotton
85.0,58.3,23.93,22.54,55.92,7.39,88.33,maize
120.29,28.76,58.55,29.69,98.4,5.93,22.0,muskmelon
17.27,9.6,42.45,18.63,95.39,5.67,871.32,pomegranate
116.97,51.91,30.03,24.63,33.53,8.18,639.24,sorghum
16.44,13.01,12.85,11.65,93.44,6.27,92.55,orange
51.86,75.23,23.88,28.08,40.24,8.16,1263.05,pigeonpeas
38.0,28.09,20.93,32.03,87.93,7.97,103.82,orange
39.3,21.62,33.22,28.05,44.65,4.95,83.93,mango
32.73,11.03,40.59,18.77,87.84,6.69,110.36,pomegranate
27.1,37.74,29.69,26.81,46.74,5.44,108.58,mango
36.84,10.67,45.15,18.6,98.58,7.35,972.44,pomegranate
96.16,38.14,42.72,20.14,99.26,6.92,1878.97,rice
17.83,80.69,31.65,32.33,71.01,7.62,1103.61,pigeonpeas
98.95,49.33,36.13,20.59,98.8,7.37,2800.0,rice
115.05,12.65,50.27,26.79,89.66,6.14,44.74,watermelon
24.06,131.63,205.89,24.66,92.7,5.78,102.35,apple
124.63,58.37,20.24,36.4,76.84,7.45,1400.51,cotton
16.48,57.4,26.71,27.72,85.45,6.16,350.0,mungbean
90.92,15.54,50.8,25.68,76.59,6.54,654.48,watermelon
42.45,18.8,24.55,36.25,54.21,4.48,101.06,mango
75.13,27.17,32.34,27.32,65.75,6.68,1502.5,coffee
20.77,57.27,25.54,27.95,76.98,6.56,371.26,mungbean
118.1,48.1,47.99,14.39,51.98,6.1,562.28,wheat
75.84,90.39,58.32,30.59,74.49,6.04,752.75,banana
39.69,54.3,20.59,30.31,71.0,7.86,37.41,lentil
95.01,30.72,31.61,23.22,52.75,6.68,1501.87,coffee
61.73,58.5,21.83,35.62,67.57,7.38,64.75,blackgram
65.97,45.55,38.35,33.35,65.22,8.0,479.78,cotton
35.95,36.94,35.08,29.27,49.07,7.19,95.0,mango
34.06,59.28,19.66,21.61,20.76,5.77,612.43,kidneybeans
41.66,52.86,20.01,30.82,65.11,7.2,59.77,lentil
14.21,141.92,200.27,11.04,87.15,5.49,66.64,grapes
63.37,47.58,37.64,23.98,79.26,5.61,2034.88,rice
124.16,18.8,52.5,26.73,86.58,6.93,21.68,muskmelon
23.79,66.99,31.3,31.78,44.6,7.45,114.98,pigeonpeas
136.33,49.42,26.87,27.97,51.93,7.66,63.58,cotton
19.96,31.94,37.09,21.57,92.37,5.72,962.25,pomegranate
36.96,21.19,17.59,28.86,87.91,6.79,822.88,orange
123.26,13.89,29.67,23.24,54.92,7.67,1844.57,coffee
34.45,19.32,33.37,27.27,46.09,6.23,101.12,mango
152.44,86.33,88.85,36.23,86.81,6.57,252.89,sugarcane
38.83,11.94,41.06,19.65,92.18,7.34,124.55,pomegranate
86.09,61.4,43.41,16.64,65.58,7.48,654.49,wheat
86.26,62.97,44.18,25.15,56.7,6.49,1109.15,cotton
40.95,65.4,14.32,22.09,20.86,6.1,1008.09,kidneybeans
98.93,69.21,47.71,25.83,75.23,5.75,1304.21,banana
38.71,80.65,20.52,19.99,64.37,6.08,55.9,lentil
38.58,72.57,18.47,34.88,69.4,7.16,66.78,blackgram
82.34,42.46,36.27,23.19,64.0,6.34,426.3,wheat
40.97,69.11,31.62,26.31,61.69,5.41,1244.35,pigeonpeas
37.47,42.02,47.34,36.1,92.53,7.04,1909.93,papaya
47.11,60.32,20.9,22.25,67.8,7.68,151.71,pigeonpeas
96.44,38.05,50.98,24.0,42.61,7.7,939.54,sorghum
76.99,17.43,49.38,26.63,93.71,6.95,592.22,watermelon
96.42,54.35,20.55,21.06,65.28,7.57,118.12,maize
49.85,47.42,51.0,32.4,87.64,6.78,253.81,papaya
34.95,63.91,21.85,31.86,70.51,6.54,72.36,blackgram
73.23,72.39,48.37,24.36,89.3,6.77,2121.91,papaya
32.79,143.39,217.81,23.84,98.25,6.12,135.43,apple
65.7,27.46,18.62,25.63,45.38,7.77,149.5,sorghum
28.71,11.24,42.62,20.78,85.91,7.33,1033.49,pomegranate
42.36,37.7,20.08,28.15,55.93,5.11,350.0,mothbeans
49.9,43.2,32.0,39.51,34.64,6.71,83.01,sorghum
50.59,76.54,34.32,27.71,68.85,7.93,1215.38,pigeonpeas
101.87,36.24,36.14,21.77,96.83,6.32,2800.0,rice
33.74,52.53,24.2,32.88,88.06,6.39,57.8,mungbean
140.96,54.62,66.55,28.4,60.88,6.02,2054.3,sugarcane
20.77,44.39,26.89,31.63,52.81,6.85,57.84,mothbeans
64.63,46.01,34.34,27.05,82.86,6.27,1884.28,rice
79.04,14.93,48.37,27.78,93.57,6.61,45.61,watermelon
64.45,73.41,52.92,24.59,81.36,7.69,64.35,soybean
108.11,34.04,35.52,24.02,64.14,6.29,2027.18,coffee
52.01,56.02,21.77,32.26,67.69,6.86,170.36,soybean
18.62,20.95,17.8,27.29,99.33,7.89,109.67,orange
110.08,70.15,27.49,20.13,64.5,7.48,57.61,maize
71.28,54.72,38.17,33.27,83.95,6.29,2800.0,jute
88.52,39.68,32.45,28.22,96.24,6.56,324.94,rice
37.36,46.55,15.74,30.93,81.09,6.98,434.59,mungbean
29.87,117.37,190.8,26.62,79.1,5.47,82.33,grapes
80.11,18.6,53.28,23.9,92.23,6.37,592.83,watermelon
64.0,45.87,48.47,25.37,97.04,6.57,1567.06,rice
17.2,26.77,14.49,14.55,91.49,7.35,100.74,orange
24.41,16.6,32.88,30.04,97.21,6.49,2129.3,coconut
106.04,14.53,29.65,23.43,70.29,6.43,160.0,coffee
49.46,35.58,45.32,27.64,69.89,8.19,132.09,soybean
105.83,13.73,43.23,28.5,88.45,6.32,21.82,muskmelon
21.82,28.21,36.14,34.59,45.74,6.21,78.31,mango
44.28,76.32,56.45,24.48,69.23,7.39,136.69,soybean
70.87,67.5,23.77,35.17,76.8,8.19,83.03,cotton
93.72,22.22,45.2,25.72,91.79,6.18,54.88,watermelon
82.8,26.25,30.07,27.23,56.26,8.16,59.68,sorghum
16.09,43.75,22.32,28.27,49.13,8.37,459.33,mothbeans
40.24,56.88,14.07,27.96,65.24,7.18,560.31,lentil
86.4,51.52,32.4,28.29,98.62,6.09,2301.24,rice
149.88,64.6,15.09,36.57,70.85,8.5,1005.68,cotton
89.39,51.89,50.78,31.18,40.27,6.67,116.71,sorghum
72.5,38.18,46.48,21.77,98.04,5.49,2296.72,rice
94.82,18.95,55.5,30.6,95.62,6.31,357.95,muskmelon
86.19,30.5,33.22,29.19,57.68,7.2,110.62,coffee
23.99,19.98,29.47,36.56,48.31,5.6,1028.66,mango
192.54,53.75,76.53,25.13,67.78,7.04,153.58,sugarcane
60.27,53.62,58.54,21.08,48.25,8.17,1087.45,soybean
113.85,26.14,31.4,22.97,49.96,5.99,164.86,coffee
68.14,49.8,28.8,29.92,55.6,6.12,953.35,sorghum
23.17,51.06,18.15,27.85,42.47,9.5,478.59,mothbeans
128.05,68.63,58.97,30.58,79.48,5.46,1046.56,banana
42.35,46.24,20.34,30.65,85.63,6.76,617.58,mungbean
43.18,57.97,33.07,27.23,81.22,6.42,509.47,soybean
66.68,47.04,33.75,34.76,78.74,7.5,313.38,jute
93.58,53.26,52.38,23.8,48.51,6.08,350.0,wheat
80.51,35.28,39.88,29.74,98.49,5.84,2095.72,jute
109.2,66.05,29.81,18.85,74.38,5.55,618.78,maize
40.37,40.56,20.84,31.39,50.0,9.17,36.66,mothbeans
88.55,14.74,55.91,25.69,79.12,6.26,61.07,watermelon
101.72,38.54,43.92,20.16,81.76,5.89,1731.89,rice
51.67,74.62,23.03,24.3,62.5,6.82,79.97,blackgram
16.57,14.23,30.94,29.26,93.13,6.33,147.4,coconut
31.6,58.78,18.12,18.2,65.3,7.98,521.98,lentil
63.59,25.73,36.0,34.13,53.96,8.22,444.1,sorghum
21.76,61.08,23.6,28.72,71.37,7.76,34.84,lentil
104.23,65.83,24.23,20.16,56.64,7.32,80.21,wheat
100.76,28.07,26.0,36.44,43.98,6.77,1104.85,cotton
20.65,148.99,193.37,23.45,86.61,5.58,108.72,apple
32.23,69.32,84.34,23.98,34.32,7.5,48.31,chickpea
76.7,37.74,27.84,25.67,61.52,6.36,190.5,coffee
121.91,37.91,39.58,26.96,74.91,7.21,196.55,cotton
96.41,57.82,41.58,25.22,47.39,7.51,510.34,wheat
29.26,76.45,61.42,19.65,28.95,7.05,526.36,chickpea
92.71,85.27,52.76,27.89,81.75,6.22,831.56,banana
32.25,57.44,13.93,29.95,84.06,6.69,59.17,mungbean
27.38,30.46,23.84,23.82,98.49,5.96,1388.22,coconut
35.62,14.63,12.88,21.43,97.85,6.81,105.55,orange
35.24,50.87,21.04,28.12,59.82,9.34,45.16,mothbeans
26.56,59.56,77.72,15.66,23.25,6.9,564.19,chickpea
67.42,69.15,49.0,42.57,90.66,7.09,132.39,papaya
23.96,127.4,212.66,38.97,76.14,6.14,66.85,grapes
33.94,52.3,20.41,29.06,58.03,7.42,56.48,blackgram
24.41,156.59,203.18,17.61,79.52,6.26,66.34,grapes
34.87,57.12,50.16,29.08,49.77,7.79,110.46,soybean
31.84,57.99,20.8,21.07,28.87,5.43,154.74,kidneybeans
89.44,19.8,53.75,30.7,86.0,6.43,350.0,muskmelon
113.75,13.89,43.24,26.6,94.43,6.15,350.0,muskmelon
60.62,60.84,19.95,33.14,72.64,6.52,467.96,blackgram
26.69,34.92,21.3,22.88,42.22,5.66,55.09,mothbeans
21.31,21.73,27.44,28.6,91.46,6.53,2323.21,coconut
61.61,52.47,44.97,21.55,86.38,6.9,2522.87,rice
103.38,38.27,26.99,26.71,68.07,5.85,588.22,maize
18.82,56.05,23.55,28.71,39.34,9.37,368.04,mothbeans
81.29,19.15,29.52,28.28,71.08,7.03,137.36,coffee
29.19,58.83,14.58,27.17,72.19,7.74,56.29,lentil
36.79,145.53,215.3,21.46,88.48,5.75,1156.43,apple
22.04,77.34,24.16,20.37,28.36,5.76,1080.85,kidneybeans
16.73,20.46,34.32,25.79,81.21,6.39,992.78,pomegranate
49.5,52.86,21.79,35.84,73.16,7.93,61.84,blackgram
33.14,18.37,33.7,17.11,90.9,7.26,765.62,pomegranate
33.65,147.63,197.48,21.06,79.84,5.73,792.34,grapes
59.99,40.62,46.47,19.63,86.18,6.32,2004.18,rice
24.57,21.62,32.52,27.45,86.12,6.47,173.17,coconut
48.19,58.6,21.36,25.14,78.26,6.06,74.98,soybean
40.59,51.8,21.72,31.08,66.67,7.41,99.2,pigeonpeas
72.11,40.9,45.36,26.12,78.7,6.77,311.52,rice
73.76,34.45,22.51,23.12,44.92,7.28,167.56,cotton
36.45,77.03,20.42,26.93,62.93,7.74,350.0,lentil
76.22,55.16,20.17,25.64,48.75,8.35,108.12,sorghum
165.82,81.43,96.31,25.79,78.93,7.42,270.71,sugarcane
128.0,16.73,53.6,22.89,81.99,6.89,407.62,watermelon
33.71,19.45,25.87,34.57,52.43,6.84,99.83,mango
57.98,46.83,51.11,35.13,91.83,6.31,214.92,papaya
28.15,11.03,48.5,23.76,98.71,5.78,747.9,pomegranate
21.69,141.27,193.24,20.43,89.43,5.44,827.31,apple
122.43,45.34,46.48,22.75,48.28,6.46,66.88,wheat
37.92,146.92,220.5,38.01,83.07,5.63,625.61,grapes
38.62,41.4,16.35,29.65,90.95,6.62,625.36,mungbean
37.33,150.41,212.31,22.21,87.62,5.37,128.87,apple
69.18,64.38,19.99,28.51,62.06,6.37,866.57,maize
49.89,56.27,27.93,25.14,80.47,7.04,1238.3,soybean
28.19,86.31,22.8,30.28,66.76,6.69,52.45,lentil
98.01,91.07,43.32,26.29,88.38,5.48,116.99,banana
14.48,119.32,206.45,20.07,92.33,5.99,873.7,apple
110.65,9.95,53.28,27.24,95.15,5.94,28.87,muskmelon
16.09,58.61,22.91,17.11,63.82,5.96,570.46,lentil
34.4,57.57,77.45,24.71,16.36,5.98,70.93,chickpea
37.35,34.1,15.09,31.37,77.18,7.34,498.07,mungbean
89.68,49.36,19.96,32.79,44.52,6.84,178.63,cotton
47.78,56.44,34.57,28.44,72.08,6.66,174.73,soybean
14.7,20.4,23.33,27.38,52.5,6.41,705.56,mango
93.01,38.67,45.58,25.99,68.37,7.4,49.54,sorghum
66.75,38.1,40.93,26.1,43.07,7.7,627.81,cotton
30.08,144.45,189.74,21.0,88.24,6.51,1257.3,apple
94.56,98.73,56.08,25.44,83.16,5.9,1018.76,banana
140.65,85.69,89.48,38.78,78.18,6.57,205.99,sugarcane
92.47,68.64,43.26,30.71,84.33,5.82,1231.67,banana
91.33,16.24,43.2,26.24,99.58,5.93,350.0,muskmelon
51.36,63.68,33.32,36.48,73.74,6.21,1156.32,pigeonpeas
135.72,52.88,73.1,38.91,85.18,6.4,1884.41,sugarcane
121.13,92.35,42.87,28.95,88.08,5.5,100.38,banana
35.0,63.66,16.21,19.05,65.44,6.46,50.3,lentil
37.78,73.86,14.32,22.61,67.78,6.78,532.51,lentil
79.34,36.49,27.06,24.47,48.93,5.84,722.83,sorghum
121.79,21.73,50.59,25.24,81.55,6.16,545.77,watermelon
47.21,52.26,66.54,24.64,29.39,7.6,810.32,chickpea
22.46,60.28,15.1,28.3,49.23,9.34,80.19,mothbeans
24.71,129.97,188.35,37.8,86.02,5.6,759.61,grapes
102.19,50.08,13.93,20.53,66.99,6.03,1010.68,maize
84.87,71.77,46.04,27.74,76.97,6.5,963.95,banana
124.67,68.44,65.05,37.41,69.7,7.38,1495.66,sugarcane
37.72,30.44,37.79,33.82,44.43,7.14,975.12,mango
43.12,48.82,19.26,32.89,85.93,6.1,552.87,mungbean
106.08,10.16,49.88,26.0,92.62,6.97,47.23,watermelon
14.54,62.56,25.37,24.76,59.68,8.85,352.39,mothbeans
16.37,69.66,19.32,21.89,58.78,6.2,167.27,pigeonpeas
115.99,65.54,70.9,31.43,78.68,7.74,2430.22,sugarcane
37.92,129.31,179.83,14.37,77.67,5.65,76.76,grapes
20.78,77.49,20.61,31.07,65.7,6.33,45.68,lentil
121.59,46.12,20.29,29.37,68.32,8.61,1117.5,cotton
20.03,52.06,18.26,21.47,22.28,5.83,637.85,kidneybeans
27.25,63.09,22.97,26.01,28.38,6.13,140.42,kidneybeans
43.0,131.79,203.19,23.26,98.31,6.16,1006.73,apple
42.87,79.17,16.41,17.28,29.68,5.73,91.51,kidneybeans
60.96,73.04,14.61,27.66,64.16,7.92,496.22,blackgram
113.9,24.46,46.03,28.14,79.69,6.14,590.6,watermelon
28.24,84.74,68.35,19.53,17.84,7.55,352.36,chickpea
191.84,79.92,72.42,37.7,84.71,6.31,2347.14,sugarcane
113.03,44.04,47.3,31.68,41.86,6.71,69.36,sorghum
124.81,20.47,58.41,26.22,95.54,6.65,32.55,muskmelon
25.21,19.2,35.86,18.6,93.44,7.01,740.55,pomegranate
98.99,46.65,25.35,28.76,54.61,7.05,56.15,maize
50.86,74.76,21.63,27.59,58.13,7.97,66.42,blackgram
32.13,13.56,34.18,23.64,98.85,6.97,118.27,pomegranate
66.6,58.62,21.83,30.18,57.47,8.72,855.28,cotton
154.55,85.67,71.63,36.07,74.36,6.42,2439.73,sugarcane
102.23,11.41,42.55,30.56,87.69,5.93,350.0,muskmelon
31.5,142.55,209.49,25.09,98.07,6.13,110.7,apple
32.98,54.49,26.86,26.55,78.5,6.79,37.54,mungbean
142.93,58.66,81.25,29.79,75.79,6.69,1224.6,sugarcane
37.92,11.76,39.29,19.06,85.99,6.76,964.03,pomegranate
17.48,42.29,25.24,31.64,87.11,6.7,626.24,mungbean
67.57,58.23,27.17,33.97,46.41,8.3,1084.53,cotton
37.97,142.7,186.65,20.3,92.7,6.4,111.16,apple
29.87,64.8,23.14,24.1,26.2,5.97,125.14,kidneybeans
76.85,43.81,31.53,24.49,77.51,6.47,832.45,maize
37.7,56.52,14.21,30.72,54.18,6.03,54.24,mothbeans
111.47,14.59,52.52,31.43,92.19,6.44,20.94,muskmelon
45.75,47.14,77.9,16.6,18.24,8.11,680.33,chickpea
113.34,17.08,44.77,26.23,87.44,6.74,350.0,muskmelon
58.85,60.73,83.56,14.53,25.89,7.1,50.63,chickpea
64.32,37.62,43.45,33.45,92.7,6.06,2725.67,jute
86.97,23.79,51.25,24.7,83.43,7.02,59.72,watermelon
93.64,26.82,37.31,29.18,59.52,5.95,1467.75,coffee
40.26,43.95,38.77,29.32,69.16,6.38,947.75,pigeonpeas
39.02,19.29,29.87,36.4,44.8,5.73,862.06,mango
117.23,13.35,58.76,27.66,86.02,6.36,350.0,muskmelon
167.44,52.04,73.44,34.68,73.82,8.2,145.94,sugarcane
16.42,130.65,199.88,23.97,99.67,6.22,894.66,apple
144.47,43.77,14.98,25.84,47.11,5.94,1095.71,cotton
34.73,31.53,42.29,23.66,90.9,6.77,740.52,pomegranate
41.85,63.57,19.32,31.19,46.94,6.39,46.15,mothbeans
17.95,60.44,14.31,22.21,67.52,7.33,401.04,lentil
109.14,39.67,50.75,19.59,50.95,7.4,55.06,wheat
22.91,72.41,15.23,19.39,24.55,5.39,61.01,kidneybeans
35.44,58.04,25.05,15.94,22.29,5.93,101.9,kidneybeans
119.26,32.13,44.7,28.85,89.71,6.11,355.85,muskmelon
31.25,76.38,30.96,29.3,50.88,5.87,90.68,pigeonpeas
27.27,74.77,21.45,20.3,59.63,7.29,595.03,lentil
96.95,16.11,48.73,28.01,85.86,6.08,350.0,muskmelon
18.67,30.63,34.9,30.47,86.78,5.53,188.53,coconut
43.21,48.92,31.47,31.98,52.32,6.61,848.91,pigeonpeas
100.63,15.28,44.21,23.07,77.71,6.79,427.88,watermelon
31.9,69.29,35.05,35.42,48.47,6.08,177.57,pigeonpeas
58.64,75.5,22.2,24.39,69.27,7.39,781.77,blackgram
16.93,26.72,25.37,37.28,42.83,5.26,806.95,mango
46.95,73.07,16.4,21.5,51.99,6.21,166.86,pigeonpeas
21.02,29.33,27.51,28.38,94.77,6.39,149.62,coconut
25.95,112.08,216.76,31.19,84.75,5.69,742.18,grapes
181.73,54.89,73.41,33.05,70.16,6.27,1298.79,sugarcane
17.08,19.55,14.26,15.22,88.81,7.18,721.09,orange
34.24,22.53,17.71,25.17,94.48,6.0,117.15,orange
42.43,67.03,21.68,31.31,62.59,7.0,76.08,blackgram
89.25,36.18,26.62,23.68,51.47,5.94,91.11,wheat
41.4,84.69,21.57,18.47,61.07,6.08,431.18,lentil
52.29,66.76,33.11,32.75,68.02,8.16,179.51,pigeonpeas
18.43,152.88,193.97,22.22,85.54,6.13,1171.4,apple
98.29,18.81,56.85,26.74,89.89,6.84,350.0,muskmelon
127.03,10.36,43.88,29.78,92.42,6.09,356.39,muskmelon
69.52,47.9,47.36,27.06,97.28,6.06,221.75,rice
19.11,29.96,24.73,28.44,46.88,6.53,99.32,mango
86.64,36.71,40.91,28.26,76.27,6.56,281.26,rice
37.55,16.54,12.62,19.68,87.52,7.66,727.26,orange
29.92,21.65,19.33,30.75,86.75,7.25,131.65,orange
129.22,87.87,50.27,26.64,78.79,6.37,1147.01,banana
94.84,47.75,24.67,22.23,38.41,6.81,622.64,wheat
38.64,31.63,31.64,27.27,92.65,6.38,246.64,coconut
31.11,65.68,78.39,18.14,15.39,8.19,458.35,chickpea
42.57,149.16,221.29,17.39,84.39,6.49,648.37,grapes
40.33,34.43,27.81,34.45,56.29,6.44,697.05,mango
109.95,26.44,25.28,25.54,60.04,6.13,132.19,coffee
81.25,48.1,25.4,18.7,66.26,6.89,667.51,maize
82.62,38.05,15.26,32.92,61.95,5.93,1386.41,cotton
23.57,19.26,17.52,22.73,90.65,7.54,787.05,orange
36.11,41.46,56.28,35.96,88.12,7.14,185.02,papaya
41.16,126.26,209.73,21.8,99.08,5.79,1025.95,apple
29.44,19.92,35.21,22.54,87.21,7.29,108.5,pomegranate
29.69,143.89,218.58,24.1,88.24,5.72,962.72,apple
39.5,14.56,14.86,14.75,94.03,7.43,994.62,orange
100.3,62.27,19.01,21.47,66.35,7.69,55.98,maize
28.72,145.61,181.92,23.76,85.6,5.81,123.16,apple
79.79,16.13,51.92,27.83,94.4,6.96,18.7,muskmelon
27.92,60.26,23.84,23.69,58.98,9.48,350.0,mothbeans
22.29,28.43,12.14,14.87,98.3,7.35,792.45,orange
94.04,51.12,35.75,17.44,54.92,7.18,498.08,wheat
63.41,42.7,51.8,34.81,94.41,7.16,262.15,papaya
29.48,142.17,183.08,20.68,97.0,5.59,1153.5,apple
21.47,78.22,21.1,22.92,61.86,7.5,528.15,lentil
125.88,22.0,57.02,29.73,87.93,6.64,30.23,muskmelon
18.57,12.78,38.34,25.23,95.75,5.92,863.73,pomegranate
29.64,33.97,29.0,30.75,47.53,4.59,83.6,mango
45.95,58.7,51.34,20.86,80.14,6.74,1036.4,soybean
55.06,74.44,19.96,25.52,66.74,7.28,806.96,blackgram
110.7,39.73,42.75,15.14,52.02,6.31,92.3,wheat
28.79,62.46,22.96,29.44,83.21,7.39,350.0,mungbean
37.07,20.5,43.03,20.08,99.13,6.12,104.13,pomegranate
80.19,27.51,41.9,29.64,93.72,6.13,350.0,muskmelon
24.67,50.06,15.76,30.12,65.65,8.16,545.02,mothbeans
21.06,76.14,24.6,22.38,59.37,6.92,481.54,lentil
97.25,28.89,30.02,27.49,54.63,6.78,1193.51,coffee
129.5,53.29,21.93,27.4,45.06,6.31,1153.76,cotton
34.66,53.94,17.61,18.86,22.21,5.77,163.97,kidneybeans
84.26,55.27,28.4,34.32,60.11,7.72,103.26,cotton
107.66,36.39,48.53,23.95,58.57,7.75,1041.38,cotton
97.46,13.2,50.86,29.1,94.7,6.72,350.0,muskmelon
36.98,26.6,40.71,22.45,94.16,7.19,855.95,pomegranate
91.17,38.25,34.94,23.54,95.4,7.39,213.44,rice
79.53,68.27,23.41,25.71,72.66,6.31,116.89,maize
42.25,82.24,17.64,14.57,19.38,5.39,959.44,kidneybeans
145.61,62.34,80.6,36.8,70.7,7.77,2468.66,sugarcane
24.46,14.65,14.55,35.18,88.78,7.48,986.75,orange
108.33,32.23,36.38,22.43,50.2,6.09,104.57,coffee
36.5,14.99,44.82,24.27,81.13,6.68,105.74,pomegranate
30.38,51.88,14.4,16.83,19.62,6.0,478.3,kidneybeans
146.88,48.61,72.64,34.68,85.66,7.63,1308.59,sugarcane
31.0,25.93,31.5,23.85,86.53,6.44,210.09,coconut
43.5,53.57,40.5,36.18,48.29,7.95,166.9,pigeonpeas
124.65,16.93,53.09,27.67,88.22,6.17,31.67,muskmelon
84.28,30.65,55.24,25.69,82.12,6.06,58.43,watermelon
37.54,147.86,179.83,12.43,80.63,5.75,68.33,grapes
93.96,36.27,38.89,19.85,86.88,5.73,233.37,rice
49.25,73.9,53.72,33.02,53.04,5.71,77.96,soybean
33.89,33.74,37.76,35.33,45.7,6.33,760.48,mango
45.45,61.15,19.41,30.18,42.74,8.24,56.7,pigeonpeas
94.46,28.38,21.91,23.91,55.15,7.13,838.25,cotton
112.07,93.98,51.46,25.65,76.77,6.39,117.37,banana
32.44,34.15,35.06,31.71,44.38,6.28,107.81,mango
24.87,20.79,16.49,18.25,86.07,7.2,109.95,orange
30.62,66.35,67.1,16.01,21.83,7.61,576.85,chickpea
84.02,32.56,48.68,18.51,39.36,7.17,405.26,wheat
107.75,73.71,53.63,26.61,80.72,5.69,99.32,banana
128.72,35.81,37.74,15.1,65.81,7.15,57.75,wheat
108.54,37.15,23.54,22.82,66.0,8.01,161.13,cotton
67.86,51.95,44.52,44.08,95.85,6.96,248.39,papaya
28.46,155.15,188.95,17.63,86.77,6.37,718.0,grapes
76.93,19.94,23.84,26.61,55.07,6.16,201.09,coffee
119.35,33.81,25.92,29.16,63.8,7.61,1329.77,coffee
93.14,83.51,56.75,26.62,81.68,6.4,1205.92,banana
29.56,55.88,15.55,28.74,50.29,8.46,30.41,mothbeans
55.03,74.05,49.79,41.89,85.6,7.18,139.58,papaya
107.33,46.71,47.13,19.89,89.8,6.57,2800.0,rice
20.44,121.32,199.3,31.4,82.36,6.42,587.64,grapes
116.16,65.21,47.3,26.4,82.79,6.26,821.38,banana
33.06,23.21,36.3,26.86,43.52,5.58,101.7,mango
65.69,50.92,46.27,24.24,98.29,6.22,1548.07,rice
75.22,65.71,21.8,33.78,44.46,7.65,1310.95,cotton
92.34,19.06,53.61,27.13,87.38,7.08,55.14,watermelon
29.62,85.79,16.97,23.76,67.33,7.26,411.98,lentil
66.0,53.28,43.88,22.89,86.41,6.24,271.58,rice
23.19,23.96,26.73,30.11,92.47,5.74,188.99,coconut
14.07,78.59,15.82,18.33,60.14,6.3,479.48,lentil
74.62,36.39,24.16,26.42,56.54,5.84,111.26,sorghum
65.55,56.36,41.01,30.99,92.48,5.98,249.38,jute
84.13,65.97,32.36,20.65,63.71,6.22,813.62,maize
42.97,156.3,207.76,24.09,87.42,5.68,103.54,apple
30.25,65.47,18.06,16.38,20.82,5.77,1131.76,kidneybeans
25.33,149.9,207.41,20.78,85.53,5.48,501.3,grapes
134.07,63.83,75.34,33.76,61.3,5.92,1099.42,sugarcane
110.34,31.5,25.3,24.47,49.77,6.08,187.3,coffee
38.73,35.47,36.82,33.24,57.09,6.41,93.14,mango
30.86,67.84,20.54,21.77,31.17,5.39,653.18,kidneybeans
79.2,38.33,27.2,33.12,77.58,8.7,115.26,cotton
115.41,52.83,38.64,22.49,59.1,7.19,502.03,wheat
33.43,62.51,63.47,19.76,20.82,6.5,49.09,chickpea
36.03,139.26,202.87,17.95,77.97,5.84,704.05,grapes
17.21,116.6,187.48,18.23,80.62,6.17,512.63,grapes
64.68,38.76,52.63,26.08,67.92,7.46,96.45,sorghum
102.78,65.44,58.95,30.77,85.8,6.38,102.38,banana
39.3,54.65,44.88,32.12,57.59,6.97,76.46,soybean
20.24,63.77,20.68,26.35,61.02,6.33,42.56,lentil
41.21,65.53,46.15,43.42,94.49,6.6,151.21,papaya
40.82,126.11,208.77,42.19,80.01,5.59,73.9,grapes
36.88,79.5,18.23,31.22,57.42,6.56,65.54,blackgram
34.93,52.13,18.91,30.16,42.5,4.41,69.99,mothbeans
23.86,19.14,45.45,22.65,94.1,6.31,917.06,pomegranate
29.44,74.67,15.42,26.23,21.91,5.36,646.83,kidneybeans
38.59,50.05,16.06,34.3,51.97,7.1,143.7,pigeonpeas
110.04,43.46,15.8,24.02,57.94,5.55,91.4,maize
35.33,27.77,36.31,32.23,44.16,4.47,738.54,mango
112.98,38.77,30.07,37.46,73.74,8.57,701.64,cotton
84.49,34.97,28.67,28.23,73.83,5.45,503.46,maize
107.41,55.55,39.42,13.49,48.23,7.43,75.15,wheat
41.19,28.19,42.67,20.76,86.2,6.09,1148.14,pomegranate
90.38,50.68,41.77,38.68,56.69,6.19,822.57,sorghum
89.99,39.87,35.1,32.61,55.29,6.46,75.06,sorghum
25.42,39.12,17.46,30.66,91.06,6.28,33.34,mungbean
50.42,80.25,28.27,34.58,74.14,7.81,87.56,soybean
14.44,40.14,16.78,24.48,40.04,4.09,33.6,mothbeans
94.99,42.43,42.74,14.83,66.29,6.16,74.58,wheat
124.33,14.65,47.96,31.15,95.45,6.19,30.03,muskmelon
42.28,50.91,22.56,29.92,53.96,7.24,58.54,mothbeans
60.68,32.9,16.9,20.38,72.12,6.74,624.43,maize
26.06,83.1,67.63,23.68,15.06,7.02,631.95,chickpea
69.07,50.02,25.94,38.46,47.59,7.29,1099.6,sorghum
41.82,55.82,47.6,45.06,86.11,6.39,1445.0,papaya
34.95,52.63,20.96,18.62,20.0,5.39,1075.16,kidneybeans
38.21,20.36,29.59,29.85,94.57,5.36,2168.78,coconut
60.68,39.56,20.32,22.95,60.46,7.02,975.47,maize
87.9,60.44,36.41,21.37,74.66,7.31,1048.13,cotton
81.61,61.87,15.89,23.38,72.94,5.61,72.61,maize
101.57,66.63,46.95,17.79,49.39,6.99,69.84,wheat
105.03,10.59,48.64,23.99,86.04,6.66,578.94,watermelon
32.77,74.92,51.8,39.3,94.41,6.45,1229.15,papaya
105.11,56.54,49.99,30.1,49.62,6.63,39.79,sorghum
38.07,9.61,28.15,28.69,86.32,5.37,210.49,coconut
24.39,23.4,30.04,29.84,99.19,6.63,1636.62,coconut
26.95,24.66,24.45,34.56,49.85,5.64,84.22,mango
28.07,86.97,15.56,24.45,41.02,6.86,823.82,pigeonpeas
129.76,80.9,88.49,29.35,65.73,6.03,154.05,sugarcane
96.2,68.87,15.46,27.59,67.51,7.44,757.39,maize
84.19,22.49,47.28,27.04,94.36,5.94,561.88,watermelon
114.85,37.26,40.67,30.92,36.11,6.79,145.69,sorghum
65.54,53.18,44.2,32.62,63.92,6.51,958.7,cotton
82.68,33.78,31.17,24.16,63.88,5.86,1900.1,coffee
33.68,31.08,36.6,23.76,93.75,5.89,147.14,coconut
40.97,35.5,34.9,31.55,42.89,5.61,763.53,mango
14.97,16.25,10.4,20.0,95.35,7.04,123.37,orange
22.37,65.78,44.01,29.73,53.78,6.92,93.08,soybean
29.59,22.11,21.16,29.55,96.76,6.01,806.52,orange
106.3,75.82,54.23,27.91,74.24,5.85,84.55,banana
75.99,32.29,30.13,22.12,49.82,6.2,93.23,wheat
117.63,102.53,48.12,30.01,75.08,5.55,1197.43,banana
40.93,48.43,18.58,22.27,52.55,6.5,722.23,soybean
43.46,45.16,30.41,20.29,48.57,7.58,119.95,soybean
33.25,71.75,71.96,19.59,36.06,6.52,539.62,chickpea
21.26,45.22,43.09,32.73,41.27,8.22,92.87,pigeonpeas
64.47,38.46,47.83,26.96,82.64,7.13,327.17,rice
23.68,52.08,88.29,14.25,27.47,7.28,771.33,chickpea
125.01,50.84,30.98,16.44,42.47,6.75,84.74,wheat
107.99,34.68,26.14,35.36,41.19,7.63,1045.75,cotton
21.43,44.2,18.57,29.69,84.39,6.76,626.53,mungbean
98.45,22.79,34.76,29.38,71.25,6.83,196.35,coffee
63.91,49.89,42.82,44.13,99.42,6.62,208.14,papaya
32.03,121.65,204.65,24.93,86.64,5.66,67.04,grapes
53.67,23.02,30.61,24.84,47.24,7.12,47.56,sorghum
36.88,9.23,29.08,30.94,98.86,6.32,1444.58,coconut
50.53,84.55,45.47,30.62,52.79,7.77,62.41,soybean
29.94,18.12,31.81,25.75,43.03,6.66,96.32,mango
34.06,113.17,215.69,22.95,96.95,6.14,131.48,apple
19.41,47.88,18.61,33.41,79.92,6.17,51.29,mungbean
37.75,68.26,22.53,18.39,59.69,7.09,55.08,lentil
26.04,61.38,15.99,26.07,85.98,7.17,350.0,mungbean
76.86,39.42,43.25,36.86,99.71,6.49,247.68,jute
121.52,11.05,53.64,27.84,97.5,6.53,20.19,muskmelon
137.87,56.22,37.98,39.31,57.44,6.29,955.28,cotton
99.54,34.25,43.3,23.87,44.18,6.07,43.84,wheat
75.56,53.07,31.16,23.26,55.07,6.58,119.4,maize
92.4,27.96,46.5,25.41,84.74,6.95,653.3,watermelon
51.3,34.16,37.03,32.66,52.36,7.65,183.81,soybean
172.87,58.98,94.03,28.01,84.54,6.9,241.02,sugarcane
40.31,81.41,25.62,29.48,54.61,6.45,563.72,pigeonpeas
120.86,75.84,106.41,35.08,64.85,6.42,1895.52,sugarcane
97.41,88.97,46.37,27.7,89.09,5.55,791.5,banana
69.92,54.57,35.98,31.8,72.62,7.38,126.39,cotton
23.0,66.7,23.69,27.85,71.7,6.9,44.09,lentil
96.07,57.87,45.34,38.04,39.45,7.0,1062.47,sorghum
22.95,51.06,20.13,28.56,47.7,8.49,445.38,mothbeans
43.89,75.35,15.75,39.72,68.42,6.57,154.59,pigeonpeas
53.46,42.36,51.23,31.56,88.61,6.9,148.68,papaya
29.28,78.25,14.61,29.62,66.21,6.49,356.22,lentil
18.48,61.2,33.69,33.68,40.98,6.95,860.34,pigeonpeas
33.75,52.76,20.89,29.39,58.99,4.08,51.87,mothbeans
118.07,77.67,82.12,38.58,83.16,7.29,2362.97,sugarcane
24.88,60.79,24.6,31.07,62.42,7.54,466.74,lentil
113.43,51.73,21.4,26.62,64.63,7.54,688.61,cotton
42.35,24.55,33.76,18.94,98.57,5.8,97.02,pomegranate
23.52,17.71,36.78,26.22,96.02,5.93,2153.47,coconut
60.93,73.49,49.09,24.81,68.63,5.83,548.57,soybean
25.38,34.97,34.52,30.36,54.75,6.76,971.96,mango
33.81,18.22,19.14,11.0,88.4,7.41,772.34,orange
25.03,10.79,35.31,26.37,97.98,5.66,1298.29,coconut
63.72,69.02,57.07,43.26,85.95,6.65,224.26,papaya
29.64,120.26,208.19,23.51,86.75,5.8,1119.43,apple
65.34,59.38,52.35,40.65,85.51,7.01,237.19,papaya
14.75,56.22,19.0,23.99,44.97,7.2,745.14,pigeonpeas
28.17,30.9,14.58,11.76,91.83,8.05,964.52,orange
94.85,33.08,19.3,36.75,62.5,6.49,97.54,sorghum
42.85,10.99,42.18,17.35,92.85,5.96,955.04,pomegranate
72.07,54.9,49.77,45.99,93.47,6.57,217.02,papaya
88.45,47.98,45.17,25.79,78.09,7.55,2640.82,jute
30.52,12.34,21.59,26.22,96.03,8.01,953.9,orange
57.03,77.9,19.33,32.93,62.92,7.14,772.52,blackgram
27.1,70.74,17.04,26.21,19.36,6.08,1160.89,kidneybeans
58.59,64.86,20.85,22.0,66.62,7.08,85.93,maize
74.16,65.4,52.85,18.67,56.25,6.89,615.74,wheat
40.08,53.42,26.63,24.97,44.95,9.28,63.08,mothbeans
40.6,59.91,24.79,28.71,67.66,8.84,33.04,mothbeans
83.02,38.84,45.19,21.41,76.57,6.4,1536.55,rice
61.42,54.76,56.08,28.55,77.53,7.33,50.26,soybean
22.86,18.15,37.65,21.29,94.38,7.29,1079.36,pomegranate
17.44,17.41,19.58,10.85,99.22,6.2,943.2,orange
105.48,65.31,30.37,17.95,57.85,6.96,97.14,maize
17.69,23.51,23.2,27.4,48.88,4.66,948.17,mango
127.24,35.84,30.71,26.98,63.21,6.21,133.58,coffee
22.44,37.63,22.26,27.85,58.29,4.59,700.39,mothbeans
98.88,32.04,34.34,38.53,70.78,6.46,1103.53,cotton
56.11,46.3,68.29,20.41,28.67,8.24,51.74,chickpea
48.95,69.6,51.38,22.6,88.73,7.12,1120.58,papaya
15.85,18.46,11.65,31.94,90.3,7.31,93.04,orange
73.39,49.36,31.14,19.14,66.23,7.38,67.51,wheat
88.56,16.4,44.02,25.63,78.39,7.13,53.34,watermelon
91.02,28.33,36.23,25.55,49.87,6.49,1491.76,coffee
15.51,74.98,18.57,17.35,22.15,5.81,82.05,kidneybeans
97.33,59.01,29.57,27.11,40.69,6.42,96.6,sorghum
109.85,99.56,45.11,25.46,75.67,6.06,1177.36,banana
78.52,13.08,48.05,23.9,87.48,6.16,60.77,watermelon
25.09,30.49,24.57,29.63,93.61,6.15,140.59,coconut
106.62,82.16,44.11,23.93,80.52,5.65,835.23,banana
39.0,120.55,191.14,26.1,89.22,6.63,591.55,grapes
26.93,31.57,27.13,28.07,98.76,6.51,245.32,coconut
103.67,40.36,39.92,27.43,98.44,7.06,236.66,rice
20.41,19.08,43.72,21.46,87.71,5.72,124.59,pomegranate
114.71,58.81,71.49,30.41,61.77,6.33,1483.38,sugarcane
16.53,43.69,14.86,23.12,39.0,9.5,73.35,mothbeans
42.05,28.29,28.86,27.94,50.44,6.14,851.12,mango
61.43,82.82,25.28,33.6,59.06,8.03,768.98,blackgram
176.0,70.89,76.95,27.37,72.1,7.33,248.17,sugarcane
43.9,44.85,46.6,22.85,88.9,6.63,228.15,papaya
24.33,84.21,20.17,23.33,49.43,6.83,61.48,soybean
47.74,73.73,37.09,21.3,60.11,8.03,651.04,pigeonpeas
120.3,31.04,33.06,22.74,72.86,7.1,148.58,coffee
98.21,49.5,40.65,27.14,88.91,6.68,2511.82,rice
21.21,31.92,30.63,27.55,52.42,5.95,1072.28,mango
32.81,24.46,36.61,36.82,52.67,7.03,839.62,mango
28.87,22.07,17.38,12.89,88.95,6.32,850.34,orange
28.57,29.07,20.54,27.84,90.45,6.04,129.64,orange
40.48,10.63,42.18,20.46,98.74,6.78,1185.69,pomegranate
14.88,26.84,31.78,26.56,51.46,4.58,754.49,mango
60.96,54.93,39.09,34.63,97.04,6.77,1951.47,jute
92.52,38.12,35.36,18.14,67.04,7.6,675.32,wheat
81.15,46.81,43.52,26.83,80.53,6.26,2177.51,jute
78.91,74.53,53.2,29.43,86.07,6.03,861.74,banana
28.95,77.83,15.36,21.84,67.38,6.72,491.12,lentil
29.06,27.12,32.5,20.03,84.16,6.16,1200.11,pomegranate
92.41,31.34,29.63,22.57,69.63,7.48,139.73,coffee
19.48,31.64,36.9,18.97,89.36,6.02,116.28,pomegranate
47.93,61.54,35.09,22.54,63.77,7.17,1075.05,soybean
32.73,64.52,16.34,29.33,79.79,6.55,65.72,mungbean
19.3,53.76,18.85,22.08,28.24,5.83,773.05,kidneybeans
38.63,25.84,47.83,20.87,85.82,7.34,1147.58,pomegranate
84.3,49.92,21.65,30.59,52.56,8.2,536.75,sorghum
61.66,57.7,47.04,26.81,98.66,7.26,183.01,rice
48.49,84.72,24.8,27.93,65.18,6.47,67.42,blackgram
38.74,52.94,18.22,24.86,49.75,8.07,46.97,mothbeans
31.31,52.34,24.02,20.87,27.14,6.09,130.6,kidneybeans
57.47,43.86,45.3,32.89,47.97,8.0,128.16,soybean
100.73,36.19,52.87,30.42,45.87,6.19,759.76,sorghum
94.01,36.27,27.65,26.93,58.56,6.42,139.11,coffee
103.65,52.16,14.54,21.46,51.23,7.56,889.72,cotton
91.98,58.21,39.87,34.48,94.35,7.51,2800.0,jute
88.25,44.16,44.2,25.25,83.31,6.27,2574.6,jute
21.66,60.95,23.18,32.48,44.4,4.21,378.0,mothbeans
31.67,43.74,26.67,27.63,59.3,4.29,28.83,mothbeans
111.94,19.2,55.83,24.01,86.64,5.85,464.38,watermelon
101.21,13.74,47.6,28.55,87.68,6.02,24.09,muskmelon
67.74,57.94,43.32,40.29,88.82,7.04,1085.81,papaya
135.18,64.97,26.33,36.6,73.55,7.24,129.32,cotton
34.2,35.59,50.75,31.48,59.85,7.79,708.64,soybean
84.46,14.4,51.15,26.55,90.51,6.28,350.0,muskmelon
90.32,41.81,42.16,30.63,88.76,6.54,2800.0,jute
108.83,34.57,28.53,24.78,51.49,6.42,1830.98,coffee
130.44,34.49,14.68,22.63,78.62,6.44,144.39,cotton
114.98,79.95,80.52,36.47,82.8,7.38,2449.98,sugarcane
45.69,68.34,45.2,30.54,95.84,6.77,1892.84,papaya
84.21,50.38,42.34,24.81,78.76,5.54,175.2,rice
38.13,146.72,195.59,34.41,80.11,5.42,79.85,grapes
127.17,27.28,46.7,28.99,86.2,6.31,350.0,muskmelon
34.74,22.7,11.22,30.07,86.99,7.26,118.87,orange
89.03,86.74,48.89,29.59,82.43,6.08,756.62,banana
40.17,45.22,14.78,28.91,79.75,7.0,650.4,mungbean
41.77,57.55,22.79,27.13,83.27,7.0,359.17,mungbean
35.12,23.3,28.39,26.05,54.65,6.45,981.05,mango
21.85,76.79,19.32,24.31,71.45,7.44,54.14,pigeonpeas
107.71,47.67,17.32,21.16,68.27,6.31,77.41,maize
21.69,9.92,9.91,14.1,92.96,7.4,1079.15,orange
35.1,13.71,44.81,21.42,88.02,6.59,731.83,pomegranate
75.24,88.46,54.36,24.47,82.61,6.62,83.13,banana
108.96,52.55,36.6,20.19,61.57,6.57,39.58,wheat
83.34,57.11,41.43,25.75,86.98,7.12,258.73,jute
124.12,63.63,41.9,19.85,42.13,6.46,726.31,wheat
19.41,76.04,26.68,18.25,72.54,7.77,408.76,lentil
36.33,50.27,22.27,31.55,60.79,5.96,60.74,mothbeans
31.31,54.41,21.08,27.46,87.76,7.02,555.04,mungbean
24.07,63.26,23.35,24.18,67.95,6.39,535.84,mothbeans
25.53,126.8,189.04,20.51,95.17,5.92,122.69,apple
40.78,78.59,33.35,32.01,59.49,8.29,1299.61,pigeonpeas
24.34,31.67,13.24,11.14,85.8,7.03,112.36,orange
37.99,64.33,19.19,21.78,23.36,5.6,624.87,kidneybeans
80.16,56.06,41.87,32.17,56.21,8.68,1300.78,cotton
126.65,29.79,33.14,22.46,64.26,7.6,2073.77,coffee
29.75,69.05,16.76,15.52,22.36,5.62,968.49,kidneybeans
22.04,80.84,19.79,20.13,30.29,5.87,1016.17,kidneybeans
82.69,37.35,36.96,28.33,91.79,5.86,207.53,jute
42.19,57.89,19.54,26.27,81.14,6.39,513.51,mungbean
81.18,39.12,42.79,27.38,81.06,6.67,250.24,jute
25.88,39.37,20.45,27.63,85.26,7.3,58.83,mungbean
80.74,24.94,57.63,24.29,76.95,5.96,53.64,watermelon
112.62,52.9,50.69,31.29,67.3,8.36,1060.18,sorghum
96.13,88.68,49.56,30.08,75.42,5.93,900.91,banana
56.73,73.85,76.39,17.57,22.45,6.48,538.53,chickpea
79.25,15.24,45.26,27.34,87.53,6.12,45.71,watermelon
36.39,15.71,37.37,36.5,46.54,6.02,108.49,mango
39.57,46.26,39.83,21.28,47.19,6.95,586.83,soybean
92.73,67.93,44.34,20.89,71.26,5.88,45.64,wheat
21.86,115.05,191.64,24.81,76.71,6.0,626.59,grapes
81.8,16.71,47.0,28.34,85.19,7.09,522.78,watermelon
95.65,45.82,48.37,24.72,86.13,6.8,278.92,jute
42.87,139.62,193.01,23.2,95.02,5.83,870.13,apple
84.57,35.07,41.84,30.09,79.6,6.21,2533.23,jute
24.5,13.89,11.43,26.81,94.51,5.91,740.79,orange
20.07,15.48,24.76,32.81,43.36,4.88,1088.34,mango
42.91,23.33,28.14,28.08,91.45,5.57,138.85,coconut
116.33,16.93,36.15,23.65,63.0,6.54,1269.62,coffee
129.13,63.25,64.85,30.45,68.19,7.69,2028.91,sugarcane
23.1,85.28,14.62,21.98,57.41,7.82,526.38,pigeonpeas
103.59,24.59,48.09,26.34,90.41,6.92,360.4,muskmelon
102.04,24.5,53.39,23.83,93.19,6.27,48.73,watermelon
34.11,63.1,49.95,39.57,86.43,6.93,1351.55,papaya
31.79,41.93,16.22,25.39,60.92,8.04,639.8,mothbeans
103.17,45.68,47.63,21.16,84.04,7.33,2800.0,rice
78.49,25.76,38.5,36.84,39.92,8.14,440.22,sorghum
32.14,24.2,13.28,27.97,89.44,6.76,127.61,orange
31.27,26.53,28.26,27.04,99.85,6.42,145.68,coconut
41.3,73.19,30.48,32.06,55.03,8.11,1134.0,soybean
112.15,25.06,48.33,23.49,92.82,6.62,49.06,watermelon
23.53,125.52,217.43,11.64,83.15,5.89,65.63,grapes
72.79,43.06,45.14,20.48,77.77,5.98,2800.0,rice
79.93,99.24,59.15,27.56,80.92,6.42,117.94,banana
27.4,24.42,36.63,31.01,57.47,5.15,718.71,mango
96.71,42.97,25.78,18.99,59.63,5.88,571.22,wheat
101.18,16.98,44.95,28.42,93.37,5.91,26.88,muskmelon
112.52,50.03,18.5,28.02,74.85,7.7,536.35,maize
46.87,63.59,41.62,34.88,88.8,6.71,165.92,papaya
82.53,68.08,38.8,22.46,63.28,7.07,42.09,wheat
84.02,34.7,34.46,20.96,85.53,5.63,265.55,rice
107.41,22.37,48.51,28.82,88.29,5.89,350.0,muskmelon
110.97,23.62,52.54,26.22,85.27,6.67,530.83,watermelon
34.41,58.25,42.6,29.52,88.97,7.01,1221.04,papaya
15.29,76.96,14.06,27.14,66.02,7.99,350.0,lentil
16.27,14.64,27.0,26.01,90.63,6.66,1991.74,coconut
67.46,64.69,58.19,28.22,97.05,6.93,1861.62,papaya
37.85,127.84,210.7,38.57,85.78,6.49,690.99,grapes
32.12,120.85,192.48,12.73,80.24,6.34,62.45,grapes
33.24,61.95,25.18,25.71,56.34,6.55,78.0,mothbeans
41.14,66.88,24.11,31.66,43.54,6.85,79.88,pigeonpeas
57.4,55.96,16.79,34.96,65.02,7.4,59.97,blackgram
23.8,22.02,41.79,23.84,84.69,5.51,115.01,pomegranate
39.89,58.78,26.32,30.4,67.0,6.95,72.9,blackgram
96.9,46.64,25.66,17.58,63.42,7.57,108.86,maize
29.84,51.17,34.64,35.38,50.27,6.79,94.38,pigeonpeas
33.12,11.42,18.82,27.23,87.75,7.49,1096.08,orange
35.04,54.69,16.59,18.72,19.18,5.97,107.14,kidneybeans
75.28,50.26,48.72,31.77,99.36,6.78,228.8,papaya
51.4,53.3,26.43,36.71,73.05,7.42,727.82,blackgram
34.24,14.6,37.79,29.59,48.55,4.68,91.83,mango
80.18,37.31,20.59,28.47,44.22,6.85,113.1,cotton
39.47,13.43,14.74,27.02,96.12,7.49,114.78,orange
77.05,52.88,39.43,33.49,82.23,6.99,1987.55,jute
35.53,31.21,40.26,22.24,89.51,6.09,120.0,pomegranate
44.16,76.09,77.05,22.06,31.05,6.66,99.82,chickpea
24.35,14.02,32.43,30.17,92.83,5.47,1957.34,coconut
74.15,20.29,52.28,26.71,96.17,5.93,350.0,muskmelon
22.83,54.04,43.57,22.14,73.79,7.23,131.77,soybean
38.0,151.18,217.8,22.14,83.79,6.4,637.74,grapes
53.25,46.85,50.98,29.77,47.41,6.49,1035.25,soybean
14.56,12.9,36.91,26.8,92.73,6.33,1972.46,coconut
122.09,29.71,57.54,27.95,89.1,5.85,350.0,muskmelon
32.96,29.08,28.77,24.66,97.08,5.74,130.86,coconut
112.28,83.67,78.24,37.36,70.84,7.17,1451.62,sugarcane
126.22,66.52,91.26,37.41,62.75,6.64,223.72,sugarcane
23.26,136.7,189.62,30.0,78.51,5.67,68.73,grapes
110.64,29.72,47.96,25.61,91.56,6.21,48.21,watermelon
52.28,70.21,24.7,30.44,69.22,7.26,489.06,blackgram
72.08,41.03,41.82,35.96,78.6,6.47,237.17,jute
25.22,132.6,180.0,30.93,85.25,5.54,648.23,grapes
77.32,40.66,42.94,26.81,89.38,6.59,240.98,rice
62.21,45.13,43.2,25.49,91.36,7.39,2164.82,rice
105.83,26.14,46.54,29.48,97.44,5.85,23.18,muskmelon
27.94,131.01,196.86,23.15,93.62,6.55,1246.23,apple
46.16,62.36,20.12,26.13,49.8,7.67,80.2,pigeonpeas
30.45,117.39,220.2,21.72,86.12,5.36,864.24,apple
24.0,78.43,87.31,17.55,15.52,6.03,410.83,chickpea
42.84,80.38,26.18,27.27,62.93,6.33,67.63,blackgram
112.84,18.61,50.08,26.2,96.04,5.86,382.1,muskmelon
112.0,59.41,23.19,19.8,78.62,7.26,117.43,maize
132.55,41.37,46.11,33.11,54.46,8.61,134.17,cotton
96.1,59.85,33.45,22.43,71.48,5.86,77.6,wheat
40.89,46.71,25.56,32.78,76.45,6.38,561.97,mungbean
99.29,53.68,47.95,22.47,78.63,6.13,166.74,rice
112.87,22.44,32.87,23.85,72.62,7.06,1236.69,coffee
109.87,17.61,43.17,25.73,84.56,7.07,45.1,watermelon
19.68,51.64,25.25,21.35,78.93,8.18,685.85,soybean
38.21,25.58,10.44,32.38,91.77,6.5,99.06,orange
19.1,63.71,14.69,32.19,43.41,3.96,369.64,mothbeans
98.36,86.82,57.28,27.19,86.13,6.65,1293.95,banana
34.75,59.3,23.99,31.58,82.62,7.31,55.09,mungbean
16.57,66.02,19.2,30.49,61.8,7.9,507.13,lentil
37.87,17.03,18.54,31.27,86.63,7.49,119.65,orange
17.33,113.93,199.75,9.24,83.57,5.58,616.1,grapes
113.21,25.62,36.79,24.36,49.74,6.55,1550.53,coffee
40.89,20.29,29.3,27.49,48.13,5.2,89.22,mango
108.07,36.13,28.53,16.48,60.89,5.84,45.97,wheat
24.3,44.58,14.79,31.5,79.77,7.1,605.65,mungbean
82.83,14.44,24.65,25.11,56.98,7.33,1199.86,coffee
82.21,39.9,48.17,22.85,71.0,7.77,641.86,cotton
29.69,82.95,14.28,38.66,60.75,6.57,721.96,pigeonpeas
29.6,69.43,24.97,29.97,59.28,7.81,772.1,pigeonpeas
42.23,27.15,28.12,34.47,54.91,6.82,956.51,mango
24.22,57.65,22.93,27.31,41.0,4.06,471.47,mothbeans
60.22,68.73,53.34,37.12,88.56,6.64,166.13,papaya
41.94,40.87,46.15,23.98,59.69,7.89,781.05,soybean
35.29,30.75,46.83,19.28,93.48,5.63,100.92,pomegranate
22.22,61.05,23.77,29.39,82.76,6.1,642.34,mungbean
87.71,16.95,48.18,28.08,96.12,6.17,29.84,muskmelon
32.25,44.31,18.4,27.99,53.74,5.68,167.7,pigeonpeas
82.7,78.45,54.06,30.12,71.95,5.34,846.77,banana
105.13,23.88,33.44,27.86,58.05,6.77,1169.45,coffee
91.39,32.72,32.45,28.69,78.69,6.41,328.64,jute
70.05,48.78,43.42,29.61,41.58,7.27,127.1,cotton
34.99,15.09,33.49,26.38,52.61,6.22,77.19,mango
74.85,14.95,55.89,27.53,92.21,6.87,18.79,muskmelon
98.47,66.1,55.28,24.13,82.65,5.43,109.84,banana
98.04,33.7,18.76,22.46,56.54,7.5,760.87,maize
86.34,27.71,52.81,26.28,86.52,6.13,32.46,muskmelon
108.67,27.69,34.61,25.86,71.69,7.19,132.15,coffee
97.81,43.15,36.96,20.74,78.27,5.95,2074.26,rice
19.89,151.46,187.1,26.76,81.41,5.66,66.04,grapes
22.27,32.56,23.87,25.95,50.87,6.08,834.32,mango
106.69,39.38,20.23,19.09,56.14,6.57,94.42,maize
35.12,63.9,14.76,26.22,70.19,6.93,479.99,blackgram
83.9,39.27,44.24,36.59,66.9,6.3,682.79,cotton
18.24,44.78,15.78,27.27,63.3,5.8,125.51,pigeonpeas
42.88,61.71,17.56,27.43,65.64,7.54,61.77,blackgram
89.46,9.77,59.27,27.87,89.73,6.21,64.54,watermelon
63.69,60.35,17.41,26.75,72.85,7.52,75.2,blackgram
56.0,32.73,40.75,31.05,70.35,8.03,144.43,sorghum
32.82,53.15,24.51,32.79,89.12,6.73,40.78,mungbean
90.91,82.5,43.9,24.27,87.25,5.63,879.08,banana
173.48,54.55,56.86,38.03,60.26,6.69,220.55,sugarcane
107.15,85.52,44.4,26.45,82.21,5.43,857.88,banana
77.55,38.84,36.87,37.8,92.71,7.58,2800.0,jute
32.75,52.52,15.37,31.01,87.49,6.04,378.66,mungbean
13.84,134.09,221.12,24.14,98.39,5.81,999.42,apple
87.47,37.6,41.64,31.16,88.28,5.95,2319.1,jute
30.53,25.82,10.17,29.54,91.83,7.01,114.27,orange
29.72,57.9,19.45,27.27,44.13,3.67,597.63,mothbeans
94.32,35.68,43.29,26.05,82.34,7.12,165.36,rice
68.11,39.78,37.74,33.11,82.56,6.66,2331.79,jute
36.21,48.59,57.56,23.93,61.31,8.09,1202.81,soybean
15.84,70.32,14.9,19.67,20.31,5.71,60.32,kidneybeans
37.38,53.16,23.27,28.71,48.56,7.2,54.58,mothbeans
69.31,55.68,53.63,32.16,96.1,6.5,2270.85,papaya
48.77,64.37,48.28,40.78,96.07,6.34,157.49,papaya
34.4,156.05,193.56,26.21,80.88,5.78,66.45,grapes
28.27,54.14,65.26,20.08,24.09,6.0,390.2,chickpea
38.32,73.09,47.29,44.46,93.66,6.75,149.82,papaya
18.56,22.45,40.92,21.67,87.69,6.12,120.66,pomegranate
87.78,35.24,38.73,19.04,81.81,6.98,2675.37,rice
42.95,32.61,26.76,26.12,78.25,6.57,575.2,mungbean
184.52,82.9,70.48,34.87,62.76,7.16,120.52,sugarcane
125.77,37.15,37.67,14.94,62.95,7.37,71.36,wheat
138.1,51.99,102.06,28.69,83.9,7.08,1387.19,sugarcane
80.26,42.76,37.97,31.48,90.68,7.43,254.79,jute
93.8,43.74,37.07,26.26,97.5,6.46,233.05,jute
97.92,75.08,48.91,29.61,81.11,5.78,913.45,banana
89.14,51.7,31.01,25.05,71.84,5.67,802.95,maize
54.69,38.15,23.8,33.57,75.44,7.05,65.15,soybean
20.35,86.25,23.06,23.31,41.69,6.15,1281.97,pigeonpeas
41.29,60.03,17.09,25.16,26.05,5.93,138.0,kidneybeans
114.34,65.51,28.08,22.28,55.07,6.94,84.36,wheat
20.13,64.71,23.72,22.88,59.18,4.86,48.15,mothbeans
39.15,68.18,17.77,18.7,19.42,5.85,125.65,kidneybeans
62.26,80.08,22.56,32.62,72.99,7.25,715.6,blackgram
32.41,32.38,30.0,25.98,55.25,6.03,85.49,mango
17.45,152.74,215.04,24.84,94.33,6.4,1131.58,apple
120.28,58.3,41.31,13.88,68.29,6.07,350.0,wheat
35.9,51.14,16.16,29.08,84.59,7.32,405.42,mungbean
32.87,82.68,17.94,30.46,65.73,6.2,55.31,lentil
23.31,131.44,216.67,24.35,94.03,5.55,844.91,apple
64.99,56.12,17.35,27.4,64.94,6.96,924.49,maize
110.11,39.76,23.65,17.69,60.51,6.75,98.68,maize
22.84,148.71,220.11,30.0,81.66,6.21,703.63,grapes
44.73,49.01,84.48,19.65,22.79,6.15,667.22,chickpea
43.09,54.04,16.69,26.81,81.83,6.88,467.52,mungbean
36.01,139.71,192.84,32.5,78.11,5.75,70.3,grapes
26.82,24.4,39.61,23.84,86.26,6.97,1043.8,pomegranate
50.49,65.6,87.21,22.93,28.91,7.49,98.23,chickpea
87.78,77.0,55.64,23.88,71.49,5.89,764.8,banana
67.11,44.82,46.5,26.07,90.83,7.26,2800.0,rice
76.79,54.24,33.53,23.18,90.9,7.01,2334.98,rice
16.32,26.72,34.34,29.67,89.78,5.91,145.59,coconut
89.38,32.35,40.92,27.21,80.5,6.8,2307.58,rice
77.57,47.69,42.81,27.8,77.61,6.44,293.09,rice
63.19,58.93,51.72,44.07,86.87,7.01,1933.81,papaya
50.34,69.74,44.34,25.11,69.44,6.14,1064.77,soybean
134.05,56.99,105.25,38.93,72.52,5.96,139.06,sugarcane
40.77,80.0,26.79,19.34,69.01,7.28,467.73,lentil
92.77,51.03,45.96,30.53,91.17,6.93,2671.67,jute
92.43,24.54,26.44,27.35,73.12,7.07,1840.25,coffee
99.98,27.22,57.84,31.48,99.49,6.64,25.85,muskmelon
37.69,42.19,42.87,31.14,88.81,6.86,1843.49,papaya
21.87,9.27,11.65,30.28,96.92,6.88,1127.5,orange
74.95,10.18,53.62,27.51,91.5,6.86,62.74,watermelon
74.51,43.64,47.55,29.54,92.54,6.64,273.09,papaya
29.58,19.23,38.96,21.84,90.45,6.41,115.59,pomegranate
73.42,51.63,46.99,39.17,98.71,6.68,234.84,papaya
58.0,42.51,43.99,33.12,93.8,7.21,202.67,jute
14.12,18.51,24.3,35.16,52.95,5.26,79.67,mango
102.58,41.83,49.45,16.81,48.78,6.3,59.23,wheat
48.21,33.76,52.67,27.38,50.34,7.77,506.67,sorghum
125.95,81.57,51.08,26.8,72.98,6.45,777.13,banana
31.92,154.59,204.35,15.06,80.84,5.5,532.15,grapes
66.1,59.31,35.83,19.2,96.21,5.37,2444.16,rice
38.83,79.53,21.94,21.59,21.9,5.86,885.77,kidneybeans
145.31,62.42,20.08,22.55,73.48,6.84,1125.74,cotton
41.59,62.97,25.66,34.74,57.37,6.67,75.43,blackgram
42.89,59.39,20.87,31.26,89.34,6.3,41.73,mungbean
71.2,48.37,50.16,30.34,98.42,6.98,147.57,papaya
96.6,37.92,45.33,19.77,68.93,7.24,48.24,wheat
25.49,69.24,17.05,29.3,58.25,7.37,35.11,lentil
20.69,80.08,68.75,16.68,35.26,6.5,82.31,chickpea
23.03,15.81,24.34,30.35,94.58,5.56,2295.17,coconut
21.71,53.68,17.14,26.09,52.02,4.07,462.84,mothbeans
107.27,25.06,48.97,23.95,58.78,8.56,990.88,sorghum
91.23,46.68,46.85,16.77,67.24,6.17,58.6,wheat
129.18,31.91,58.57,25.98,78.48,6.19,60.29,watermelon
39.79,30.39,44.46,22.35,97.65,5.54,1109.74,pomegranate
101.57,43.19,39.01,19.54,57.77,6.52,634.45,wheat
31.54,77.67,84.44,17.06,29.11,6.83,412.93,chickpea
40.52,62.68,22.54,20.77,62.36,7.97,544.33,lentil
79.11,35.31,44.63,26.03,94.15,6.24,2096.69,rice
27.15,115.52,207.74,22.54,90.79,6.16,105.29,apple
50.26,77.38,57.26,30.32,62.29,5.81,795.0,soybean
125.03,10.11,50.87,26.03,76.38,6.12,633.96,watermelon
111.4,17.29,29.38,24.77,68.48,7.58,126.85,coffee
33.49,24.73,26.5,27.59,51.41,7.02,812.05,mango
107.23,59.85,16.47,23.15,59.5,5.75,878.57,maize
81.61,94.17,50.29,26.99,73.83,5.66,84.52,banana
83.03,51.98,25.1,20.77,42.38,7.22,501.18,wheat
33.95,39.91,16.61,29.38,58.32,9.41,52.98,mothbeans
19.13,18.45,32.18,30.43,88.19,5.51,1630.5,coconut
145.95,54.59,43.97,32.85,50.68,6.34,121.91,cotton
44.19,73.97,22.84,34.06,57.18,8.03,688.36,blackgram
113.15,28.88,45.05,30.86,86.52,6.25,350.0,muskmelon
64.7,73.12,18.81,25.97,70.96,7.75,450.94,blackgram
19.81,17.79,44.99,26.04,98.11,7.39,116.35,pomegranate
85.07,32.75,34.94,25.28,82.28,5.75,253.68,rice
73.63,49.59,21.81,28.09,53.18,7.41,641.61,maize
112.54,63.89,22.19,26.66,60.78,6.47,565.29,maize
34.59,58.56,23.99,32.34,54.96,6.61,350.0,mothbeans
82.36,53.92,33.47,34.89,94.99,7.5,296.65,jute
62.75,64.92,43.66,28.37,86.12,6.77,154.88,papaya
89.79,36.3,30.31,28.25,67.03,5.96,1359.6,coffee
113.46,32.94,37.27,29.05,51.44,6.09,1167.54,coffee
36.23,43.62,58.01,28.66,53.62,7.53,1273.66,soybean
113.58,12.66,42.21,28.13,90.44,6.65,18.6,muskmelon
100.86,32.9,38.86,25.2,98.15,5.81,306.61,rice
83.77,11.5,50.13,24.72,92.16,6.35,63.22,watermelon
70.84,49.13,32.58,21.36,79.56,6.22,340.66,rice
50.68,73.93,24.38,26.58,63.75,7.98,78.01,blackgram
19.14,64.98,90.81,15.2,32.14,7.18,50.75,chickpea
79.31,56.53,50.38,18.37,51.82,7.64,615.07,wheat
20.79,58.46,22.84,22.44,25.25,5.34,79.52,kidneybeans
21.01,82.08,20.46,17.5,61.28,6.87,357.09,lentil
28.25,15.8,17.0,18.11,97.0,7.48,94.85,orange
42.59,61.34,16.93,17.76,19.44,6.07,120.08,kidneybeans
32.26,62.76,24.08,20.79,20.2,6.1,1175.63,kidneybeans
80.93,65.44,20.48,24.36,66.67,6.59,789.28,maize
23.97,61.19,27.45,21.17,54.53,5.98,176.0,pigeonpeas
33.51,56.0,15.58,25.19,65.76,6.77,767.42,blackgram
51.59,50.47,46.34,30.02,89.44,6.34,202.87,papaya
18.65,21.23,14.55,34.25,96.08,6.44,1142.55,orange
76.14,48.21,43.28,20.91,90.48,5.69,280.16,rice
50.66,55.49,49.92,24.9,91.43,6.99,127.72,papaya
79.38,47.8,31.52,21.19,46.56,7.0,31.73,wheat
22.31,12.45,45.17,25.49,89.21,6.39,96.5,pomegranate
63.21,54.12,44.49,36.2,91.48,7.22,2638.55,jute
85.28,55.24,45.22,23.08,39.86,7.53,521.61,wheat
84.45,57.12,37.5,31.77,99.15,6.54,241.06,jute
33.93,80.33,22.26,29.1,64.22,6.64,780.23,blackgram
41.34,10.89,33.48,19.07,90.16,7.35,120.2,pomegranate
42.27,9.7,23.37,28.04,99.84,5.91,2339.98,coconut
35.33,35.1,34.71,29.76,52.91,5.85,976.28,mango
48.48,72.86,23.9,27.42,57.74,6.68,71.56,blackgram
25.02,84.02,48.78,26.65,56.09,7.49,700.09,soybean
47.4,74.97,60.47,19.96,23.66,8.37,50.1,chickpea
68.53,28.58,47.57,36.46,53.01,6.41,1074.48,sorghum
30.09,63.6,14.22,18.18,73.27,7.66,51.61,lentil
20.41,121.55,209.03,28.21,82.42,5.8,591.06,grapes
19.5,82.21,47.77,35.0,58.21,7.29,172.19,soybean
104.86,22.27,37.03,24.7,72.19,7.56,1147.52,coffee
15.57,74.61,17.13,16.42,30.35,5.62,162.76,kidneybeans
38.02,43.42,16.59,27.32,39.83,5.75,609.05,pigeonpeas
119.86,59.4,91.1,24.82,87.16,7.43,109.02,sugarcane
32.7,24.32,31.56,25.98,47.12,6.24,95.25,mango
36.62,64.86,22.81,17.57,28.45,5.92,157.26,kidneybeans
33.94,112.26,219.7,20.32,91.62,5.91,1104.03,apple
87.96,27.52,23.88,27.14,54.29,6.04,1628.01,coffee
103.99,67.77,14.34,22.24,77.28,8.35,187.83,cotton
34.12,73.03,65.01,16.41,27.7,8.51,471.18,chickpea
115.96,94.2,51.04,29.14,89.01,5.42,1215.97,banana
89.15,13.3,47.06,28.92,85.86,6.79,350.0,muskmelon
75.47,28.44,23.27,37.69,46.26,8.38,929.07,cotton
38.28,54.04,24.13,33.24,38.66,5.09,60.33,mothbeans
72.08,41.27,41.58,26.26,62.58,6.43,173.61,cotton
85.63,37.67,43.71,25.52,58.57,7.46,650.25,wheat
58.25,64.47,41.28,25.42,49.96,6.93,99.4,sorghum
37.41,117.53,188.71,31.15,78.53,6.61,547.39,grapes
100.14,45.42,38.6,17.93,43.83,7.43,500.26,wheat
23.48,19.11,24.09,29.03,50.23,4.5,917.06,mango
31.12,66.93,30.51,28.82,49.74,6.83,120.65,soybean
15.83,22.65,32.85,24.65,99.62,6.46,1441.36,coconut
183.59,72.46,69.92,38.49,70.47,7.65,204.73,sugarcane
108.5,51.24,20.86,31.78,65.2,8.07,142.66,sorghum
22.77,133.87,219.03,22.91,92.53,5.93,897.01,apple
18.72,146.7,186.99,29.51,86.81,5.55,673.54,grapes
81.64,50.97,48.78,17.62,63.93,5.85,59.39,wheat
16.9,70.36,17.8,26.18,57.06,7.46,35.19,lentil
28.17,29.03,36.43,34.49,53.45,6.33,727.83,mango
52.93,46.54,59.28,32.8,96.96,6.33,1198.62,papaya
72.45,58.62,13.9,23.22,52.32,6.76,83.82,maize
127.67,31.74,55.84,26.89,87.6,6.4,20.95,muskmelon
118.93,18.9,48.85,29.96,91.2,6.37,350.0,muskmelon
42.5,57.14,22.6,21.37,67.96,6.56,377.93,lentil
79.71,102.29,42.69,27.19,83.27,5.89,123.22,banana
31.19,20.54,37.02,37.24,51.9,4.98,1082.59,mango
47.26,53.11,14.25,25.66,68.28,7.1,66.93,blackgram
119.41,81.46,44.52,30.17,76.58,6.63,723.22,banana
14.38,116.55,217.74,9.43,78.05,6.63,61.09,grapes
34.1,117.45,216.43,29.48,86.41,6.21,69.48,grapes
82.26,17.76,32.65,25.15,55.9,7.0,121.35,coffee
41.35,130.18,215.57,20.82,91.44,6.48,1181.59,apple
17.6,150.26,203.39,23.58,98.84,6.38,116.32,apple
118.5,65.82,32.29,38.95,54.7,8.45,97.4,cotton
116.51,67.67,57.16,26.66,61.63,7.41,2724.97,sugarcane
61.01,47.69,40.94,27.65,93.8,6.05,1992.94,rice
23.88,39.3,22.47,31.97,59.6,7.6,639.78,mothbeans
40.26,82.53,14.85,24.84,67.75,7.58,350.0,lentil
143.64,67.8,87.27,38.8,69.2,7.17,1899.07,sugarcane
24.3,30.34,14.87,24.84,94.45,5.98,728.81,orange
36.27,17.35,35.52,28.65,94.38,6.68,118.15,coconut
83.95,40.77,36.59,25.77,89.96,5.64,169.99,rice
36.48,63.72,17.57,31.67,69.81,7.71,60.71,blackgram
29.33,25.53,17.44,16.19,89.29,6.18,95.49,orange
42.31,121.78,180.34,21.07,96.97,6.69,105.87,apple
84.33,29.15,24.82,24.42,73.3,6.0,148.51,coffee
108.82,25.58,42.53,27.97,95.7,6.17,32.15,muskmelon
95.69,27.98,32.36,35.61,34.65,8.22,135.35,sorghum
77.94,53.91,41.9,26.01,98.93,6.79,2800.0,jute
29.42,22.69,26.73,24.48,86.07,5.35,2089.4,coconut
38.25,28.37,16.84,24.48,96.1,5.89,109.98,orange
46.17,66.1,84.45,17.35,34.29,6.78,694.65,chickpea
35.94,43.43,21.91,31.89,43.69,5.78,1230.02,pigeonpeas
42.36,17.97,37.94,21.27,84.03,6.82,752.56,pomegranate
42.61,57.05,25.73,27.12,63.18,7.52,35.79,lentil
120.79,36.81,30.06,25.78,58.98,6.83,63.75,wheat
32.37,60.63,26.09,32.68,61.41,4.72,466.7,mothbeans
25.77,59.98,26.68,29.55,77.22,6.11,350.34,mungbean
68.08,52.01,31.96,19.41,72.08,6.7,753.0,maize
107.55,13.96,46.57,25.59,92.18,6.59,40.64,watermelon
73.68,79.96,54.99,30.62,81.1,6.55,754.05,banana
112.4,84.76,50.99,25.86,73.01,5.46,1243.64,banana
50.65,33.6,45.52,33.8,72.13,5.83,58.25,soybean
80.8,87.67,43.04,27.58,78.01,5.52,959.62,banana
53.71,83.55,22.66,24.03,66.11,7.67,597.93,blackgram
77.98,56.25,39.02,29.21,92.03,6.76,2640.14,jute
40.1,34.23,32.44,36.2,56.11,5.91,85.83,mango
127.41,84.88,81.69,28.96,84.43,6.58,2238.02,sugarcane
42.14,35.0,21.35,29.48,94.04,6.13,476.3,mungbean
89.06,74.66,43.77,27.65,72.2,6.14,105.81,banana
33.65,142.32,191.95,9.17,84.87,6.64,60.59,grapes
75.89,95.54,45.51,31.39,83.42,6.45,92.2,banana
40.06,73.59,22.44,31.65,59.19,7.77,75.76,blackgram
149.63,58.14,75.57,29.82,74.5,6.73,109.69,sugarcane
102.67,41.69,44.44,17.56,69.72,6.91,590.25,wheat
35.32,146.57,204.35,22.1,87.83,6.47,910.06,apple
17.83,52.35,23.52,32.98,82.99,6.36,42.95,mungbean
91.76,28.45,36.52,28.85,58.52,7.45,1148.82,coffee
79.55,43.56,33.01,26.53,78.95,6.55,1957.9,jute
50.95,73.21,44.66,22.63,94.35,7.1,2418.77,papaya
23.96,75.27,76.19,24.99,26.34,6.52,77.03,chickpea
122.44,40.34,43.42,19.7,53.48,6.7,436.2,wheat
31.56,13.0,34.03,30.36,90.19,5.71,217.18,coconut
96.12,52.24,41.38,22.06,79.38,6.12,321.28,rice
112.32,36.71,31.57,24.99,71.81,7.35,921.55,maize
61.83,24.03,19.59,38.35,42.63,8.64,879.78,sorghum
24.02,35.32,21.55,31.33,61.77,7.75,702.34,soybean
124.87,38.65,45.66,27.98,77.51,8.72,661.36,cotton
52.3,65.54,27.61,26.25,65.4,6.48,59.25,soybean
79.49,45.09,43.19,26.81,88.57,7.3,242.5,rice
20.33,65.55,82.18,14.51,26.46,7.49,776.06,chickpea
32.09,81.49,39.03,19.17,79.86,7.53,1046.34,soybean
76.99,9.81,43.33,30.45,87.26,6.08,350.0,muskmelon
49.98,53.91,33.84,36.57,34.79,6.2,106.63,sorghum
32.73,84.29,16.59,29.34,62.39,5.95,590.24,lentil
40.33,50.16,25.68,31.87,79.15,6.92,58.34,mungbean
24.09,114.86,188.59,22.3,93.67,6.25,100.73,apple
40.57,140.28,191.27,20.48,92.11,5.8,118.6,apple
91.06,58.84,20.27,20.17,77.98,5.96,74.9,maize
42.93,39.91,24.98,33.28,77.26,6.79,56.22,mungbean
19.28,27.69,18.27,27.15,89.7,7.41,128.9,orange
110.56,73.0,56.13,34.07,86.68,7.61,1601.88,sugarcane
45.72,58.58,20.92,31.24,72.03,7.95,55.05,blackgram
14.16,150.99,186.52,22.43,88.71,6.34,945.86,apple
98.19,26.43,53.2,29.1,89.17,6.44,350.0,muskmelon
40.94,11.34,20.62,20.33,89.2,7.4,105.38,orange
127.16,36.36,31.56,23.29,51.91,6.28,1724.2,coffee
17.27,21.66,31.83,34.61,49.84,4.51,77.91,mango
68.33,29.34,38.23,35.16,77.76,7.3,71.9,cotton
131.35,62.41,40.6,28.29,54.53,7.18,110.51,cotton
71.73,49.71,39.33,34.33,38.74,8.48,599.13,sorghum
23.46,27.25,35.38,29.18,47.77,5.23,700.44,mango
28.13,119.9,214.72,35.01,83.15,6.31,808.27,grapes
111.2,55.43,48.44,34.47,42.27,7.65,947.53,sorghum
76.28,69.22,44.42,27.22,87.51,5.81,894.59,banana
24.44,36.2,17.92,32.3,91.72,6.66,49.0,mungbean
25.58,76.01,15.07,14.98,24.73,5.75,62.48,kidneybeans
75.47,84.46,44.89,24.68,75.74,6.47,1094.48,banana
28.15,59.46,24.02,24.93,63.34,6.49,484.81,lentil
48.79,65.93,45.26,22.22,85.59,6.69,2004.06,papaya
51.62,78.14,20.0,31.35,67.08,7.36,794.54,blackgram
107.37,32.21,57.64,29.63,87.67,6.09,22.77,muskmelon
46.99,77.63,61.33,16.72,22.96,6.32,51.53,chickpea
78.32,40.58,41.4,26.78,98.99,6.85,2611.86,jute
33.09,81.11,23.21,25.22,59.16,6.47,464.64,lentil
19.27,66.18,16.67,24.95,28.65,5.36,126.1,kidneybeans
38.18,17.41,29.81,30.69,95.04,6.05,120.4,coconut
124.95,64.97,25.48,21.81,68.23,6.78,678.06,wheat
109.19,27.62,46.57,26.79,86.37,6.51,635.83,watermelon
73.23,51.73,59.12,44.55,90.5,6.97,1507.46,papaya
123.38,44.23,51.16,22.91,48.48,7.47,71.22,wheat
75.45,12.04,58.58,27.34,88.63,6.91,553.31,watermelon
23.64,112.94,195.07,23.25,92.1,6.46,110.65,apple
21.95,89.42,30.24,21.33,48.1,6.76,157.76,pigeonpeas
86.71,99.22,54.47,29.08,78.81,6.17,976.92,banana
18.08,55.74,26.96,26.21,87.45,6.42,568.04,mungbean
47.45,52.34,23.87,36.42,65.43,7.47,457.87,blackgram
39.11,18.54,34.58,26.89,86.19,6.67,1658.29,coconut
56.47,56.57,64.52,14.99,13.84,6.31,698.73,chickpea
17.13,123.16,191.61,13.65,85.4,6.26,726.44,grapes
20.86,135.1,220.05,24.94,87.45,6.54,110.61,apple
86.76,25.06,26.45,23.0,72.56,7.0,1917.26,coffee
67.5,33.89,29.18,26.26,64.57,6.94,111.46,maize
34.95,77.51,14.09,23.21,31.49,5.4,455.85,kidneybeans
26.87,143.2,197.26,29.1,78.49,6.45,61.98,grapes
68.92,55.1,57.0,39.73,89.13,7.12,172.18,papaya
92.76,31.67,55.7,27.34,98.33,6.63,26.1,muskmelon
14.0,23.4,10.65,27.72,98.12,6.31,811.9,orange
93.37,32.91,16.18,20.02,75.4,5.86,633.54,maize
79.23,70.45,59.1,28.11,80.0,5.81,125.4,banana
20.84,11.26,42.69,18.58,82.11,6.69,1119.33,pomegranate
90.47,34.63,42.08,37.62,80.82,6.58,198.96,jute
109.07,22.25,50.27,26.31,87.55,5.85,366.96,watermelon
37.39,50.8,26.99,27.91,85.2,7.1,523.34,mungbean
129.32,20.26,50.06,27.09,89.66,6.07,350.0,muskmelon
114.37,31.51,59.05,24.42,82.31,6.71,593.92,watermelon
69.44,61.84,47.66,37.15,78.21,6.21,89.42,cotton
100.73,39.38,51.07,39.17,51.7,8.57,95.97,sorghum
118.72,70.29,77.98,31.47,72.85,6.12,1743.24,sugarcane
16.08,30.56,40.68,18.68,87.39,6.91,101.75,pomegranate
61.22,66.83,45.84,37.89,89.3,7.17,1138.04,papaya
29.8,115.92,193.08,20.97,88.89,6.32,105.64,apple
116.5,24.71,47.8,24.73,93.78,7.19,411.54,watermelon
42.27,77.36,24.09,30.24,69.35,7.9,559.16,lentil
50.37,50.89,44.86,24.15,90.29,6.51,2374.88,papaya
32.78,66.89,88.44,18.11,21.27,7.67,497.33,chickpea
16.19,24.21,41.41,22.97,84.39,6.56,97.79,pomegranate
28.92,54.25,20.27,16.97,22.93,6.15,114.18,kidneybeans
85.75,66.99,30.95,28.09,68.47,6.3,1083.37,maize
94.31,10.37,55.09,23.13,94.35,5.84,39.66,watermelon
124.99,60.56,105.94,31.32,60.28,5.99,1398.5,sugarcane
20.06,29.18,26.61,29.1,87.42,6.13,248.87,coconut
89.37,57.0,38.29,33.93,81.94,6.13,189.3,jute
28.25,28.29,26.89,29.54,90.72,6.04,1550.11,coconut
126.44,17.05,53.32,23.23,90.75,6.4,60.6,watermelon
34.6,45.57,24.04,29.65,39.96,8.4,61.77,mothbeans
100.96,53.8,52.46,21.48,66.97,6.46,69.07,wheat
63.39,41.33,26.45,28.23,70.66,6.83,763.06,maize
118.67,28.74,57.31,27.22,85.51,6.03,350.0,muskmelon
34.76,48.98,41.94,42.01,97.69,6.86,1598.92,papaya
60.92,79.79,20.9,24.6,65.23,6.6,701.16,blackgram
27.83,141.92,201.54,22.11,93.67,6.52,120.3,apple
44.72,46.46,22.42,27.45,62.23,6.16,107.6,soybean
28.95,22.98,28.18,27.6,85.76,5.64,159.53,coconut
111.85,37.72,26.31,36.37,76.82,6.38,90.67,cotton
47.06,52.79,41.11,39.21,70.91,7.6,716.58,pigeonpeas
129.25,58.32,39.29,21.72,41.12,6.58,739.35,wheat
74.03,10.51,51.71,27.98,96.16,6.41,27.59,muskmelon
91.82,36.83,25.87,22.24,54.93,6.68,154.95,coffee
41.35,51.12,44.86,38.71,95.12,7.11,273.24,papaya
31.85,75.96,19.2,21.55,21.98,6.07,153.25,kidneybeans
37.16,39.53,25.99,28.9,81.22,7.54,163.81,soybean
71.98,40.94,52.15,23.59,71.76,6.61,63.56,wheat
38.62,61.66,14.47,21.04,25.83,5.98,146.6,kidneybeans
18.76,12.58,31.0,25.9,99.0,6.48,230.79,coconut
115.63,84.73,85.15,39.77,70.25,6.09,1504.6,sugarcane
24.11,39.28,21.34,30.31,73.09,7.57,1271.67,soybean
100.12,35.39,42.97,24.29,84.5,6.35,2151.53,rice
28.57,32.19,23.43,29.93,93.9,6.01,2023.41,coconut
14.57,78.52,15.33,20.64,72.02,6.68,32.52,lentil
38.16,32.27,10.75,20.4,94.8,6.21,1130.33,orange
105.22,56.41,40.15,25.35,86.11,6.58,225.91,rice
39.98,74.44,25.35,22.09,57.71,7.22,577.61,lentil
146.52,53.03,21.86,23.37,71.56,8.56,978.38,cotton
24.37,58.59,89.9,15.95,29.7,8.57,40.91,chickpea
74.8,65.66,28.27,16.08,58.86,6.54,580.27,wheat
72.65,51.85,45.36,44.5,97.35,6.78,202.95,papaya
79.36,32.42,35.25,22.91,65.26,7.4,171.61,coffee
144.94,52.37,104.87,34.25,71.67,7.31,140.45,sugarcane
20.72,20.79,11.21,13.41,93.76,6.22,951.25,orange
27.77,24.31,38.54,22.66,93.35,6.72,980.45,pomegranate
53.94,70.09,61.11,18.48,26.32,8.32,57.92,chickpea
137.88,77.42,61.63,27.9,87.81,7.87,138.24,sugarcane
87.21,41.07,37.06,31.27,95.72,7.54,278.39,jute
58.96,33.47,52.37,20.76,70.07,6.36,591.84,soybean
75.09,24.57,47.81,31.27,94.47,6.95,21.42,muskmelon
83.46,97.66,48.09,30.16,75.0,5.35,90.49,banana
17.23,47.05,15.12,29.61,77.2,6.77,57.48,mungbean
33.09,63.51,24.23,25.85,57.01,6.65,72.66,mothbeans
139.18,50.89,87.57,31.48,72.09,6.1,172.05,sugarcane
60.96,66.9,14.67,31.69,68.52,6.87,791.23,blackgram
93.67,10.9,56.68,25.85,76.3,6.24,38.48,watermelon
41.56,116.11,211.82,22.16,90.93,6.03,132.26,apple
21.96,44.76,16.16,31.61,44.9,6.87,470.23,mothbeans
26.47,20.05,36.28,25.71,84.47,5.4,1097.44,pomegranate
95.85,11.53,59.07,27.13,92.87,6.1,432.29,watermelon
103.35,35.49,39.65,19.85,82.6,6.12,2800.0,rice
25.96,17.96,15.75,11.57,97.93,5.86,1171.97,orange
34.48,56.02,21.9,31.29,51.28,8.87,31.5,mothbeans
90.76,32.55,15.45,25.56,74.01,7.46,76.17,maize
79.71,62.95,41.6,35.03,41.44,6.58,521.73,cotton
83.6,23.78,43.13,29.33,92.99,6.42,361.62,muskmelon
33.71,9.42,16.94,13.32,96.94,7.09,122.33,orange
30.34,64.16,25.51,17.89,70.24,6.65,52.06,lentil
36.7,22.79,21.54,14.05,89.47,5.86,879.08,orange
142.94,71.09,67.4,27.2,67.52,6.36,2228.29,sugarcane
45.89,83.95,23.98,33.33,59.95,7.17,81.11,blackgram
76.39,36.89,24.82,25.84,68.89,5.95,199.92,coffee
89.0,50.08,37.37,25.23,99.63,6.38,327.83,jute
83.29,75.12,43.01,28.89,77.65,6.12,117.0,banana
90.3,24.16,56.87,23.6,88.22,6.35,63.58,watermelon
27.79,18.73,35.84,35.73,45.95,6.67,79.82,mango
96.91,39.94,36.68,27.66,43.2,7.35,105.28,cotton
77.61,42.9,33.38,34.09,89.04,6.97,1679.16,jute
72.09,66.87,23.01,27.11,57.95,6.47,85.68,maize
95.34,19.01,43.65,27.37,82.92,6.38,40.75,watermelon
33.62,72.57,19.14,31.11,73.05,7.78,69.72,blackgram
44.77,75.23,18.2,36.62,57.86,6.69,82.0,blackgram
32.61,58.4,29.53,21.01,63.71,7.73,825.86,soybean
109.01,18.92,51.53,23.69,78.44,7.17,517.04,watermelon
63.47,83.17,26.01,31.05,70.17,7.58,491.37,blackgram
141.48,54.88,75.67,36.17,66.6,6.85,178.23,sugarcane
31.72,62.53,26.65,27.92,69.6,7.61,419.05,lentil
31.25,131.41,194.75,23.15,78.78,5.36,67.55,grapes
61.36,27.7,42.47,27.12,66.33,7.48,398.69,sorghum
65.49,41.04,39.02,21.02,97.3,6.91,350.0,rice
38.53,23.83,10.52,25.3,89.26,7.0,727.96,orange
175.49,74.5,97.54,33.69,75.02,7.16,205.21,sugarcane
31.62,74.11,17.74,15.61,30.12,5.72,104.16,kidneybeans
38.84,17.28,39.75,18.46,90.05,7.01,1138.94,pomegranate
108.3,18.32,49.3,30.6,89.8,6.33,350.0,muskmelon
118.51,16.37,42.77,27.93,82.16,5.99,588.44,watermelon
61.8,75.29,19.03,36.39,72.53,7.58,456.83,blackgram
91.01,26.11,26.15,24.51,55.96,7.34,190.39,coffee
22.86,11.56,43.11,17.96,90.4,5.77,810.72,pomegranate
30.59,85.31,17.7,30.17,68.32,5.94,45.49,lentil
64.49,79.85,21.16,33.41,67.46,6.45,722.2,blackgram
22.79,29.87,25.04,37.14,53.17,4.42,731.15,mango
18.79,149.07,194.6,37.14,80.07,5.38,754.42,grapes
40.4,41.97,33.87,23.43,52.9,8.41,928.96,pigeonpeas
80.9,32.52,44.98,24.75,40.34,6.79,40.79,wheat
79.37,40.62,23.37,26.15,45.66,6.4,437.19,wheat
30.95,33.0,23.36,29.92,77.34,6.9,355.21,mungbean
108.45,62.15,31.56,21.25,64.19,6.7,80.23,maize
47.78,70.58,17.2,25.89,60.05,6.41,723.33,blackgram
32.34,11.93,35.49,25.43,90.22,5.43,125.82,coconut
83.21,23.29,25.67,39.48,50.38,8.6,75.56,sorghum
31.14,145.61,220.23,41.33,81.61,5.65,801.22,grapes
93.83,10.86,56.81,27.09,88.69,5.98,36.29,watermelon
79.26,13.94,46.65,26.19,89.5,6.66,32.31,muskmelon
75.27,61.83,14.02,21.78,63.79,6.1,984.73,maize
26.27,27.9,15.28,34.53,93.91,7.46,830.67,orange
39.63,22.67,29.85,31.34,96.31,6.68,224.5,coconut
20.27,60.77,18.34,29.87,76.97,6.31,504.75,mungbean
62.39,37.85,50.29,24.86,62.89,7.91,739.07,sorghum
84.56,55.88,44.24,26.82,98.45,7.04,247.62,rice
77.24,44.59,34.45,25.58,90.48,6.16,2650.62,jute
15.5,144.83,188.32,27.59,76.38,5.53,604.72,grapes
42.43,16.42,48.25,17.56,97.06,5.35,961.15,pomegranate
109.7,58.01,23.52,19.21,55.47,6.19,715.31,maize
127.0,13.54,47.25,30.11,99.61,6.64,350.0,muskmelon
117.04,49.54,37.86,37.47,65.76,6.9,133.01,sorghum
16.59,124.78,214.85,22.11,93.27,6.33,127.83,apple
33.69,69.33,23.04,27.78,65.62,7.46,46.06,lentil
125.48,46.87,102.69,32.77,74.9,7.17,1512.53,sugarcane
16.39,45.41,16.78,28.68,82.34,7.11,398.39,mungbean
71.03,45.67,48.48,25.99,56.96,5.98,41.19,wheat
21.38,121.55,213.0,24.05,90.79,5.49,107.22,apple
36.91,50.29,52.78,24.7,94.42,6.58,171.65,papaya
15.32,51.2,24.57,18.74,28.78,6.08,480.93,kidneybeans
98.65,64.45,34.28,16.93,57.57,6.7,74.22,wheat
55.76,45.74,36.29,26.75,86.11,6.62,269.95,jute
142.35,44.18,14.42,38.61,66.69,7.98,467.87,cotton
77.48,40.0,23.7,27.44,63.59,5.51,886.15,maize
36.19,58.41,21.4,22.53,53.24,5.89,520.97,pigeonpeas
77.7,46.19,39.85,29.92,90.29,5.92,2800.0,jute
105.04,45.19,29.14,21.15,52.78,5.43,104.89,maize
87.44,25.14,42.28,30.03,51.35,6.51,1063.21,sorghum
43.09,64.57,16.17,24.43,27.3,6.15,821.04,kidneybeans
106.28,24.27,35.8,26.24,48.93,6.28,1738.44,coffee
114.06,64.91,74.14,28.24,87.42,8.18,209.87,sugarcane
115.28,28.73,48.17,39.06,48.83,7.18,1055.49,cotton
114.8,64.83,30.5,21.02,45.44,8.67,822.19,cotton
41.07,51.48,42.56,43.94,94.21,6.87,139.06,papaya
16.35,19.1,41.8,22.25,96.72,7.24,920.64,pomegranate
20.94,85.53,26.98,20.77,70.98,7.59,463.56,lentil
32.64,33.66,19.9,33.29,64.94,5.72,524.21,mothbeans
43.09,66.61,17.92,17.26,68.47,5.95,519.29,lentil
33.97,120.93,220.19,22.01,95.76,5.52,115.17,apple
26.03,15.15,40.58,20.48,95.18,6.01,92.91,pomegranate
88.26,45.08,45.59,33.45,91.84,6.76,284.67,jute
15.84,75.36,23.41,27.46,44.39,7.15,713.15,pigeonpeas
138.2,62.64,100.42,30.59,63.09,6.89,1757.22,sugarcane
109.79,21.69,50.68,26.36,87.12,6.79,41.62,watermelon
33.98,74.08,19.47,24.16,31.32,5.34,81.51,kidneybeans
23.88,30.25,32.41,28.45,91.13,6.1,1291.86,coconut
35.39,55.03,22.7,17.84,23.94,6.14,1105.57,kidneybeans
19.62,117.15,208.69,33.65,82.11,5.91,72.58,grapes
46.61,85.53,53.08,25.18,68.5,7.96,1063.24,soybean
22.39,17.47,36.18,20.12,87.97,5.82,1022.47,pomegranate
40.68,52.25,21.08,27.98,53.92,4.14,27.86,mothbeans
46.78,55.74,25.73,28.31,42.78,7.76,72.07,sorghum
22.26,10.25,29.87,26.04,86.79,6.14,1449.88,coconut
43.8,60.41,76.35,19.4,28.82,7.99,61.99,chickpea
21.62,52.08,23.24,27.23,38.63,8.33,544.59,mothbeans
25.33,34.01,33.78,26.13,56.95,7.18,86.24,mango
170.53,47.48,98.09,31.22,57.31,6.37,1567.07,sugarcane
103.28,13.71,43.27,28.09,99.73,6.55,350.0,muskmelon
23.4,14.33,23.62,28.23,98.88,5.99,2324.07,coconut
119.19,63.01,33.51,14.59,71.08,7.19,373.01,wheat
30.43,24.44,31.56,35.67,50.65,5.37,950.37,mango
56.31,45.82,48.99,30.28,87.19,6.91,1799.25,papaya
108.41,28.03,52.42,29.56,68.84,7.07,174.34,sorghum
165.52,52.96,106.27,35.78,66.44,7.96,202.44,sugarcane
37.06,66.94,25.12,26.77,68.78,6.53,510.44,lentil
118.19,80.0,45.72,30.24,71.92,6.15,124.63,banana
41.82,18.05,24.89,27.38,50.12,4.7,108.25,mango
20.86,29.11,28.03,34.89,51.78,6.56,78.25,mango
81.76,25.87,29.11,25.31,51.24,7.59,1383.34,coffee
14.2,46.65,21.86,29.22,83.3,6.21,461.91,mungbean
14.95,10.55,32.53,18.46,90.83,5.64,1150.66,pomegranate
57.18,58.18,47.44,45.86,91.49,7.18,1613.63,papaya
38.63,75.84,61.31,22.58,22.29,6.31,706.73,chickpea
26.33,22.61,36.14,27.76,96.08,5.69,1164.15,coconut
73.91,45.5,29.08,32.22,34.97,8.69,107.25,sorghum
97.53,59.51,29.51,21.71,60.85,6.25,623.74,wheat
80.59,22.0,44.96,27.55,93.36,5.84,36.26,watermelon
76.17,57.95,37.6,20.43,80.69,6.2,165.4,rice
14.48,64.54,13.92,32.94,41.25,6.27,524.29,mothbeans
27.91,25.96,32.72,31.73,55.45,5.35,832.51,mango
76.7,88.73,44.34,28.97,85.7,6.61,1202.9,banana
134.03,44.07,32.68,29.05,71.86,6.63,168.52,cotton
60.5,60.08,45.96,28.03,92.69,7.2,274.34,papaya
128.11,12.79,57.67,28.3,86.09,6.33,421.59,watermelon
38.39,77.5,25.73,15.72,22.08,6.15,102.99,kidneybeans
35.81,33.33,27.53,36.85,44.67,6.96,924.01,mango
106.32,9.78,59.14,26.48,86.69,6.7,19.3,muskmelon
79.51,33.87,24.95,33.63,41.04,5.86,620.87,sorghum
74.54,52.33,46.07,20.89,59.07,6.02,476.58,wheat
31.31,20.41,28.15,28.27,93.61,6.47,143.57,coconut
20.07,16.87,20.48,27.91,90.1,7.36,116.14,orange
40.35,63.13,25.12,20.66,30.26,6.1,875.75,kidneybeans
39.73,49.63,17.49,29.41,83.9,6.46,519.7,mungbean
97.22,90.62,43.29,26.8,87.51,5.79,94.25,banana
23.76,51.64,19.43,32.72,52.37,4.07,77.28,mothbeans
59.26,53.69,47.67,43.26,87.62,7.04,228.22,papaya
34.73,29.51,14.05,20.08,92.93,7.9,130.29,orange
88.24,17.3,53.26,26.41,91.1,6.37,38.45,watermelon
87.25,43.44,37.52,22.18,73.35,6.18,64.88,wheat
55.01,79.0,38.76,23.44,46.04,8.2,1302.92,soybean
111.89,24.44,35.23,22.31,55.51,6.0,165.77,coffee
22.95,32.23,16.3,26.77,89.61,6.08,118.67,orange
116.92,78.43,43.54,26.37,80.32,6.38,111.97,banana
92.94,48.63,14.43,24.35,57.48,7.51,117.69,maize
100.7,32.78,43.32,22.72,83.53,5.72,1990.29,rice
23.27,53.73,19.88,19.73,20.06,6.08,115.79,kidneybeans
27.23,79.54,63.86,22.91,20.21,6.75,64.22,chickpea
15.15,73.19,22.41,23.7,26.58,6.1,463.01,kidneybeans
115.79,41.78,46.96,17.33,41.83,6.24,700.18,wheat
34.39,54.38,16.64,36.08,73.26,6.91,59.31,blackgram
93.12,65.96,32.61,38.96,77.58,7.32,161.66,cotton
70.08,49.07,45.51,37.9,92.7,6.9,1731.54,papaya
120.77,29.59,31.24,27.78,54.52,6.51,1902.48,coffee
43.18,30.42,24.87,24.6,94.05,6.66,159.97,coconut
118.97,77.95,54.73,24.55,77.74,5.65,97.72,banana
80.56,30.16,50.56,31.13,98.65,6.37,22.39,muskmelon
51.37,65.78,18.4,32.55,69.75,7.77,82.3,blackgram
32.84,59.87,55.71,35.0,80.12,6.83,992.57,soybean
30.81,15.11,12.36,26.13,88.94,5.93,924.39,orange
119.21,73.28,85.06,31.09,70.05,8.17,1518.07,sugarcane
42.85,49.34,57.24,40.9,86.38,7.01,1499.07,papaya
70.5,58.0,27.04,25.63,63.79,6.46,780.84,maize
37.15,12.43,11.27,20.44,86.96,7.91,128.07,orange
64.07,34.29,41.49,20.52,94.37,5.61,168.1,rice
125.08,28.78,50.66,27.49,86.31,6.6,350.0,muskmelon
115.5,63.73,24.66,26.42,53.59,6.56,857.32,sorghum
28.72,68.24,37.21,21.26,56.17,7.91,91.88,pigeonpeas
108.92,20.73,27.64,22.39,60.04,7.47,998.68,coffee
77.64,39.02,24.15,30.32,70.07,7.52,1088.21,cotton
42.39,135.59,197.27,24.68,87.49,6.05,120.27,apple
22.17,54.36,17.39,23.83,52.71,9.5,350.0,mothbeans
101.84,52.52,27.2,27.83,52.74,6.21,104.7,maize
96.49,10.03,51.3,29.93,99.69,6.95,21.8,muskmelon
115.43,26.11,30.9,25.56,58.73,5.86,168.82,coffee
40.21,67.19,26.08,18.64,30.67,6.17,152.65,kidneybeans
33.55,135.93,197.21,23.96,98.96,5.73,1112.7,apple
109.32,36.7,27.66,19.12,39.43,5.96,84.72,wheat
14.44,62.12,21.54,18.26,30.14,5.39,91.84,kidneybeans
43.01,74.21,23.65,29.87,67.75,7.62,461.51,lentil
176.76,64.93,58.34,36.3,88.73,7.94,269.26,sugarcane
38.15,24.06,45.61,18.32,91.64,5.82,121.37,pomegranate
30.59,70.33,23.34,28.55,58.31,5.72,601.74,pigeonpeas
36.45,150.22,186.81,13.29,79.44,6.35,73.97,grapes
60.36,58.9,32.72,25.98,88.01,7.54,186.24,jute
50.41,64.61,61.84,22.52,16.86,8.72,46.23,chickpea
74.32,58.92,58.56,31.03,97.41,6.56,268.27,papaya
21.31,24.49,35.99,25.25,98.85,5.45,185.76,coconut
20.21,84.49,39.91,39.85,52.08,8.25,167.28,pigeonpeas
72.46,72.07,54.25,23.28,87.24,6.8,1483.18,papaya
132.31,79.94,102.21,25.59,60.57,6.51,194.56,sugarcane
101.38,24.03,45.22,27.9,89.18,6.86,586.16,watermelon
27.05,21.05,19.9,17.0,96.5,6.74,862.25,orange
110.91,16.12,44.43,27.75,95.2,6.36,350.0,muskmelon
40.2,57.46,13.89,27.01,65.27,7.16,615.1,blackgram
101.67,38.28,46.32,27.82,98.94,6.69,290.48,rice
34.4,51.4,17.03,20.86,19.92,5.96,106.39,kidneybeans
30.61,51.56,30.43,38.77,57.01,7.09,684.17,pigeonpeas
90.45,33.73,36.56,28.27,57.58,6.96,173.36,coffee
51.09,64.51,62.06,17.21,21.55,6.74,90.93,chickpea
29.84,135.59,215.72,20.96,87.66,5.65,943.87,apple
27.41,18.91,34.94,20.46,96.15,6.18,105.35,pomegranate
94.27,57.44,48.49,27.6,99.14,5.57,2800.0,rice
26.68,83.54,21.97,14.65,25.4,5.96,59.16,kidneybeans
39.38,47.35,46.72,31.19,96.82,7.04,269.34,papaya
49.95,48.03,49.01,25.29,88.3,6.6,251.21,papaya
36.8,129.75,198.71,21.2,86.03,6.32,114.85,apple
109.44,28.56,38.03,37.59,56.62,6.21,1104.24,cotton
37.61,58.12,25.45,17.53,19.39,5.88,102.8,kidneybeans
26.74,84.18,14.16,21.12,72.75,6.47,583.72,lentil
118.42,94.17,47.01,26.1,80.95,5.67,1318.44,banana
24.64,51.1,85.8,23.84,21.14,7.89,742.3,chickpea
83.3,10.28,51.42,26.12,83.75,6.16,443.4,watermelon
18.43,51.22,26.35,15.65,30.88,5.79,1100.06,kidneybeans
24.43,150.9,195.14,23.11,89.9,5.81,1263.41,apple
29.24,85.52,51.15,27.32,65.33,6.8,82.15,soybean
38.76,70.97,82.89,16.31,15.38,6.64,70.46,chickpea
20.71,80.49,15.05,20.28,70.51,6.59,497.82,lentil
121.01,27.59,44.2,30.52,97.44,6.29,19.94,muskmelon
58.74,84.51,19.38,29.61,68.32,7.87,496.08,blackgram
49.31,79.45,23.27,26.46,59.06,6.98,82.0,blackgram
96.1,23.37,36.28,22.65,71.17,7.08,1902.75,coffee
103.43,19.05,47.02,24.23,80.21,6.68,56.41,watermelon
40.23,144.9,207.52,38.44,83.16,6.16,62.31,grapes
102.07,14.29,25.84,23.79,51.2,7.61,1644.05,coffee
26.21,67.74,82.93,20.66,21.43,7.69,58.04,chickpea
23.39,83.03,17.77,22.07,29.89,6.01,845.96,kidneybeans
90.58,16.9,47.17,26.17,86.45,6.05,350.0,muskmelon
17.47,22.35,10.35,10.5,87.69,7.59,131.69,orange
20.09,17.52,28.64,28.4,97.75,6.41,121.74,coconut
70.17,42.41,44.61,23.36,89.23,5.6,2390.34,rice
18.96,25.04,36.18,26.92,96.48,6.16,217.22,coconut
25.65,21.9,29.0,31.19,54.82,4.84,111.0,mango
18.75,147.82,208.29,22.69,88.33,6.16,1067.21,apple
89.72,99.31,42.98,25.6,86.44,5.39,107.18,banana
35.38,16.04,17.66,24.8,86.3,5.98,935.62,orange
38.94,47.59,75.52,17.23,32.48,6.2,38.71,chickpea
111.92,88.2,53.88,26.0,73.28,5.46,108.72,banana
104.91,85.15,46.2,27.83,86.44,5.69,102.14,banana
33.68,82.25,20.5,28.63,62.67,7.2,71.86,blackgram
42.48,22.77,28.72,30.98,88.89,6.03,1902.9,coconut
53.31,59.67,75.24,17.55,30.78,5.97,39.32,chickpea
129.36,26.65,49.04,29.97,93.16,6.19,20.75,muskmelon
70.6,42.21,54.9,45.46,91.27,6.94,2275.12,papaya
20.39,19.39,36.65,35.62,43.14,5.73,80.83,mango
40.78,151.86,213.29,25.97,83.79,6.53,689.49,grapes
15.53,34.34,37.0,34.0,44.68,5.57,86.67,mango
99.76,23.66,57.54,27.56,85.56,6.55,598.88,watermelon
42.73,139.42,181.22,24.43,92.91,6.43,109.05,apple
121.97,21.29,55.82,26.11,96.94,6.81,350.0,muskmelon
72.17,51.93,23.13,21.6,53.58,7.48,784.12,maize
61.02,61.73,22.0,25.37,59.39,5.35,66.48,maize
64.23,52.12,32.74,26.49,60.8,7.51,167.16,soybean
35.79,40.66,14.54,29.58,78.4,7.29,64.39,mungbean
18.92,75.85,22.63,24.98,73.18,7.67,43.59,lentil
27.2,48.11,17.69,26.12,88.68,6.32,50.17,mungbean
20.5,47.18,78.71,20.9,33.44,6.66,101.62,chickpea
15.67,37.33,23.92,26.31,55.04,4.63,733.98,mango
80.77,35.51,24.14,22.66,53.35,6.54,184.04,coffee
26.71,71.65,18.72,18.81,29.64,5.91,952.8,kidneybeans
63.18,49.34,38.22,29.35,83.59,6.24,2800.0,jute
20.95,10.55,32.9,17.87,94.31,7.03,742.01,pomegranate
49.37,36.59,44.5,29.29,61.93,6.78,90.92,soybean
84.22,41.43,48.41,22.08,79.3,5.92,265.74,rice
77.72,32.48,42.61,26.24,93.64,6.07,1366.19,rice
129.08,27.44,27.7,24.43,71.68,7.32,178.64,coffee
110.28,75.14,54.39,27.75,84.28,5.89,126.62,banana
45.06,56.89,68.19,14.35,34.28,6.07,41.32,chickpea
63.31,69.22,21.7,36.61,61.88,7.75,762.03,blackgram
38.27,84.4,25.54,25.54,54.91,6.12,131.86,soybean
83.17,48.97,22.27,35.61,33.71,8.5,136.86,sorghum
108.58,67.34,45.31,27.64,82.41,6.43,104.35,banana
166.53,55.49,102.78,39.53,61.68,8.1,1498.84,sugarcane
20.56,29.64,27.63,25.38,97.13,6.2,245.51,coconut
76.77,32.55,28.01,16.07,49.89,7.17,53.22,wheat
107.6,26.81,36.03,28.18,51.15,7.51,172.83,coffee
102.28,28.66,53.2,27.61,91.73,6.19,590.15,watermelon
18.51,40.23,16.75,27.52,87.91,6.16,37.61,mungbean
38.17,58.52,25.3,29.07,43.56,7.82,603.97,mothbeans
15.06,126.12,221.1,22.83,94.94,5.67,832.19,apple
137.58,77.58,68.33,26.13,85.94,7.07,110.87,sugarcane
32.29,69.08,17.98,25.81,30.45,5.44,480.51,kidneybeans
24.95,75.75,23.34,20.2,27.49,6.18,163.64,kidneybeans
20.76,139.2,199.58,43.99,80.44,5.61,58.59,grapes
37.24,26.83,32.54,32.65,57.31,6.59,80.66,mango
193.98,73.24,93.46,33.53,82.18,6.25,2503.07,sugarcane
14.06,75.29,33.26,35.27,53.57,8.44,657.99,pigeonpeas
32.19,77.11,19.47,20.75,63.91,6.01,39.52,lentil
32.32,74.23,15.36,24.81,20.8,6.0,96.24,kidneybeans
29.57,46.24,15.51,23.46,43.03,9.4,691.06,mothbeans
102.61,39.47,17.18,22.22,60.22,6.27,123.28,cotton
190.94,50.42,75.94,37.34,59.93,7.99,2400.4,sugarcane
63.65,47.54,42.95,23.13,76.66,6.97,343.1,rice
31.36,70.63,21.84,25.85,67.18,6.23,54.5,lentil
46.57,65.06,21.32,24.46,46.39,7.93,60.36,soybean
42.56,58.69,13.85,26.3,50.34,7.29,66.69,mothbeans
108.49,64.07,50.86,39.51,62.93,7.43,582.05,sorghum
24.46,20.85,13.98,26.65,95.45,6.98,123.13,orange
23.5,26.76,11.52,31.36,99.51,6.97,91.35,orange
39.01,14.31,40.57,24.84,83.88,7.36,103.4,pomegranate
125.88,38.08,36.22,14.24,61.7,6.31,540.71,wheat
94.73,58.49,45.59,16.34,62.34,6.62,52.16,wheat
85.78,74.34,59.3,24.44,85.1,5.74,1025.87,banana
188.95,75.38,101.81,38.8,58.3,7.82,1841.92,sugarcane
30.01,71.05,36.4,34.08,54.27,6.52,620.78,pigeonpeas
19.3,81.07,61.71,19.82,32.49,6.29,98.3,chickpea
40.54,47.67,16.55,26.75,41.17,6.62,657.65,mothbeans
43.26,61.11,27.73,38.79,55.24,7.23,164.04,pigeonpeas
30.17,86.03,19.93,22.8,27.28,6.0,117.48,kidneybeans
74.68,36.47,26.52,22.05,65.72,5.94,55.55,maize
62.15,83.77,17.01,27.73,70.31,6.81,675.13,blackgram
26.52,40.44,23.77,30.91,65.69,6.92,538.46,mothbeans
139.58,35.55,27.48,34.27,69.17,5.9,77.14,cotton
22.1,73.75,20.17,18.68,23.2,6.02,549.7,kidneybeans
19.99,25.64,18.99,34.05,95.63,7.97,131.32,orange
23.5,148.91,180.37,27.56,82.21,6.48,506.51,grapes
19.15,31.17,9.87,32.0,85.91,6.34,103.75,orange
34.1,17.71,11.94,19.79,97.68,6.0,928.69,orange
55.51,33.41,26.8,27.93,67.41,6.31,933.87,maize
76.46,47.89,49.1,21.18,62.05,5.91,87.39,wheat
39.39,47.5,22.61,28.37,56.83,6.46,31.15,mothbeans
36.55,54.99,26.57,27.43,76.53,7.31,37.47,mungbean
186.99,75.85,59.18,26.84,57.08,6.86,115.07,sugarcane
35.84,63.69,15.7,30.78,89.43,6.4,48.86,mungbean
88.45,43.57,27.11,25.22,49.73,8.4,651.7,sorghum
28.75,54.56,17.57,19.47,29.45,6.02,76.83,kidneybeans
37.82,67.02,88.18,14.84,13.88,8.26,406.21,chickpea
96.79,73.63,50.59,30.71,79.99,6.54,1306.45,banana
116.93,11.75,51.24,30.12,85.58,6.81,25.1,muskmelon
68.19,55.12,38.62,36.34,86.63,6.79,327.37,jute
122.79,35.66,33.15,20.62,63.58,7.69,751.76,wheat
166.0,79.0,102.84,25.49,65.07,8.19,169.57,sugarcane
28.93,139.8,203.57,27.12,77.44,6.66,64.67,grapes
30.21,88.83,24.75,26.84,74.59,8.2,144.38,pigeonpeas
24.75,60.14,79.02,20.86,25.81,6.11,69.03,chickpea
45.04,71.85,44.53,25.05,96.18,6.63,267.06,papaya
36.07,63.07,26.14,30.24,88.62,6.27,48.57,mungbean
116.38,61.78,50.84,28.85,38.76,6.29,606.64,sorghum
18.15,50.03,23.04,27.86,93.05,6.48,56.19,mungbean
103.59,15.51,27.84,22.01,72.12,6.79,134.4,coffee
99.07,46.05,42.53,21.57,89.04,6.75,2753.34,rice
61.33,39.41,39.37,27.03,79.45,7.37,2560.66,jute
16.15,155.05,199.19,35.36,78.71,6.09,68.69,grapes
34.57,19.58,28.75,37.05,43.18,7.08,986.87,mango
27.89,33.21,25.88,26.71,53.16,3.74,55.14,mothbeans
117.21,35.59,31.81,24.92,72.12,6.73,160.41,coffee
25.53,20.72,11.15,23.01,87.51,7.86,107.54,orange
33.66,68.2,67.69,16.63,32.23,8.24,102.16,chickpea
39.79,57.13,45.23,28.23,99.64,7.13,2086.38,papaya
30.06,51.36,89.06,19.22,14.2,6.98,764.36,chickpea
74.82,54.7,54.89,38.54,93.07,6.37,1256.68,papaya
22.53,26.3,37.18,33.89,49.03,4.82,101.26,mango
24.26,50.65,40.2,36.15,43.38,7.93,165.1,pigeonpeas
39.53,23.82,38.4,19.89,96.01,6.35,795.66,pomegranate
39.95,56.57,23.85,30.56,42.87,4.5,79.76,mothbeans
16.69,132.4,180.19,23.93,94.94,6.23,122.44,apple
18.24,18.57,15.04,23.38,91.27,7.2,105.48,orange
74.15,83.79,42.72,28.69,83.26,6.18,90.49,banana
20.2,124.57,217.67,20.61,95.05,5.39,117.62,apple
28.46,62.82,14.83,15.07,19.49,5.43,162.32,kidneybeans
83.2,49.73,45.55,27.92,99.21,6.6,1920.27,rice
15.38,62.13,21.8,33.74,67.49,6.59,885.05,pigeonpeas
29.69,83.35,35.38,37.05,48.42,5.64,683.85,pigeonpeas
33.11,19.65,41.36,23.36,89.2,5.64,928.0,pomegranate
28.11,21.81,23.38,31.57,55.14,6.12,979.24,mango
32.75,47.83,43.56,19.87,61.85,6.72,1160.9,soybean
33.03,15.15,31.56,37.32,54.5,4.75,899.01,mango
22.26,129.65,205.99,41.01,82.77,6.03,69.66,grapes
41.85,75.8,47.63,29.39,49.3,7.86,969.97,soybean
156.75,47.0,91.07,27.31,74.93,6.51,1549.32,sugarcane
101.51,55.87,19.83,37.77,49.51,7.81,130.82,cotton
37.26,12.92,48.56,23.65,85.14,6.58,999.26,pomegranate
92.95,58.98,37.98,32.15,84.62,6.63,286.31,jute
90.85,62.24,21.56,25.43,74.99,5.92,948.1,maize
28.06,16.34,32.6,27.27,87.5,6.26,192.56,coconut
98.71,12.78,57.8,29.57,93.07,6.82,350.0,muskmelon
26.05,146.41,203.57,24.75,90.28,6.38,117.38,apple
97.15,38.55,17.96,27.42,54.64,7.36,949.07,maize
43.28,85.12,61.57,21.99,13.68,6.66,39.59,chickpea
41.45,13.73,18.34,22.88,90.15,8.13,735.74,orange
44.53,58.21,14.95,24.64,72.86,6.71,169.75,pigeonpeas
143.81,33.43,40.5,36.71,49.3,8.09,1057.1,cotton
15.87,59.31,23.71,26.96,65.94,6.71,43.78,mothbeans
82.73,20.77,45.61,23.99,89.2,6.63,408.95,watermelon
113.26,76.78,49.97,26.93,76.89,6.29,888.35,banana
24.62,9.27,10.47,33.41,86.99,6.2,106.33,orange
20.1,52.71,27.87,23.29,42.68,7.2,664.77,pigeonpeas
41.48,80.55,26.3,28.77,62.97,7.0,60.24,blackgram
41.03,79.71,15.84,37.96,54.54,6.03,583.79,pigeonpeas
41.2,143.23,203.7,24.49,98.16,6.1,847.95,apple
38.22,112.97,214.06,36.76,84.66,5.98,507.9,grapes
34.81,62.95,14.79,25.09,26.68,5.75,985.13,kidneybeans
35.25,11.28,25.78,25.93,85.95,6.03,184.26,coconut
24.46,11.32,34.23,23.8,90.78,5.98,2006.81,coconut
35.14,26.95,29.48,25.89,93.33,5.46,245.82,coconut
23.14,67.2,25.47,18.33,20.87,5.79,64.31,kidneybeans
33.09,17.88,35.33,23.27,89.0,7.06,115.07,pomegranate
31.71,37.74,23.42,31.36,54.36,6.93,66.54,mothbeans
102.22,89.83,44.0,28.43,77.5,5.75,92.37,banana
40.95,71.34,36.82,26.75,80.45,8.15,739.24,soybean
50.43,57.54,42.73,27.45,60.35,8.33,759.35,sorghum
127.6,73.28,91.19,26.34,72.13,6.91,1102.81,sugarcane
47.91,86.07,35.01,23.47,71.44,5.96,927.51,soybean
48.55,51.79,21.51,34.28,72.93,6.93,495.14,blackgram
14.95,126.17,190.81,37.71,88.65,6.03,63.44,grapes
28.96,31.11,17.29,32.61,94.43,6.13,91.55,orange
70.88,51.81,31.08,14.58,38.79,7.46,78.84,wheat
81.65,16.18,26.72,26.48,63.4,6.03,148.81,coffee
24.37,73.4,17.16,18.85,20.82,6.09,1067.47,kidneybeans
109.22,26.3,41.48,30.42,94.58,6.08,350.0,muskmelon
69.3,52.39,32.01,19.32,58.37,7.1,62.21,maize
94.36,41.41,37.13,30.44,95.27,7.56,2800.0,jute
63.35,54.01,55.09,25.2,88.03,6.53,1741.75,papaya
60.97,41.5,54.09,22.49,96.59,6.41,233.76,papaya
54.68,82.37,16.32,32.68,58.52,6.89,640.03,blackgram
27.55,83.49,20.98,25.25,27.6,5.82,106.39,kidneybeans
14.2,20.6,23.42,30.37,56.08,6.87,108.73,mango
83.98,22.44,33.92,28.66,60.8,7.43,216.0,coffee
111.95,49.57,30.08,26.1,65.01,7.15,67.94,wheat
40.24,16.68,48.55,19.41,90.59,6.83,112.83,pomegranate
37.83,31.42,33.94,18.08,91.77,6.17,1129.08,pomegranate
104.29,37.76,26.65,21.87,70.68,7.28,65.8,maize
20.53,52.65,13.85,26.93,76.41,7.33,59.53,mungbean
36.82,26.83,19.3,20.66,91.36,7.17,131.14,orange
24.72,10.89,35.48,24.35,93.48,7.28,946.43,pomegranate
40.83,114.58,189.03,24.59,94.44,5.51,1310.86,apple
99.67,62.43,29.11,29.37,53.56,7.39,553.23,maize
80.54,24.66,42.49,25.77,48.11,7.88,498.64,sorghum
14.58,75.15,23.8,20.98,21.16,5.46,61.46,kidneybeans
35.84,58.07,23.07,26.21,76.86,6.48,50.79,mungbean
14.88,12.77,41.11,21.06,95.07,5.73,1158.47,pomegranate
37.28,18.24,9.53,22.18,85.82,7.77,94.13,orange
108.49,39.04,46.04,24.35,67.26,7.44,704.21,wheat
106.52,16.96,49.8,26.48,86.25,6.48,371.06,muskmelon
104.25,63.78,26.78,27.33,57.34,8.18,398.5,sorghum
37.59,150.69,181.05,33.9,87.05,6.21,73.11,grapes
43.21,52.04,26.34,32.03,73.19,7.04,900.73,pigeonpeas
99.19,28.93,46.68,21.77,67.45,7.38,926.15,cotton
63.69,48.92,46.55,25.64,89.75,6.64,185.09,rice
78.42,53.7,36.83,31.54,84.68,6.45,218.55,jute
51.31,81.6,88.24,16.8,17.33,7.47,49.26,chickpea
21.08,55.99,13.8,37.68,52.54,6.8,629.93,pigeonpeas
19.66,130.67,188.39,15.28,82.88,6.47,65.04,grapes
157.33,70.88,103.63,33.19,78.33,6.05,1557.17,sugarcane
93.35,69.54,24.89,34.15,51.96,8.33,983.6,cotton
20.83,139.8,207.48,41.02,87.79,5.81,537.93,grapes
81.89,68.25,56.8,29.99,82.67,6.19,923.84,banana
59.94,70.05,51.13,21.92,88.99,6.98,157.1,papaya
40.69,85.58,19.56,19.57,69.56,7.43,534.12,lentil
27.7,49.28,23.31,23.19,61.52,5.83,632.43,pigeonpeas
70.3,47.98,29.14,28.98,61.2,8.05,384.03,sorghum
97.63,41.68,19.95,24.06,77.49,7.63,625.09,maize
25.57,33.6,33.86,26.94,49.39,6.13,106.16,mango
28.02,45.13,43.13,28.23,70.74,7.67,129.89,pigeonpeas
104.8,21.11,52.76,25.8,86.17,6.89,50.25,watermelon
71.25,45.16,51.98,42.68,90.04,6.39,1749.29,papaya
35.91,151.48,181.48,23.49,96.94,6.25,1267.91,apple
14.57,37.24,30.39,32.14,50.54,5.03,974.53,mango
24.85,23.95,42.64,25.62,85.33,6.17,730.11,pomegranate
41.76,59.02,23.64,20.21,71.9,7.54,350.0,lentil
34.37,146.32,213.7,24.82,86.11,6.2,134.17,apple
35.47,61.05,21.22,29.28,89.86,6.46,570.93,mungbean
146.89,72.39,91.02,26.78,87.95,8.06,136.33,sugarcane
17.63,49.5,25.97,30.76,84.28,6.46,39.55,mungbean
64.86,48.0,45.81,45.7,96.35,6.34,1483.95,papaya
44.24,88.5,28.93,33.23,40.33,6.15,622.81,pigeonpeas
110.17,10.9,47.12,26.23,97.49,6.96,350.0,muskmelon
28.55,28.53,37.06,26.66,43.03,5.81,754.61,mango
90.05,29.55,36.07,24.69,55.17,6.25,159.62,coffee
20.24,69.84,38.82,22.07,69.55,6.44,652.04,pigeonpeas
42.69,141.16,201.76,20.47,89.15,6.63,127.7,apple
108.97,29.29,50.19,26.76,86.09,6.39,460.67,watermelon
27.87,86.4,18.99,25.55,25.14,5.7,102.8,kidneybeans
37.64,22.29,33.08,37.15,48.56,5.48,765.54,mango
30.24,28.66,32.29,27.69,95.71,5.4,1119.22,coconut
66.67,44.64,40.47,30.35,78.86,6.58,2800.0,jute
18.46,75.52,22.12,29.79,64.37,5.99,565.58,lentil
128.28,19.93,56.3,27.92,87.41,6.09,524.6,watermelon
86.53,53.48,15.21,21.89,64.7,6.04,79.94,maize
100.01,74.03,47.23,25.33,82.22,6.48,915.98,banana
34.9,67.18,74.69,24.12,31.92,7.46,98.27,chickpea
28.15,74.08,39.03,22.52,38.02,7.39,188.37,pigeonpeas
94.32,53.23,14.17,24.9,66.14,7.3,642.2,maize
35.42,49.63,23.54,28.89,92.46,6.4,371.48,mungbean
40.21,34.06,22.56,32.22,43.82,7.31,350.0,mothbeans
165.41,47.88,99.17,36.62,59.06,6.22,2742.52,sugarcane
14.92,34.28,14.39,32.83,88.71,6.04,390.3,mungbean
91.16,58.46,42.97,31.38,82.02,7.15,295.7,jute
34.04,76.94,14.74,17.84,22.42,5.78,120.79,kidneybeans
163.74,64.69,57.87,39.29,78.88,8.17,1898.49,sugarcane
78.47,55.3,44.77,25.18,81.51,7.37,315.91,rice
32.24,55.71,80.52,22.35,29.18,6.46,49.74,chickpea
40.21,28.86,23.31,27.87,96.77,6.65,2041.81,coconut
72.38,47.19,43.41,29.05,85.47,6.74,1939.08,jute
35.23,25.93,16.66,23.93,96.0,7.03,1159.95,orange
110.44,24.55,58.09,23.13,79.93,5.92,385.3,watermelon
37.08,58.56,59.07,27.53,96.24,6.72,197.78,papaya
114.1,30.21,33.64,23.27,69.82,6.04,1526.17,coffee
72.69,52.12,39.04,27.41,68.15,7.34,847.59,sorghum
29.04,61.15,29.25,31.47,39.82,7.13,699.88,pigeonpeas
93.65,51.28,34.46,30.88,84.5,6.5,2800.0,jute
14.19,12.61,18.28,13.25,88.75,6.87,826.26,orange
18.3,16.6,43.51,17.69,98.96,6.56,98.6,pomegranate
38.94,73.48,46.82,23.54,86.9,6.79,234.83,papaya
105.81,37.88,47.36,22.44,90.54,7.0,267.95,rice
29.82,20.95,14.38,16.02,88.74,7.46,104.11,orange
39.8,25.99,34.54,31.32,90.48,6.15,193.51,coconut
79.06,28.93,33.13,27.41,72.59,6.3,111.96,coffee
28.67,82.66,60.1,24.59,25.88,7.98,707.58,chickpea
119.27,46.25,83.24,29.97,70.53,6.02,265.02,sugarcane
83.59,34.69,30.3,28.49,67.14,6.14,128.05,coffee
108.94,54.39,50.86,13.36,57.65,7.16,531.73,wheat
29.56,17.0,34.07,27.39,47.76,5.23,1023.1,mango
32.74,154.94,221.14,9.86,80.58,5.86,510.06,grapes
26.11,9.49,32.02,25.83,89.7,5.8,1753.08,coconut
160.81,72.88,59.51,37.03,86.63,7.1,153.85,sugarcane
24.46,135.49,207.98,21.24,90.74,6.22,1022.77,apple
57.6,53.39,75.85,23.47,19.16,8.55,538.4,chickpea
37.42,48.62,80.85,23.9,31.83,5.99,64.5,chickpea
83.67,63.95,31.02,25.93,59.82,7.55,110.61,maize
44.61,62.66,14.06,25.84,61.55,7.99,630.85,blackgram
49.07,86.3,35.85,33.24,61.46,6.7,182.71,pigeonpeas
38.05,62.34,24.23,27.59,93.83,7.04,426.06,mungbean
105.57,27.59,48.37,26.37,85.32,6.07,49.08,watermelon
94.7,59.36,34.01,21.03,79.7,5.88,2342.55,rice
37.43,26.23,36.94,28.87,95.99,6.07,1832.39,coconut
34.0,18.01,9.2,18.81,91.45,6.35,94.9,orange
29.27,54.92,18.01,33.23,63.73,8.75,75.84,mothbeans
41.41,21.06,46.12,24.04,91.03,6.26,103.81,pomegranate
42.61,82.97,24.55,29.34,71.13,8.03,416.75,lentil
32.27,19.25,37.38,19.35,93.67,7.15,95.75,pomegranate
88.09,43.63,26.79,26.22,73.0,7.03,70.84,maize
117.54,58.93,30.46,24.87,68.83,7.21,105.77,sorghum
76.12,17.23,53.26,23.7,89.24,5.92,605.69,watermelon
42.51,34.2,32.53,34.09,43.92,4.86,97.99,mango
94.22,51.53,22.08,32.73,58.94,8.38,720.66,sorghum
55.7,81.41,16.39,34.57,68.97,6.83,705.82,blackgram
105.59,43.72,50.25,18.94,38.24,7.67,62.44,wheat
49.82,46.82,74.58,18.48,22.75,8.64,350.0,chickpea
65.04,62.81,30.17,22.1,71.95,6.83,68.21,maize
25.43,85.62,16.59,22.17,46.29,8.35,54.17,pigeonpeas
45.61,70.96,74.02,24.11,23.78,6.04,456.4,chickpea
69.05,34.76,41.69,25.59,55.27,7.48,90.97,wheat
79.68,32.26,35.45,22.42,57.16,6.49,154.73,coffee
124.22,15.9,43.32,23.36,76.22,6.71,577.68,watermelon
33.78,56.12,25.88,18.35,19.51,5.78,86.98,kidneybeans
95.06,23.77,53.0,28.94,88.78,6.45,361.08,muskmelon
63.6,80.21,19.63,32.21,65.93,7.33,58.82,blackgram
92.64,52.77,41.49,36.23,78.21,7.85,159.24,cotton
103.24,93.95,57.5,27.95,79.93,6.2,835.56,banana
187.25,84.73,88.7,28.31,58.68,8.18,2169.99,sugarcane
24.37,13.53,41.61,25.77,96.97,6.96,98.71,pomegranate
124.78,24.98,23.37,27.39,48.38,7.4,1250.64,coffee
94.99,17.59,37.48,28.42,69.99,6.31,1626.04,coffee
23.72,36.27,25.34,29.49,86.71,7.41,614.8,mungbean
19.04,15.21,13.97,15.82,93.92,7.79,808.12,orange
38.8,82.86,15.08,17.8,65.61,6.46,54.26,lentil
33.01,59.11,80.98,21.99,18.58,8.23,352.52,chickpea
119.33,29.16,47.66,24.01,89.85,6.98,434.02,watermelon
28.89,28.24,26.8,31.35,51.8,5.91,99.61,mango
38.3,135.92,217.89,12.08,86.24,5.36,73.06,grapes
36.55,10.02,16.24,22.91,92.7,6.1,121.02,orange
39.65,33.99,20.5,26.49,43.21,3.5,500.27,mothbeans
22.09,73.99,14.9,26.82,68.31,5.84,439.45,lentil
51.14,47.52,68.4,17.91,26.72,6.15,88.56,chickpea
40.98,57.42,86.02,17.86,24.54,6.9,793.15,chickpea
150.93,29.6,17.64,22.93,53.52,6.55,972.93,cotton
35.49,11.37,34.61,21.43,90.99,6.39,111.63,pomegranate
41.94,20.02,33.8,31.19,57.26,5.97,77.88,mango
85.55,49.4,39.31,34.6,78.54,6.13,257.42,jute
24.35,83.1,14.53,26.21,30.67,6.1,71.6,kidneybeans
27.94,13.76,44.78,20.37,82.57,7.36,100.96,pomegranate
93.91,19.36,30.49,26.93,71.52,6.77,188.43,coffee
90.4,53.21,38.04,36.42,98.79,7.57,304.15,jute
19.0,21.6,36.69,21.93,99.34,6.79,1160.76,pomegranate
92.19,46.94,19.69,19.05,60.91,6.8,952.71,maize
119.31,10.4,46.67,24.44,84.0,6.66,431.93,watermelon
55.8,62.22,48.63,28.86,72.02,7.14,88.01,soybean
18.69,77.45,83.79,21.07,25.88,6.2,517.57,chickpea
31.3,41.31,16.27,26.61,62.79,4.76,575.53,mothbeans
174.41,53.53,80.36,37.84,64.65,6.13,1285.84,sugarcane
36.55,37.14,27.62,35.89,50.68,7.1,907.64,mango
53.19,73.91,54.27,35.67,93.37,6.4,199.07,papaya
65.81,43.5,20.01,23.49,75.69,6.77,112.32,maize
69.62,54.06,44.68,31.19,85.27,5.96,1912.74,jute
85.96,27.07,43.18,33.06,43.26,7.1,170.24,sorghum
123.72,38.21,34.82,23.68,51.36,6.81,47.49,wheat
125.79,91.17,47.83,31.13,84.19,5.97,109.65,banana
23.59,16.65,16.55,11.51,96.68,7.4,121.07,orange
177.03,74.08,101.73,29.58,81.58,8.13,169.2,sugarcane
31.64,44.19,24.49,23.37,63.14,5.46,672.88,mothbeans
14.36,79.95,15.41,20.2,68.64,5.85,41.96,lentil
97.27,76.83,46.57,28.88,71.45,6.09,967.44,banana
52.34,70.99,84.32,17.51,17.56,7.43,632.89,chickpea
35.43,117.08,193.78,21.44,89.45,6.43,902.75,apple
39.27,69.04,17.83,17.26,27.5,5.73,158.01,kidneybeans
27.35,19.7,29.91,30.74,95.09,6.03,2372.21,coconut
93.03,16.78,35.61,27.39,62.97,6.66,1953.68,coffee
55.31,32.8,53.11,25.41,77.47,6.42,120.53,soybean
27.14,41.3,19.88,26.49,87.41,6.05,63.34,mungbean
20.02,72.45,15.37,14.89,30.6,5.51,75.36,kidneybeans
37.34,22.27,47.31,25.55,86.0,6.35,122.26,pomegranate
128.04,21.81,58.25,30.94,98.6,6.54,360.75,muskmelon
18.04,46.19,21.38,27.4,55.21,5.61,350.0,mothbeans
92.02,69.08,15.79,17.68,66.49,7.47,114.13,maize
49.1,72.42,63.99,23.37,20.45,7.54,481.58,chickpea
82.25,58.6,40.61,29.5,96.01,6.31,2085.88,jute
49.75,68.37,24.97,32.87,65.23,6.75,547.8,blackgram
38.43,44.84,43.9,27.07,88.38,7.2,157.37,papaya
102.68,43.94,45.74,22.66,90.64,5.48,2684.21,rice
37.65,113.15,206.87,32.46,81.28,6.02,74.58,grapes
36.4,142.21,211.91,23.34,89.11,6.2,76.02,grapes
31.47,140.49,211.76,21.93,93.05,6.36,123.15,apple
39.63,64.58,19.83,23.37,73.39,7.64,448.39,lentil
28.79,48.69,23.84,25.0,55.88,5.13,70.56,mothbeans
66.0,50.4,52.07,35.32,70.94,6.29,406.55,sorghum
74.15,32.33,46.55,27.24,84.65,5.9,63.32,watermelon
37.39,10.61,29.94,28.03,93.77,6.47,1164.34,coconut
96.88,59.46,30.69,25.68,67.69,6.4,1025.68,maize
118.1,57.86,74.86,29.77,81.73,6.23,1870.8,sugarcane
37.23,46.57,24.67,25.31,74.39,6.24,107.04,pigeonpeas
54.12,63.82,45.24,26.79,93.44,7.17,2149.67,papaya
28.34,63.52,20.47,27.27,58.54,6.63,355.65,lentil
109.51,36.11,26.43,23.31,56.53,5.84,1094.3,coffee
111.38,27.47,32.5,27.92,73.46,7.59,217.23,coffee
21.69,84.58,47.39,25.6,76.22,7.44,1143.11,soybean
65.75,43.83,37.86,36.36,88.8,7.18,2800.0,jute
74.31,63.39,50.71,25.81,60.65,6.94,80.37,wheat
26.1,11.22,36.68,24.88,85.65,5.42,1478.6,coconut
67.91,47.37,34.14,36.24,80.34,6.16,2737.18,jute
167.75,78.59,69.46,33.22,68.37,6.5,262.92,sugarcane
21.82,70.78,76.09,21.95,18.23,8.72,729.28,chickpea
37.06,35.12,21.28,29.11,65.89,7.5,42.47,mothbeans
89.76,32.71,45.64,33.42,68.88,6.98,78.61,cotton
58.48,45.58,37.3,27.15,95.9,7.2,296.83,jute
92.53,53.83,35.83,19.0,76.9,6.99,2800.0,rice
17.74,20.89,39.39,17.48,99.36,6.58,104.92,pomegranate
41.62,138.58,217.38,29.44,78.78,5.91,555.68,grapes
38.17,49.01,19.37,30.77,93.29,6.89,53.21,mungbean
111.88,89.53,42.09,31.03,84.37,5.81,114.23,banana
20.83,132.09,191.45,22.01,88.32,5.67,123.96,apple
39.96,43.09,23.57,32.5,67.95,9.46,46.29,mothbeans
33.9,62.26,25.63,20.81,26.17,6.11,965.76,kidneybeans
17.52,49.48,29.92,31.94,45.92,7.73,66.64,pigeonpeas
18.41,48.66,63.32,17.19,19.3,7.31,668.33,chickpea
119.74,65.82,25.04,27.14,50.52,6.53,132.27,cotton
106.77,32.98,23.33,18.66,71.57,5.62,1044.88,maize
20.31,25.05,33.04,19.25,95.19,5.98,94.93,pomegranate
28.92,74.52,43.62,28.36,64.6,7.49,172.22,soybean
27.01,61.61,21.67,32.58,42.44,8.08,81.97,mothbeans
50.56,50.43,36.34,35.28,43.52,7.91,125.5,pigeonpeas
120.3,32.14,34.95,21.32,61.17,5.94,1151.83,cotton
25.59,48.21,23.15,25.77,54.65,7.84,436.85,mothbeans
31.01,70.73,21.61,28.08,57.16,6.72,527.5,lentil
53.05,51.43,17.18,29.17,60.06,8.0,60.61,blackgram
37.71,63.41,15.76,29.0,56.83,8.88,350.0,mothbeans
78.72,50.76,19.16,25.98,57.18,7.08,88.27,maize
28.98,85.97,50.66,21.67,72.87,7.7,149.42,soybean
106.83,100.1,43.48,25.32,88.28,6.66,126.36,banana
47.28,61.99,25.75,33.08,71.93,7.82,1040.79,pigeonpeas
58.64,45.05,59.27,45.71,86.57,7.0,1096.08,papaya
30.45,69.47,21.94,15.44,19.47,5.34,98.17,kidneybeans
21.32,31.08,30.53,24.15,98.62,6.5,1434.95,coconut
35.05,74.24,14.18,22.83,24.3,5.69,161.07,kidneybeans
56.68,53.26,30.94,29.67,52.42,5.88,61.08,sorghum
110.85,33.56,30.82,28.9,48.81,6.48,1819.44,coffee
37.76,61.02,19.51,22.41,29.99,5.8,65.55,kidneybeans
40.74,10.94,31.68,24.43,94.03,6.21,1132.6,coconut
122.88,30.48,50.07,29.97,95.71,6.91,350.0,muskmelon
27.47,28.44,33.4,31.03,90.39,6.43,1954.39,coconut
47.47,48.75,49.69,33.21,89.59,6.46,2271.6,papaya
104.22,28.0,49.99,29.59,91.49,5.88,27.22,muskmelon
46.9,84.33,17.88,33.93,70.02,7.27,459.31,blackgram
43.51,41.64,48.3,23.33,96.21,6.96,165.76,papaya
109.12,42.39,25.25,38.6,57.29,8.24,975.64,sorghum
35.61,46.17,19.0,24.22,58.64,7.77,438.37,mothbeans
97.23,25.58,50.1,28.41,94.1,6.79,350.0,muskmelon
115.99,11.81,59.26,24.2,81.6,6.72,62.87,watermelon
16.08,118.64,191.16,25.82,83.24,5.54,504.15,grapes
116.29,25.6,29.67,28.76,47.59,7.63,108.73,coffee
33.06,140.0,198.7,21.76,98.06,6.1,126.2,apple
102.34,25.18,30.86,26.9,63.1,6.66,137.46,coffee
100.02,59.2,41.03,30.44,52.51,8.16,110.98,sorghum
41.75,147.68,185.44,14.88,82.15,5.93,678.15,grapes
128.43,64.67,44.95,25.42,87.47,5.34,92.39,banana
114.2,19.87,47.81,31.4,87.93,6.61,21.7,muskmelon
32.58,49.21,14.71,26.64,85.59,7.06,419.78,mungbean
33.53,84.46,14.36,24.58,62.44,6.47,514.09,blackgram
57.41,32.24,40.44,24.96,96.7,7.32,2531.62,jute
23.04,14.72,34.85,25.49,94.91,6.27,1648.93,coconut
165.41,48.2,81.08,34.83,64.26,5.83,175.42,sugarcane
17.06,89.78,19.75,34.03,63.09,6.52,115.85,pigeonpeas
97.61,56.72,32.7,21.29,86.64,5.55,1758.37,rice
31.88,65.49,14.14,15.53,23.07,5.89,85.23,kidneybeans
39.94,116.21,212.24,20.71,79.23,6.63,740.53,grapes
38.97,62.07,21.48,24.81,26.26,5.82,1138.76,kidneybeans
115.75,59.27,47.61,34.01,36.82,8.14,724.03,sorghum
14.68,41.9,26.51,32.43,59.46,7.56,101.35,pigeonpeas
25.9,77.86,14.72,37.64,44.97,7.53,164.72,pigeonpeas
89.26,72.45,57.15,26.38,74.65,6.35,1126.17,banana
38.49,57.48,26.8,23.85,69.37,7.51,70.72,blackgram
92.82,26.22,41.76,27.8,87.77,5.93,350.0,muskmelon
14.4,66.07,19.4,14.77,27.34,5.95,1177.82,kidneybeans
22.17,64.0,25.37,23.26,28.67,5.74,76.57,kidneybeans
91.94,13.69,49.19,25.72,91.34,6.96,419.9,watermelon
63.76,28.57,22.03,36.85,49.17,6.25,658.6,sorghum
74.37,24.93,44.66,29.34,90.79,6.88,27.8,muskmelon
128.81,25.89,56.94,24.89,84.75,7.11,583.37,watermelon
64.59,38.74,19.03,22.61,72.36,7.47,861.75,maize
127.27,53.67,85.37,29.12,58.7,5.82,1173.25,sugarcane
47.36,52.0,42.83,34.85,58.35,6.93,504.32,pigeonpeas
88.44,75.93,48.3,23.89,88.33,6.12,111.12,banana
34.99,24.52,11.32,15.55,86.24,8.03,734.95,orange
18.87,53.98,56.5,27.61,81.71,5.72,495.1,soybean
39.74,14.3,25.52,26.28,91.2,5.78,217.3,coconut
31.76,20.24,40.23,20.09,85.36,7.27,96.55,pomegranate
126.9,31.84,46.87,34.12,65.33,7.75,647.82,cotton
21.48,34.34,43.14,25.91,68.19,6.22,801.94,soybean
26.48,10.05,13.94,22.05,86.23,7.65,1031.27,orange
18.25,79.15,21.26,21.94,29.64,5.8,83.4,kidneybeans
116.14,23.86,45.37,27.04,89.08,5.98,516.88,watermelon
98.05,41.83,32.95,24.46,93.35,6.21,234.5,rice
41.63,73.26,26.04,29.45,64.98,7.48,79.83,blackgram
38.92,14.65,24.56,32.75,57.03,6.58,90.42,mango
40.71,47.52,90.16,15.11,33.57,6.99,38.59,chickpea
36.77,72.36,41.95,39.96,87.86,6.8,199.88,papaya
28.98,55.01,16.18,28.91,61.55,6.6,42.65,mothbeans
15.34,14.58,23.65,23.79,97.51,5.45,232.11,coconut
107.0,25.86,59.38,27.26,82.96,6.03,392.8,watermelon
32.12,29.66,19.91,22.2,97.7,6.37,834.01,orange
37.84,50.76,38.93,24.27,53.19,7.81,1208.13,soybean
39.16,29.68,26.63,32.13,55.72,6.86,852.67,mango
18.85,57.96,19.51,20.87,30.59,5.4,794.5,kidneybeans
21.79,10.79,29.7,26.17,88.36,6.29,226.15,coconut
34.59,137.42,203.77,22.49,96.56,5.83,1126.37,apple
91.01,44.02,48.57,34.44,81.41,6.7,2577.11,jute
107.38,97.25,51.17,28.48,78.33,5.41,1306.42,banana
21.55,55.04,19.1,26.91,60.86,9.5,644.34,mothbeans
86.13,32.63,33.19,34.57,85.17,7.45,258.27,jute
15.07,11.36,11.04,29.77,85.54,7.93,121.36,orange
109.19,32.73,47.64,36.4,64.38,5.88,756.41,sorghum
93.12,46.32,28.1,25.27,38.4,6.8,739.45,wheat
36.72,50.01,47.46,23.64,99.3,6.37,1592.08,papaya
26.76,21.86,29.79,29.53,96.42,6.54,1657.64,coconut
36.39,40.75,25.04,33.07,59.82,9.5,436.48,mothbeans
48.6,48.0,54.64,31.73,89.55,6.31,1539.0,papaya
77.69,50.28,25.8,20.86,73.29,5.47,62.35,maize
80.26,49.36,50.56,24.68,59.64,6.69,391.94,wheat
25.84,21.08,33.81,22.52,85.12,7.13,1085.52,pomegranate
63.13,47.31,45.72,32.05,63.97,7.46,1203.5,soybean
97.47,57.97,39.91,25.56,81.0,6.02,2272.53,rice
49.42,39.74,30.51,23.8,54.38,7.92,1174.56,soybean
28.24,22.09,33.96,17.14,89.74,5.98,93.32,pomegranate
46.31,60.15,50.59,33.58,51.37,7.02,160.17,soybean
22.75,29.17,21.29,19.81,88.42,7.47,101.88,orange
144.74,68.0,43.19,30.31,41.16,7.06,848.77,cotton
68.05,72.5,54.09,38.57,87.9,6.32,242.64,papaya
27.75,78.37,23.13,18.57,66.35,7.95,46.74,lentil
111.82,67.24,41.96,25.72,76.39,5.61,1276.0,banana
46.29,79.11,29.72,35.27,49.06,7.15,751.48,soybean
92.13,56.44,45.9,31.29,98.52,6.03,2128.82,jute
127.73,58.53,31.77,26.47,56.02,7.38,109.28,cotton
16.19,54.45,24.58,18.52,57.5,7.95,428.45,lentil
65.42,50.06,23.53,31.4,37.03,7.16,953.68,sorghum
43.07,76.91,75.36,18.96,23.77,7.3,622.64,chickpea
38.75,24.04,43.08,22.46,94.1,7.32,101.14,pomegranate
110.02,17.98,45.39,26.61,96.09,5.98,31.5,muskmelon
121.41,9.28,58.29,24.4,91.13,6.8,39.04,watermelon
53.31,76.37,21.57,31.75,59.98,7.01,587.46,blackgram
14.77,114.25,211.05,23.65,78.66,5.81,513.53,grapes
22.16,40.98,24.93,25.26,41.63,4.39,435.89,mothbeans
18.45,15.38,17.52,28.38,89.55,6.17,1157.87,orange
30.8,16.67,47.78,19.73,92.78,5.54,1128.68,pomegranate
75.79,25.3,29.42,24.31,36.46,6.59,435.73,sorghum
48.87,76.28,27.0,32.6,71.47,6.44,719.15,blackgram
95.51,50.16,35.48,38.1,78.26,5.93,117.24,cotton
32.29,59.08,16.67,25.58,59.1,6.9,693.24,blackgram
22.96,82.7,14.22,21.96,23.37,5.94,142.65,kidneybeans
103.03,95.77,50.37,27.61,74.06,6.14,952.27,banana
14.05,12.29,36.22,26.6,91.73,5.9,197.68,coconut
52.27,58.71,56.04,24.48,95.38,6.91,1596.56,papaya
77.69,35.97,45.53,28.52,51.34,8.34,149.4,sorghum
18.17,16.71,28.85,27.14,56.88,5.78,84.68,mango
37.15,34.44,23.4,33.61,44.9,4.4,88.14,mango
19.18,51.74,20.35,17.07,28.73,6.07,66.48,kidneybeans
29.14,22.99,16.53,36.37,98.15,6.08,94.48,orange
14.7,129.83,195.9,40.27,83.6,5.37,62.1,grapes
101.0,20.85,36.52,28.87,55.47,6.21,196.92,coffee
94.65,11.85,53.76,30.0,92.78,6.59,350.0,muskmelon
108.45,13.12,52.59,26.04,84.77,6.18,57.56,watermelon
110.02,74.25,42.3,27.4,78.55,5.37,1046.56,banana
94.37,46.01,44.88,26.58,83.37,6.15,2800.0,jute
49.82,66.16,33.87,34.74,66.55,8.03,1014.2,soybean
50.53,83.37,41.05,21.1,69.8,7.76,1103.32,soybean
28.68,21.38,9.27,20.13,87.35,6.74,1035.14,orange
40.61,28.47,32.12,27.8,89.99,6.31,2133.2,coconut
14.47,79.55,18.77,17.26,21.79,5.78,148.65,kidneybeans
143.18,57.94,47.03,22.5,63.91,7.09,58.83,cotton
40.28,46.51,21.93,32.66,92.58,7.27,39.66,mungbean
15.83,19.0,30.76,37.03,52.0,5.16,109.84,mango
16.03,30.9,47.87,22.38,93.23,7.12,98.65,pomegranate
27.7,119.66,221.36,8.44,78.22,6.15,70.7,grapes
128.01,64.52,52.32,30.38,79.69,5.72,129.51,banana
157.58,63.02,88.3,30.34,64.37,6.58,1138.02,sugarcane
61.0,47.07,15.36,24.56,61.67,5.67,719.28,maize
187.01,53.33,89.15,32.9,66.64,7.14,185.51,sugarcane
22.68,74.1,15.34,24.94,68.96,6.71,446.79,lentil
101.55,97.62,45.01,29.5,72.12,5.98,103.28,banana
34.31,25.28,48.15,19.41,99.41,6.66,974.6,pomegranate
14.21,9.34,35.31,29.95,89.58,5.74,1504.63,coconut
104.37,37.59,38.54,20.68,80.86,6.31,238.17,rice
111.85,25.58,55.67,27.72,90.63,5.95,24.6,muskmelon
103.7,44.11,46.78,26.92,85.86,7.19,2150.16,rice
30.86,14.4,36.05,30.09,88.7,6.0,1353.44,coconut
96.22,28.44,52.11,29.9,88.58,6.98,23.36,muskmelon
79.85,35.07,40.54,32.9,61.64,6.32,475.13,cotton
182.21,76.79,98.04,36.07,62.62,6.48,214.43,sugarcane
32.78,59.0,22.53,20.45,25.39,5.52,922.19,kidneybeans
155.56,52.78,59.63,37.71,63.02,6.82,1373.1,sugarcane
79.55,32.81,46.91,28.64,55.03,6.78,92.7,sorghum
35.55,52.26,19.89,25.43,39.99,3.88,79.67,mothbeans
112.28,77.08,48.39,30.01,78.21,5.61,117.07,banana
43.66,66.61,34.27,29.55,45.34,8.23,125.62,pigeonpeas
114.26,20.81,48.35,27.33,90.38,6.35,21.35,muskmelon
24.2,52.97,36.79,34.34,70.51,5.43,119.97,pigeonpeas
31.05,148.56,193.37,32.9,81.46,6.03,722.35,grapes
22.73,31.78,19.68,10.24,89.89,6.24,112.45,orange
76.63,55.35,46.48,27.27,70.2,8.67,672.72,cotton
19.53,147.41,193.65,19.39,80.24,5.94,64.38,grapes
16.75,27.71,26.44,23.8,95.21,5.4,2204.54,coconut
30.44,15.32,23.77,26.67,90.46,6.2,196.54,coconut
40.27,39.83,22.31,24.4,58.29,4.39,350.0,mothbeans
127.43,27.54,24.76,27.16,50.76,7.45,2043.84,coffee
14.92,23.17,37.44,35.0,46.95,4.62,86.11,mango
18.79,81.89,24.62,23.83,23.06,5.37,146.14,kidneybeans
17.88,63.18,23.43,26.61,67.4,7.87,41.67,lentil
70.79,32.67,38.5,37.68,88.0,6.6,1856.93,jute
42.73,51.77,81.69,14.82,15.96,7.17,98.66,chickpea
108.29,36.73,16.78,26.77,63.48,7.67,770.83,maize
125.73,50.05,68.97,27.47,57.96,7.88,1502.23,sugarcane
40.1,48.74,17.43,31.95,89.19,7.27,42.75,mungbean
100.28,89.42,43.08,26.54,88.84,5.6,1035.25,banana
51.34,58.69,44.67,31.91,38.06,8.66,67.82,sorghum
25.78,79.28,25.08,21.15,19.32,6.06,87.02,kidneybeans
34.28,35.56,18.45,23.47,42.92,6.01,52.63,mothbeans
91.19,80.3,55.24,28.3,87.16,6.02,95.75,banana
42.53,123.26,209.05,20.37,94.23,6.03,126.92,apple
112.6,58.06,48.61,18.43,45.67,6.36,58.58,wheat
32.06,86.54,34.22,28.54,45.39,6.16,57.05,pigeonpeas
36.32,118.33,182.07,25.14,90.59,6.6,1123.85,apple
35.58,31.61,44.13,23.8,92.76,5.87,106.82,pomegranate
76.04,73.65,58.47,27.08,75.93,5.78,97.8,banana
42.05,45.47,49.32,32.19,96.66,7.2,1305.49,papaya
76.4,40.7,38.05,23.11,86.45,6.17,325.74,rice
39.51,62.55,21.87,27.74,61.24,7.56,586.99,blackgram
116.53,14.63,47.59,27.18,88.52,6.97,527.64,watermelon
38.64,82.6,24.43,25.32,23.04,5.62,67.48,kidneybeans
42.81,50.18,24.92,29.36,39.99,3.77,663.0,mothbeans
127.64,31.42,51.58,27.94,96.91,6.41,378.3,muskmelon
78.63,47.82,40.59,35.4,79.57,6.52,296.9,jute
107.43,40.28,44.8,27.53,38.22,6.8,171.38,sorghum
90.26,29.72,32.54,26.75,53.38,5.91,176.42,coffee
99.27,39.86,30.69,22.24,75.89,7.13,767.9,maize
37.11,64.92,24.07,27.04,66.67,6.27,58.52,lentil
93.25,28.24,26.38,24.78,50.96,7.07,136.71,coffee
21.73,80.08,54.97,26.91,72.98,7.45,530.1,soybean
94.41,44.52,39.28,31.1,76.56,8.74,884.88,cotton
29.61,116.47,208.08,24.45,86.22,6.03,855.13,apple
19.03,28.78,45.65,19.03,82.12,6.96,120.24,pomegranate
16.64,33.4,37.52,30.17,49.88,6.01,102.45,mango
107.43,28.67,40.77,38.4,51.86,8.23,1007.05,sorghum
80.15,43.24,22.52,19.87,77.36,5.84,114.96,maize
104.47,60.85,31.27,18.4,74.83,5.47,86.45,maize
95.28,43.25,32.74,27.23,96.86,6.61,1952.42,jute
29.21,24.89,18.1,35.22,97.3,7.04,1138.52,orange
87.63,38.04,47.7,25.27,98.62,6.85,196.71,rice
64.63,55.87,44.19,19.23,84.46,5.35,274.88,rice
128.17,55.89,73.41,38.71,87.72,7.26,214.67,sugarcane
21.23,18.72,41.4,19.38,91.66,7.4,105.68,pomegranate
100.38,28.81,27.5,25.43,71.78,7.21,110.97,coffee
41.24,49.97,49.43,38.79,93.24,7.13,187.93,papaya
55.44,52.54,23.89,23.9,58.56,6.65,901.27,soybean
35.3,61.07,14.19,23.27,71.2,6.88,55.93,lentil
15.28,61.04,17.12,17.87,23.33,5.6,899.47,kidneybeans
28.61,48.65,60.69,18.75,21.88,7.9,102.8,chickpea
119.47,20.15,36.25,26.62,54.17,7.21,1256.49,coffee
37.23,16.16,36.55,26.57,93.45,6.48,243.39,coconut
93.83,54.17,20.28,19.2,59.08,6.96,69.24,maize
129.05,71.38,59.06,29.39,80.22,5.98,87.47,banana
59.28,49.85,48.98,34.7,96.51,6.65,1669.0,papaya
76.14,56.57,43.42,31.25,94.82,7.38,1704.16,jute
24.82,83.8,79.72,18.46,22.19,5.86,50.4,chickpea
53.08,84.68,28.03,31.6,47.64,6.85,75.9,pigeonpeas
94.85,61.18,21.76,23.32,64.25,7.56,720.34,maize
49.05,84.18,73.69,24.55,19.33,5.93,350.0,chickpea
155.1,77.17,58.57,28.13,74.97,6.94,1745.76,sugarcane
20.19,26.09,16.18,27.39,90.01,6.63,130.06,orange
58.29,64.33,47.39,23.47,37.8,6.65,161.15,sorghum
24.06,34.72,17.37,25.19,45.11,9.37,51.66,mothbeans
49.9,76.13,16.3,39.04,40.68,7.5,1131.55,pigeonpeas
16.65,81.3,17.56,22.25,28.78,6.03,1165.68,kidneybeans
41.59,57.46,16.38,31.09,82.87,6.26,623.97,mungbean
181.1,55.51,102.14,25.55,61.31,6.35,2738.15,sugarcane
105.63,84.1,43.73,30.85,82.08,5.68,103.44,banana
62.84,74.56,20.11,25.99,69.53,7.27,624.18,blackgram
29.56,30.9,17.57,20.33,93.61,7.24,908.13,orange
110.22,15.65,47.67,29.43,89.99,6.78,27.36,muskmelon
39.73,38.45,21.65,25.69,83.21,7.31,32.72,mungbean
50.9,52.55,76.82,20.21,21.94,8.01,561.04,chickpea
75.18,29.48,55.78,24.54,83.37,6.98,47.59,watermelon
31.6,22.47,28.55,23.82,93.81,6.63,1548.37,coconut
37.23,34.46,35.98,31.9,52.92,5.34,78.41,mango
170.26,47.3,90.0,30.65,64.07,7.25,2400.29,sugarcane
127.99,26.69,51.73,23.9,93.92,6.87,641.62,watermelon
52.23,75.25,47.67,31.91,71.68,6.42,1000.09,soybean
22.37,47.99,23.97,27.6,47.63,8.06,58.65,mothbeans
20.74,152.71,195.24,21.61,88.38,5.45,942.71,apple
49.0,76.23,17.04,30.36,62.45,7.79,524.5,blackgram
119.01,92.32,55.75,26.25,79.46,5.82,930.2,banana
82.83,28.37,45.42,36.4,57.02,8.03,942.18,sorghum
26.25,61.03,43.17,39.43,46.2,6.72,117.51,pigeonpeas
126.31,31.18,16.53,35.9,78.74,6.77,189.34,cotton
32.66,26.0,37.09,29.55,92.38,5.88,174.82,coconut
97.54,81.21,48.62,24.15,84.81,6.66,103.76,banana
126.02,66.71,95.05,25.96,79.2,6.34,1761.81,sugarcane
20.07,65.79,21.47,17.89,59.48,7.19,471.55,lentil
87.08,98.84,52.7,25.25,79.63,5.66,113.88,banana
38.64,51.58,14.39,18.18,62.01,7.88,34.83,lentil
15.71,132.84,220.44,23.13,93.9,6.02,112.22,apple
40.54,140.92,201.62,21.24,95.51,6.69,1209.72,apple
35.38,128.68,208.6,27.63,86.86,5.36,641.22,grapes
51.98,60.68,25.33,31.88,67.07,7.77,73.63,blackgram
17.83,41.8,19.4,25.42,66.18,8.36,32.59,mothbeans
21.12,29.73,34.86,30.32,50.45,4.63,102.41,mango
90.99,33.8,35.89,26.29,77.73,5.9,2800.0,rice
24.85,55.56,72.06,19.1,28.86,7.01,477.99,chickpea
47.14,85.55,21.84,24.44,72.15,6.6,57.9,blackgram
118.23,67.51,107.37,32.22,72.58,6.64,1293.99,sugarcane
17.93,58.85,23.77,28.71,60.2,6.0,558.25,mothbeans
39.25,15.0,23.86,29.58,99.77,5.67,1645.54,coconut
114.51,87.28,46.96,25.41,75.2,6.25,131.24,banana
37.47,82.64,36.34,23.12,48.1,7.99,88.21,soybean
23.82,24.56,24.52,34.6,52.63,6.64,87.09,mango
124.84,19.99,50.49,23.51,78.27,5.89,492.76,watermelon
118.09,49.86,24.77,15.5,48.59,6.45,75.87,wheat
38.78,53.39,24.88,25.2,70.95,7.23,79.13,blackgram
123.22,60.12,69.12,34.05,83.6,7.03,108.59,sugarcane
21.61,138.67,206.5,24.82,94.79,5.91,100.36,apple
98.96,49.99,35.58,33.82,57.59,7.26,455.64,cotton
128.63,21.53,48.32,23.72,89.98,7.09,377.89,watermelon
27.99,31.22,28.5,25.8,94.86,6.69,1442.5,coconut
19.59,23.3,32.87,30.96,90.47,5.69,140.4,coconut
110.56,21.15,54.97,24.93,87.96,6.28,56.68,watermelon
79.76,20.67,43.94,24.25,81.98,6.72,59.03,watermelon
106.0,37.42,27.66,25.55,52.7,7.26,1460.66,coffee
24.73,35.89,50.16,31.06,55.04,7.95,121.2,soybean
74.78,48.34,44.26,37.26,78.39,7.44,269.73,jute
143.72,80.47,88.92,28.64,76.11,6.34,168.13,sugarcane
32.74,76.23,15.57,20.63,60.87,7.2,486.94,lentil
54.56,66.12,15.44,26.51,62.03,7.75,698.48,blackgram
16.52,133.47,184.02,8.71,81.7,5.52,72.9,grapes
41.77,81.77,25.6,25.28,67.65,6.81,75.44,blackgram
36.18,14.31,33.56,24.46,97.81,5.82,2140.8,coconut
93.1,57.4,23.03,23.34,65.56,7.32,105.12,maize
39.11,64.11,30.06,19.29,45.93,7.6,508.73,soybean
127.32,86.27,44.66,27.72,88.47,5.68,116.56,banana
58.82,53.67,75.29,14.83,30.76,7.15,60.54,chickpea
39.44,52.14,17.52,25.18,57.89,7.81,769.5,blackgram
14.26,75.93,18.94,26.03,64.05,6.16,51.24,lentil
47.27,68.28,55.95,33.76,92.83,6.72,173.93,papaya
35.91,14.56,25.45,28.09,93.16,5.43,251.83,coconut
23.68,27.44,14.91,25.39,97.75,6.1,114.92,orange
29.79,57.3,26.73,30.37,70.14,7.42,356.22,lentil
18.31,136.91,181.23,11.31,82.88,6.19,523.95,grapes
106.29,67.34,14.55,28.88,73.61,6.46,1072.83,maize
31.02,49.16,16.44,36.29,62.21,6.58,1220.97,pigeonpeas
39.71,48.69,22.39,30.95,84.23,6.66,37.18,mungbean
107.38,37.81,48.25,21.25,66.93,7.7,61.46,cotton
46.55,90.48,34.16,35.22,41.03,5.57,1199.65,pigeonpeas
122.4,31.16,57.49,28.16,86.32,6.51,350.0,muskmelon
33.3,20.88,27.9,25.93,51.76,7.03,100.64,mango
25.25,24.71,24.19,26.19,45.83,4.92,924.92,mango
31.15,75.88,44.53,22.41,54.66,7.96,82.76,soybean
32.82,69.44,19.98,25.59,64.01,6.1,35.06,lentil
62.75,54.29,15.77,26.83,73.69,6.61,83.07,maize
115.7,79.17,59.27,31.05,86.73,6.27,121.93,banana
33.03,140.57,204.73,20.65,94.45,5.6,1044.06,apple
45.41,58.88,39.36,24.01,76.38,6.06,1062.96,soybean
108.12,55.91,22.64,18.41,78.06,6.04,644.65,maize
36.54,59.44,48.64,33.64,65.93,5.66,54.27,soybean
88.16,82.37,43.69,24.27,86.98,5.91,123.76,banana
31.04,13.19,28.34,26.82,98.7,5.4,166.13,coconut
92.51,34.64,33.93,26.88,83.35,7.11,2800.0,rice
22.1,19.38,47.54,18.57,81.04,5.87,962.31,pomegranate
63.24,51.47,33.23,26.91,86.17,6.75,2800.0,rice
88.1,34.07,35.73,18.14,52.62,6.86,81.32,wheat
97.25,61.9,52.5,23.09,50.95,6.28,559.61,sorghum
148.94,72.74,63.94,30.37,67.97,5.97,165.27,sugarcane
23.19,37.0,16.65,27.55,66.64,7.62,64.88,mothbeans
43.1,86.15,26.47,29.7,66.05,7.77,548.15,blackgram
102.84,21.27,37.12,24.61,68.18,6.21,1834.61,coffee
87.3,34.19,45.8,33.89,80.95,6.4,226.16,jute
71.68,49.34,53.38,30.15,94.5,6.47,126.03,papaya
60.51,64.88,45.4,22.49,50.95,7.96,830.77,soybean
20.79,27.25,35.23,26.62,48.81,6.7,795.27,mango
82.52,53.19,33.66,25.71,81.83,5.69,330.05,rice
28.43,36.99,24.96,27.11,85.78,6.24,581.63,mungbean
14.44,33.57,29.02,34.09,45.15,4.97,833.5,mango
36.6,19.11,24.88,26.1,95.23,6.52,159.55,coconut
24.69,67.57,39.94,29.54,49.52,6.07,106.63,pigeonpeas
124.11,88.45,43.93,25.15,86.57,6.63,1280.78,banana
36.44,51.61,13.81,27.02,88.96,6.24,500.13,mungbean
74.86,53.87,14.33,22.9,72.58,6.7,632.26,maize
113.12,27.03,49.58,24.38,87.39,6.02,44.08,watermelon
36.16,74.46,48.25,40.82,94.43,6.88,170.73,papaya
16.28,17.51,36.02,26.19,88.18,5.8,184.85,coconut
20.15,29.45,23.6,37.09,45.65,6.47,946.21,mango
69.35,35.23,20.14,34.54,55.63,8.24,623.85,sorghum
176.23,65.53,87.17,35.89,77.24,7.33,265.79,sugarcane
43.42,68.39,41.71,23.49,91.66,6.68,207.75,papaya
62.86,85.35,21.46,33.18,72.05,6.57,548.37,blackgram
41.36,61.69,19.84,23.77,44.96,8.75,62.5,mothbeans
102.52,70.12,52.42,29.25,77.97,5.6,872.06,banana
126.96,14.49,57.11,31.16,97.67,6.08,350.0,muskmelon
35.72,145.89,182.42,24.85,94.67,6.67,111.19,apple
39.24,20.09,31.77,30.29,97.33,5.72,203.36,coconut
34.86,51.02,21.39,22.33,74.39,7.34,993.64,soybean
70.09,48.35,29.09,23.88,59.17,6.72,350.0,wheat
23.4,111.39,203.78,11.2,87.15,6.24,71.84,grapes
62.56,71.24,55.23,29.91,87.96,6.97,210.65,papaya
14.13,111.6,214.15,36.26,79.92,6.55,69.44,grapes
19.77,18.52,25.97,25.62,95.28,6.53,216.92,coconut
20.75,156.03,207.61,23.88,97.78,6.24,119.51,apple
18.47,50.65,35.11,33.2,54.38,6.16,889.17,soybean
23.57,21.94,30.85,34.32,49.55,4.83,100.8,mango
99.97,19.14,50.08,28.97,86.04,6.12,350.0,muskmelon
19.97,20.24,37.19,25.13,88.6,6.64,151.83,coconut
33.45,52.2,19.53,32.18,39.15,5.77,708.81,mothbeans
39.39,84.42,18.44,32.9,63.52,6.33,709.3,blackgram
68.4,71.29,49.68,27.95,89.03,7.13,2080.47,papaya
99.53,39.38,23.73,19.07,77.1,7.05,94.69,maize
51.04,47.75,30.93,37.47,49.15,7.62,1153.68,pigeonpeas
17.18,70.44,26.28,29.45,70.1,7.6,49.81,lentil
47.48,58.87,50.39,38.36,96.74,7.15,1815.84,papaya
87.03,46.53,34.22,27.43,86.38,6.33,1953.35,jute
38.83,64.97,34.74,28.78,39.92,7.06,888.88,pigeonpeas
89.66,29.97,34.14,28.95,52.37,5.87,1156.27,coffee
17.21,58.29,23.85,25.57,40.99,3.96,33.41,mothbeans
36.43,51.95,17.6,32.85,94.23,7.41,58.55,mungbean
37.58,139.15,181.35,26.72,79.11,6.0,514.7,grapes
110.92,19.81,45.56,25.82,94.99,6.83,32.24,muskmelon
101.32,24.62,56.62,24.25,89.63,7.04,47.77,watermelon
30.6,18.67,18.42,12.13,89.52,7.9,1068.77,orange
110.64,18.09,45.46,23.42,78.03,6.84,50.01,watermelon
94.19,90.26,58.83,28.69,87.73,5.77,84.1,banana
95.61,25.62,54.15,25.05,90.48,6.07,572.33,watermelon
22.19,57.31,14.84,31.24,42.41,9.32,55.14,mothbeans
91.25,48.05,14.58,23.17,74.74,7.01,851.47,maize
75.03,90.77,55.53,28.43,79.99,5.86,1188.02,banana
111.69,12.84,57.61,30.99,90.47,6.14,350.0,muskmelon
77.41,35.21,16.99,24.2,48.48,6.81,479.37,cotton
158.63,54.37,80.33,27.25,74.77,7.8,215.07,sugarcane
112.41,56.52,22.8,29.07,69.39,7.63,715.34,maize
36.93,77.68,24.23,23.91,19.69,5.92,573.77,kidneybeans
97.4,64.93,43.59,14.95,44.08,7.68,376.33,wheat
24.76,38.97,24.34,29.91,77.76,6.02,47.21,mungbean
42.78,46.65,23.72,32.28,85.65,6.78,399.01,mungbean
30.95,129.45,218.63,22.96,96.84,6.3,116.79,apple
16.86,28.14,25.45,29.24,92.06,5.74,140.3,coconut
94.78,56.04,51.08,14.67,45.36,6.23,59.54,wheat
86.99,19.9,58.86,31.21,94.86,5.84,350.0,muskmelon
69.35,54.95,47.4,45.31,91.18,7.12,205.78,papaya
81.41,35.55,36.42,24.27,42.92,6.89,192.96,cotton
88.49,30.18,42.65,23.4,80.98,6.76,500.01,watermelon
52.69,51.82,14.57,31.33,62.2,7.83,633.29,blackgram
42.06,18.09,21.15,20.7,97.63,6.55,98.33,orange
110.15,18.11,27.91,26.98,54.19,6.11,1067.91,coffee
78.17,36.68,34.17,23.24,96.79,6.82,2800.0,rice
60.82,72.73,45.87,23.78,96.12,6.89,182.36,papaya
14.57,46.68,16.35,27.58,81.39,6.62,427.88,mungbean
57.8,42.11,46.78,25.08,85.12,7.07,2152.97,jute
93.5,38.59,24.77,37.38,62.51,6.52,876.87,cotton
23.12,56.75,18.84,31.49,52.57,7.96,66.37,mothbeans
24.23,35.14,20.92,23.49,46.65,8.73,350.0,mothbeans
29.18,135.48,184.59,35.57,77.44,5.58,807.66,grapes
24.6,13.28,14.25,20.22,92.05,7.91,90.6,orange
20.93,49.04,21.44,30.62,61.74,5.85,355.54,mothbeans
42.95,156.31,210.83,22.06,88.91,6.46,908.04,apple
107.07,35.87,42.75,28.41,37.05,8.0,57.63,sorghum
60.91,54.26,26.92,35.08,58.98,6.34,675.92,blackgram
23.56,29.51,11.04,34.41,90.38,6.52,113.35,orange
42.46,56.7,88.73,23.55,25.32,6.17,617.42,chickpea
122.45,13.24,49.81,26.69,87.81,5.95,502.94,watermelon
106.17,41.03,22.53,24.42,70.44,7.36,103.7,maize
123.35,24.94,36.53,25.64,68.21,6.41,1969.83,coffee
64.88,66.99,42.43,30.5,76.14,6.91,149.79,cotton
142.49,59.68,74.01,28.51,63.59,7.67,2693.06,sugarcane
92.39,17.7,28.61,25.95,72.12,5.9,107.01,coffee
127.28,56.18,68.76,29.12,81.56,8.14,165.44,sugarcane
89.34,44.39,49.76,33.07,62.49,6.06,133.3,sorghum
99.37,96.4,44.09,24.9,78.87,5.46,782.41,banana
49.7,50.84,61.46,23.83,20.93,6.05,656.83,chickpea
16.39,44.49,16.69,33.19,86.75,6.18,33.87,mungbean
102.27,54.13,49.02,17.06,45.21,7.39,73.26,wheat
115.12,11.37,42.55,31.21,88.92,6.86,32.29,muskmelon
30.48,54.83,19.11,23.72,58.31,6.6,350.0,mothbeans
77.47,49.52,27.37,18.45,50.89,7.23,61.97,wheat
87.75,66.82,46.36,18.62,51.85,6.86,605.26,wheat
27.11,31.15,24.2,36.31,47.69,5.89,690.25,mango
44.11,51.57,42.02,38.53,92.62,6.52,187.62,papaya
18.76,118.9,204.53,23.6,95.51,5.77,109.58,apple
17.54,32.05,23.61,31.12,87.48,6.61,1466.39,coconut
27.03,11.79,48.5,22.46,94.0,5.96,108.83,pomegranate
38.82,54.29,69.86,19.56,27.11,7.58,823.69,chickpea
122.98,22.7,44.05,24.9,89.89,6.31,49.97,watermelon
73.91,92.63,49.8,28.85,73.49,6.36,1083.0,banana
23.01,41.81,14.14,28.71,83.62,6.62,63.22,mungbean
18.45,9.66,20.04,14.4,92.32,7.24,850.39,orange
93.55,43.63,36.38,22.24,84.95,7.38,299.96,rice
17.51,27.52,23.64,27.89,99.32,6.42,1772.62,coconut
173.88,72.49,87.07,25.8,81.66,7.17,137.57,sugarcane
92.06,65.4,28.76,21.98,73.45,7.19,95.14,maize
93.42,17.0,37.68,23.84,54.42,6.04,1160.07,coffee
83.61,23.36,52.76,26.9,85.6,6.68,31.53,muskmelon
37.33,23.66,17.61,22.47,98.59,7.41,1104.84,orange
43.41,56.91,26.54,28.71,46.62,7.67,178.82,pigeonpeas
107.22,14.12,23.52,29.07,55.61,6.08,1105.83,coffee
129.4,40.68,43.08,17.88,42.27,7.58,81.89,wheat
32.24,33.79,23.05,26.33,47.27,5.44,386.55,mothbeans
15.34,29.76,33.1,33.63,55.96,4.42,944.87,mango
23.2,91.39,16.64,28.34,39.66,6.64,777.71,pigeonpeas
70.4,34.0,42.72,27.68,92.69,5.99,332.25,rice
40.85,64.71,26.95,27.4,59.7,7.81,393.87,lentil
114.23,30.37,47.11,29.53,95.53,6.06,369.36,muskmelon
118.63,17.62,56.34,24.41,77.42,6.79,420.02,watermelon
76.29,28.87,46.92,27.22,84.3,6.42,655.14,watermelon
19.76,117.79,209.52,18.24,83.41,6.1,524.74,grapes
19.98,10.65,33.54,21.73,96.31,5.83,1167.68,pomegranate
19.84,115.33,216.93,22.13,88.13,5.34,539.43,grapes
91.31,27.41,47.89,30.63,91.75,6.79,26.69,muskmelon
51.53,85.05,17.28,23.09,45.61,5.84,950.3,pigeonpeas
104.41,24.49,46.0,27.79,51.75,6.21,41.51,sorghum
86.45,38.32,31.81,13.94,58.48,6.2,444.96,wheat
42.17,16.76,24.91,36.7,50.56,6.15,777.43,mango
16.31,53.77,32.39,33.77,40.14,7.59,51.05,pigeonpeas
93.42,43.98,38.24,26.78,93.26,7.24,193.45,rice
21.69,152.65,201.35,12.08,77.89,5.63,58.61,grapes
35.46,11.78,34.33,28.9,99.37,5.51,120.17,coconut
31.59,22.84,34.55,33.5,48.24,4.42,812.81,mango
68.29,42.85,26.24,23.29,72.64,6.31,595.28,maize
41.27,85.22,25.85,27.79,65.31,7.86,461.83,blackgram
38.56,21.69,14.07,21.5,95.7,7.24,1024.61,orange
90.85,31.46,53.58,25.59,77.09,6.4,383.58,watermelon
121.11,28.73,35.31,28.55,52.72,6.67,2006.66,coffee
30.8,65.0,26.16,25.91,67.04,7.56,536.82,lentil
39.54,79.11,23.38,19.92,65.38,7.29,350.0,lentil
40.71,62.47,17.87,28.86,60.85,6.1,47.31,lentil
17.32,48.96,19.59,26.82,58.29,6.46,585.44,mothbeans
85.34,12.26,53.78,27.41,87.44,6.03,21.74,muskmelon
80.45,58.62,24.02,26.26,74.49,5.94,152.14,cotton
26.99,10.28,13.66,28.85,98.0,7.45,98.35,orange
40.4,17.34,23.38,30.24,51.92,5.52,687.91,mango
101.78,61.81,53.43,33.57,44.14,7.93,831.68,sorghum
27.5,61.78,22.63,29.99,65.93,7.15,536.4,lentil
29.87,67.58,61.27,21.85,19.58,6.15,765.25,chickpea
91.96,36.8,50.83,30.16,44.01,7.57,36.87,sorghum
70.64,54.92,41.68,28.08,95.54,7.11,1392.11,papaya
18.58,62.88,22.06,26.14,40.03,7.42,645.3,mothbeans
80.9,23.69,30.34,28.4,55.25,6.7,124.97,coffee
79.76,41.36,37.06,25.31,91.54,5.57,1496.78,rice
101.3,47.82,34.29,21.28,96.75,6.91,2307.72,rice
17.33,34.96,26.62,27.21,61.35,6.69,48.73,mothbeans
94.26,13.26,44.41,22.84,79.92,7.05,578.95,watermelon
41.82,125.36,201.44,23.67,97.09,5.61,1152.35,apple
81.54,16.7,28.67,25.24,67.58,7.06,1271.01,coffee
95.81,19.49,31.89,21.89,48.51,6.0,125.72,coffee
26.44,85.06,26.04,20.6,64.23,7.95,57.95,lentil
60.74,66.33,55.25,27.16,93.6,6.43,179.05,papaya
120.5,36.07,35.02,22.49,62.56,6.55,199.69,coffee
40.75,11.82,24.54,28.97,86.6,5.63,2080.55,coconut
24.39,51.39,16.18,22.5,59.83,7.92,57.6,lentil
52.79,81.66,18.54,35.8,63.99,6.64,68.42,blackgram
22.24,153.28,189.7,23.54,99.35,6.05,125.44,apple
25.1,124.11,188.47,30.25,82.78,6.18,81.67,grapes
17.09,35.62,18.32,27.38,60.2,8.3,416.41,mothbeans
63.29,34.89,22.37,19.55,70.48,6.49,91.89,maize
118.45,28.45,51.81,31.25,99.05,6.22,350.0,muskmelon
97.42,63.69,24.83,19.57,67.5,5.75,96.49,maize
69.04,69.9,46.94,13.3,57.45,7.25,40.28,wheat
74.85,32.23,22.55,24.99,78.38,7.06,56.24,maize
116.42,63.48,67.89,31.81,65.98,7.53,208.43,sugarcane
122.6,68.27,75.68,35.08,78.74,7.72,177.18,sugarcane
82.97,36.97,22.73,19.49,56.66,5.83,517.72,maize
64.87,54.77,45.65,42.84,86.15,7.15,130.89,papaya
134.57,29.17,33.18,28.24,78.48,6.52,141.93,cotton
15.12,10.64,34.3,26.34,87.82,5.73,2409.29,coconut
16.02,68.58,22.82,22.19,31.21,5.87,931.34,kidneybeans
41.99,59.26,20.27,35.79,44.3,5.63,50.48,pigeonpeas
39.23,11.38,44.34,26.02,87.81,6.9,112.24,pomegranate
37.45,84.16,18.99,15.35,19.31,5.81,643.21,kidneybeans
63.71,63.47,18.9,31.06,58.45,6.67,681.75,blackgram
115.98,70.35,53.48,30.16,84.37,6.64,1008.64,banana
35.38,52.64,21.84,17.33,28.02,5.98,62.21,kidneybeans
28.44,145.74,199.67,37.8,83.99,5.78,592.03,grapes
25.16,21.99,16.57,23.4,87.64,6.65,126.98,orange
87.93,99.53,50.72,30.81,77.51,5.67,1285.78,banana
35.9,68.3,15.76,27.22,62.17,6.98,37.44,lentil
25.11,13.74,32.96,23.73,83.65,5.67,768.0,pomegranate
117.66,52.61,47.55,14.53,51.35,6.37,543.01,wheat
88.69,24.82,48.28,30.14,91.5,6.02,30.93,muskmelon
20.77,40.55,21.11,29.98,70.27,6.11,1200.5,soybean
23.82,15.31,40.66,18.08,93.03,5.73,933.77,pomegranate
87.33,46.84,34.83,32.11,97.67,6.45,2011.83,jute
20.3,58.39,21.11,30.26,80.58,7.09,65.5,mungbean
74.96,11.49,52.98,24.01,80.68,6.39,476.78,watermelon
112.43,20.7,47.01,25.87,76.37,6.13,487.59,watermelon
71.89,47.72,38.16,24.64,89.7,5.9,1453.3,rice
18.71,130.75,195.19,21.1,98.66,5.62,123.11,apple
55.68,49.69,19.72,27.2,76.4,6.18,937.65,maize
114.5,19.35,42.09,27.61,90.23,6.45,27.78,muskmelon
16.95,51.39,18.05,30.08,71.94,7.61,388.09,lentil
81.18,38.64,32.29,28.12,83.82,6.28,2800.0,rice
25.87,17.89,26.29,27.83,53.33,5.08,99.33,mango
100.4,47.41,26.24,23.28,64.04,6.71,57.16,wheat
23.48,48.75,16.71,31.11,89.16,6.03,457.93,mungbean
76.0,35.1,35.38,19.92,93.98,6.73,2800.0,rice
108.42,21.03,41.66,27.44,82.33,6.46,45.65,watermelon
74.74,12.32,53.14,27.29,94.72,6.31,379.85,muskmelon
85.35,66.75,59.08,28.09,79.17,6.6,947.74,banana
46.82,65.99,31.58,19.25,66.27,5.63,716.9,soybean
42.79,53.41,13.93,24.93,69.45,7.65,775.04,blackgram
126.2,29.34,55.41,23.63,89.44,7.15,510.61,watermelon
189.18,59.58,57.08,32.75,67.15,7.21,2691.35,sugarcane
86.7,42.31,21.76,23.17,59.45,6.62,99.37,maize
127.67,86.08,79.02,26.41,63.31,7.56,215.67,sugarcane
116.37,56.77,33.99,33.55,41.32,6.73,720.0,sorghum
38.45,78.31,33.53,38.55,59.18,8.17,66.17,pigeonpeas
125.79,52.75,38.07,34.64,73.65,8.36,835.99,cotton
69.37,27.76,37.85,23.47,45.46,8.08,439.05,sorghum
47.33,45.27,40.75,27.65,78.6,7.09,89.85,soybean
148.56,43.27,41.97,23.15,57.6,6.32,163.47,cotton
75.69,40.45,32.17,37.67,44.13,6.99,171.32,sorghum
35.37,64.4,55.91,28.19,94.68,6.54,189.05,papaya
38.67,44.72,18.44,32.55,77.72,6.23,566.85,mungbean
29.5,36.87,19.2,32.25,46.83,8.12,62.8,mothbeans
76.24,15.28,32.55,25.26,61.25,6.47,161.35,coffee
22.17,116.93,188.63,40.95,81.56,6.22,630.19,grapes
29.34,31.1,21.0,27.25,94.73,6.15,804.73,orange
105.93,36.47,27.33,23.88,60.52,5.98,103.69,coffee
39.29,29.4,27.92,35.57,54.36,5.95,757.86,mango
29.92,48.32,14.2,25.97,77.05,6.96,32.24,mungbean
35.62,63.49,20.32,29.8,72.06,7.67,817.77,soybean
117.51,45.38,46.53,30.46,44.47,7.33,171.66,cotton
41.62,65.81,82.56,18.96,29.42,8.35,478.29,chickpea
32.95,31.79,30.45,27.28,50.66,5.39,800.4,mango
20.57,79.41,62.62,16.45,33.69,8.09,99.81,chickpea
35.4,72.08,15.99,22.92,23.1,5.78,689.35,kidneybeans
41.17,39.82,17.85,30.01,51.3,7.69,609.11,mothbeans
72.03,43.52,20.56,22.0,66.96,6.18,113.86,maize
23.76,63.53,18.32,22.63,27.97,5.79,1174.1,kidneybeans
80.38,31.19,56.18,27.86,98.56,6.31,361.69,muskmelon
67.38,33.77,18.67,22.69,57.56,6.35,102.47,cotton
16.39,48.95,21.68,33.38,92.28,7.34,513.23,mungbean
74.25,30.9,51.83,24.77,91.52,6.21,63.77,watermelon
21.79,16.91,36.53,25.61,93.03,5.71,92.45,pomegranate
41.88,79.06,17.48,25.36,67.0,7.74,760.01,blackgram
37.05,12.27,47.3,26.11,83.51,6.78,91.25,pomegranate
62.83,55.29,43.53,31.29,62.27,7.86,55.78,soybean
53.28,68.41,43.22,28.18,99.43,6.85,259.53,papaya
148.59,65.77,31.29,29.9,61.59,6.45,183.13,cotton
114.8,41.0,24.78,30.5,61.37,7.13,100.45,sorghum
117.68,47.18,37.12,19.71,49.12,7.54,32.87,wheat
14.37,66.92,20.62,29.83,68.15,7.82,449.7,lentil
34.89,35.81,19.79,31.82,83.94,6.11,49.52,mungbean
126.24,73.91,64.98,26.14,79.05,7.72,1203.78,sugarcane
22.55,39.47,20.87,30.58,44.96,9.5,69.92,mothbeans
79.05,47.08,15.45,27.7,55.9,7.51,956.05,maize
54.14,61.71,24.08,31.57,58.05,7.34,69.5,blackgram
30.12,69.3,26.85,25.15,24.29,5.83,952.99,kidneybeans
59.76,56.12,33.72,32.07,97.86,7.61,2475.95,jute
52.94,69.19,78.76,15.99,29.0,6.66,768.74,chickpea
58.76,58.6,22.91,24.02,59.7,7.82,610.18,blackgram
22.29,66.94,81.75,14.31,18.77,6.71,49.67,chickpea
61.87,61.36,18.13,34.43,60.79,7.98,79.66,blackgram
60.8,85.98,20.01,31.22,68.74,6.38,498.81,blackgram
91.44,89.99,50.47,29.14,82.53,5.46,853.57,banana
45.42,60.33,21.07,27.97,57.43,6.98,709.95,blackgram
18.78,141.32,193.04,16.22,84.35,5.6,81.83,grapes
25.42,30.28,45.76,25.19,92.97,5.45,118.19,pomegranate
83.88,52.61,34.01,31.1,81.27,6.43,278.13,jute
70.8,52.07,33.34,33.72,85.47,5.85,2528.41,jute
126.12,46.05,80.04,35.8,76.42,7.73,1349.14,sugarcane
32.37,63.8,23.42,15.55,23.36,6.01,1078.53,kidneybeans
22.04,111.51,210.09,29.61,84.17,6.18,75.05,grapes
110.06,45.77,51.03,31.82,47.63,7.53,92.79,sorghum
26.53,39.28,57.07,35.67,47.49,6.22,68.75,soybean
65.5,69.95,23.96,24.21,65.63,6.84,782.94,maize
66.99,64.47,30.06,20.41,68.69,7.34,964.57,maize
28.75,35.54,26.57,29.18,85.24,6.27,35.3,mungbean
58.69,72.12,21.92,33.64,70.31,7.84,64.78,blackgram
28.38,61.2,72.14,14.52,34.57,7.81,79.02,chickpea
22.33,142.97,202.69,22.02,92.91,6.38,1153.23,apple
72.43,25.85,29.65,29.53,70.26,6.7,72.23,sorghum
36.46,20.49,26.56,30.61,85.91,5.92,178.16,coconut
40.94,21.85,14.97,22.41,88.62,7.61,1113.07,orange
77.35,19.62,43.83,29.18,94.27,6.29,29.03,muskmelon
15.09,61.59,24.55,29.99,84.63,7.33,397.38,mungbean
63.94,52.33,43.98,20.2,76.55,6.2,270.37,rice
115.65,11.26,54.96,28.0,99.32,6.78,350.0,muskmelon
61.84,39.1,22.16,35.13,57.16,7.41,894.79,sorghum
102.94,49.7,25.13,28.65,57.67,5.92,72.08,maize
122.89,87.59,44.28,29.15,73.63,5.68,852.02,banana
97.07,52.53,25.84,25.14,64.99,6.52,74.34,maize
35.56,46.79,56.86,36.23,87.19,6.83,254.97,papaya
96.03,24.67,26.69,27.92,48.75,7.05,638.22,sorghum
36.76,31.89,32.56,17.38,90.85,7.12,104.25,pomegranate
51.69,81.48,83.16,17.76,23.41,6.14,655.69,chickpea
104.6,34.09,32.73,22.17,67.24,6.64,119.74,coffee
29.75,149.07,183.05,33.52,83.44,5.82,534.55,grapes
87.55,24.39,45.26,27.7,86.4,6.91,54.86,watermelon
120.87,91.43,46.68,24.72,84.85,5.9,89.11,banana
101.89,27.9,36.26,28.02,42.09,8.47,193.6,cotton
86.01,33.37,45.75,21.13,86.81,6.74,258.21,rice
83.68,48.98,41.69,27.37,96.66,7.0,1510.59,rice
35.68,76.5,28.71,32.29,75.2,6.07,155.16,pigeonpeas
20.23,63.32,15.09,25.79,61.44,7.67,46.41,lentil
74.34,9.44,46.48,29.46,91.37,6.3,350.0,muskmelon
24.9,15.96,17.96,33.44,94.62,6.6,909.4,orange
71.5,47.76,17.27,21.32,64.2,6.44,120.97,maize
56.99,58.28,24.97,35.01,60.42,7.2,517.33,blackgram
103.68,13.73,50.06,26.5,90.32,5.86,26.7,muskmelon
14.98,74.96,20.36,18.19,64.41,7.66,379.76,lentil
27.66,37.63,19.94,30.59,42.38,9.41,521.96,mothbeans
22.29,28.85,29.0,29.08,44.42,7.19,865.04,mango
89.07,25.29,31.11,27.05,54.86,7.1,126.67,coffee
16.02,55.35,25.49,32.56,90.1,6.71,396.64,mungbean
64.37,55.52,23.69,26.32,35.61,6.01,90.49,sorghum
83.37,47.85,41.5,13.83,41.66,7.26,56.11,wheat
40.12,14.36,37.79,32.98,52.2,5.69,92.77,mango
28.19,79.08,20.27,27.69,58.56,5.97,357.46,lentil
105.0,47.35,40.55,25.0,86.46,6.01,226.52,rice
26.68,140.78,184.74,24.76,88.1,5.46,1022.02,apple
106.33,57.23,24.81,33.89,45.93,8.04,175.83,sorghum
19.22,82.8,67.54,20.89,23.24,7.78,422.72,chickpea
28.98,58.43,20.03,30.32,67.06,7.64,350.0,lentil
104.69,76.6,50.17,31.1,84.63,5.84,1164.31,banana
33.85,69.55,26.83,21.95,26.57,5.78,498.05,kidneybeans
42.42,77.3,68.29,20.17,33.72,5.82,445.9,chickpea
81.41,38.38,30.71,26.24,60.15,6.88,54.02,maize
29.02,11.46,30.59,29.71,93.74,5.9,207.66,coconut
104.02,52.04,40.02,23.47,95.87,7.39,2800.0,rice
95.14,35.0,46.88,25.01,79.66,5.98,229.06,jute
92.83,32.55,50.77,18.03,48.18,7.51,531.55,wheat
42.84,62.73,20.05,19.4,70.08,7.56,373.45,lentil
35.97,32.97,25.54,28.28,50.94,5.89,881.37,mango
14.99,124.87,197.25,21.91,86.06,6.55,660.27,grapes
66.0,41.24,36.82,34.71,81.99,6.94,234.12,jute
81.8,21.41,48.65,30.79,95.1,6.18,25.48,muskmelon
56.62,84.29,22.03,31.82,50.47,7.67,925.39,soybean
40.82,126.46,190.24,21.62,85.94,5.45,1232.72,apple
58.64,75.95,90.22,15.54,35.11,6.51,63.61,chickpea
39.34,61.29,15.28,30.36,74.94,7.77,1014.96,pigeonpeas
43.1,48.5,17.35,29.82,84.65,6.81,643.72,mungbean
25.33,27.5,12.03,12.73,97.12,7.98,108.17,orange
27.08,120.55,212.57,20.54,96.04,6.36,920.77,apple
105.68,11.83,51.2,26.98,89.14,6.9,38.72,watermelon
18.54,113.6,213.43,23.53,78.83,6.62,60.98,grapes
22.08,137.34,219.32,23.02,90.82,6.6,134.87,apple
36.12,31.19,33.62,23.96,95.56,6.93,942.23,pomegranate
37.72,147.51,211.03,17.98,89.14,5.79,81.87,grapes
34.47,27.37,36.91,29.74,50.31,5.84,746.18,mango
22.82,50.99,19.54,26.23,59.1,7.51,463.88,lentil
113.6,62.23,27.0,22.79,40.45,5.96,67.67,wheat
42.63,75.91,22.81,20.14,21.69,5.98,622.75,kidneybeans
22.65,67.77,14.71,27.74,71.65,6.47,350.0,lentil
34.37,25.97,25.98,31.31,50.6,6.2,835.04,mango
83.15,47.2,37.15,24.53,60.33,6.71,90.82,wheat
92.63,42.48,47.76,29.42,58.11,7.13,183.54,cotton
69.24,33.28,26.92,18.37,67.16,7.71,700.15,maize
51.44,65.3,36.17,27.64,46.64,7.63,100.87,pigeonpeas
84.01,57.7,25.15,25.65,53.12,7.66,92.24,maize
39.35,31.53,42.17,19.38,88.56,6.44,1053.08,pomegranate
17.07,52.13,16.53,28.43,80.21,6.51,61.57,mungbean
74.56,23.36,55.09,31.44,88.11,6.89,350.0,muskmelon
52.0,51.29,62.9,16.53,19.82,7.45,440.09,chickpea
104.5,28.15,22.49,25.95,78.13,6.03,1375.72,cotton
104.46,46.57,20.83,29.19,55.91,5.62,73.39,maize
124.99,31.08,50.07,26.84,85.88,6.26,580.08,watermelon
81.56,26.28,44.44,25.81,86.24,6.81,364.18,muskmelon
37.99,119.28,191.51,23.3,77.25,5.88,79.45,grapes
44.06,68.73,73.04,15.13,31.22,6.04,42.1,chickpea
38.18,55.44,21.58,32.09,84.08,7.22,523.99,mungbean
110.02,19.75,36.64,24.13,70.24,6.44,1924.43,coffee
59.84,53.07,17.79,26.17,71.29,6.92,104.2,maize
43.26,42.75,26.5,26.03,54.99,7.31,95.06,soybean
76.43,20.81,35.62,27.42,72.64,6.31,1351.85,coffee
72.03,36.13,41.41,19.52,77.9,6.84,1493.05,rice
16.24,54.16,16.95,26.69,64.18,5.15,47.07,mothbeans
109.86,16.86,42.99,29.17,97.18,6.17,350.0,muskmelon
79.47,35.5,38.71,21.44,66.86,6.97,360.74,wheat
27.22,20.87,40.71,20.91,97.88,6.55,929.49,pomegranate
26.28,31.32,11.68,9.96,88.61,8.19,102.34,orange
14.12,62.25,16.5,22.69,69.2,6.72,584.65,lentil
24.9,34.7,22.97,28.24,40.47,6.31,37.68,mothbeans
19.29,32.52,21.96,31.69,62.56,7.42,697.85,mothbeans
123.59,21.62,32.34,24.07,50.46,6.94,216.85,coffee
69.02,68.62,35.52,19.81,65.74,7.46,703.55,wheat
25.72,154.94,182.07,21.35,95.21,5.48,1058.86,apple
84.57,36.52,39.26,20.28,70.42,5.92,49.79,wheat
19.65,24.29,29.68,36.03,43.22,4.64,678.94,mango
22.75,20.04,38.98,23.44,89.51,5.49,115.02,pomegranate
126.55,56.93,21.47,33.88,60.35,5.83,627.53,cotton
18.26,10.14,33.84,31.18,87.64,6.01,1098.6,coconut
15.23,34.55,33.44,27.26,47.56,7.08,996.68,mango
26.06,26.37,29.01,33.2,47.97,6.34,686.68,mango
88.16,65.54,38.37,16.69,49.12,6.8,497.82,wheat
34.0,57.81,21.06,16.56,23.6,5.67,152.5,kidneybeans
23.21,50.15,20.56,29.35,77.93,6.35,55.08,mungbean
45.24,37.93,58.08,20.55,58.29,7.77,128.12,soybean
47.51,69.47,20.9,33.22,70.42,6.55,189.72,pigeonpeas
36.28,46.74,77.14,24.26,26.04,7.62,350.0,chickpea
79.98,57.1,45.43,17.73,72.79,6.22,562.6,wheat
42.76,14.74,24.61,24.89,87.66,6.16,236.05,coconut
54.58,82.34,68.2,22.55,20.01,6.44,486.59,chickpea
38.5,29.23,32.94,30.14,89.1,5.98,117.48,coconut
85.13,13.18,57.26,27.72,93.89,6.72,350.0,muskmelon
33.48,138.31,194.85,28.53,85.55,6.37,514.73,grapes
18.33,37.3,29.77,36.81,49.43,5.08,86.83,mango
39.23,54.26,21.35,27.65,51.09,3.91,553.02,mothbeans
34.19,16.9,37.21,27.51,88.16,5.97,1941.93,coconut
32.57,81.61,89.81,16.32,19.86,8.26,558.27,chickpea
78.04,44.35,47.55,29.73,93.59,7.23,2800.0,jute
27.89,129.16,191.53,21.19,86.97,5.94,119.75,apple
102.03,9.7,50.3,28.05,76.95,5.97,54.87,watermelon
33.4,35.53,23.38,28.38,65.97,6.08,132.26,soybean
52.63,51.13,63.4,18.22,23.05,7.29,448.97,chickpea
110.06,44.19,27.25,21.56,41.68,6.61,350.0,wheat
121.89,26.61,34.03,22.23,62.3,7.67,1988.03,coffee
47.92,84.18,89.69,18.31,26.04,6.11,94.33,chickpea
24.73,135.07,183.57,22.97,90.35,6.63,914.59,apple
32.66,124.71,210.79,37.08,77.54,6.57,59.23,grapes
104.24,17.85,57.5,28.23,94.99,5.93,377.2,muskmelon
122.18,80.84,95.54,31.35,87.29,7.75,1282.58,sugarcane
37.26,147.22,211.19,8.89,87.88,6.43,715.37,grapes
101.8,52.58,52.69,13.47,53.25,6.45,695.93,wheat
46.18,59.57,30.16,39.32,44.95,8.07,1011.67,pigeonpeas
29.87,155.94,195.11,32.37,82.98,5.73,630.7,grapes
80.77,52.24,45.47,22.62,77.23,7.29,2021.78,rice
70.62,67.33,15.26,23.05,61.4,7.36,58.46,maize
32.27,153.76,188.44,22.04,97.83,5.67,125.57,apple
128.65,85.85,103.49,33.65,85.51,7.98,201.6,sugarcane
80.51,55.94,44.92,26.99,82.52,7.25,319.49,rice
87.02,41.87,37.22,20.04,76.11,7.1,2213.6,rice
117.19,89.99,50.18,30.55,76.35,5.52,92.69,banana
28.43,84.92,24.44,23.35,23.94,5.48,462.12,kidneybeans
39.76,63.63,26.7,25.26,20.97,5.82,161.08,kidneybeans
18.16,53.21,19.07,23.14,69.79,6.06,525.44,lentil
65.91,54.81,43.06,26.03,85.07,7.42,288.22,jute
77.87,18.08,26.55,23.03,63.77,6.9,1214.02,coffee
174.03,81.51,84.17,33.09,60.54,8.22,2688.17,sugarcane
42.28,65.07,26.5,23.35,68.86,7.1,50.42,lentil
25.95,58.57,23.61,27.78,72.14,6.96,350.0,lentil
123.53,59.18,45.7,20.79,58.53,7.7,720.09,wheat
59.55,42.03,37.18,36.14,90.77,7.37,222.73,jute
58.78,74.79,54.82,22.75,86.08,6.59,210.09,papaya
30.65,88.29,27.48,29.99,44.66,6.56,961.55,pigeonpeas
39.08,57.29,19.01,16.17,28.43,6.06,833.11,kidneybeans
31.16,156.32,209.46,23.32,91.85,6.28,1094.82,apple
58.32,74.99,42.82,36.06,86.02,6.38,2327.64,papaya
76.74,34.27,37.77,26.41,85.41,5.36,1426.81,rice
149.36,70.46,60.54,31.19,71.03,7.97,271.19,sugarcane
25.66,9.72,32.44,17.83,98.44,6.87,95.32,pomegranate
40.65,29.57,11.23,34.15,86.91,7.36,1107.2,orange
104.5,39.68,23.61,25.18,64.8,6.64,745.26,wheat
32.03,110.74,200.53,23.56,86.43,6.45,104.23,apple
67.4,44.96,31.02,39.66,70.1,6.87,627.63,sorghum
66.51,70.06,56.63,29.7,94.92,6.51,208.97,papaya
138.74,73.48,103.52,35.86,58.87,8.16,252.77,sugarcane
85.11,44.66,39.59,23.56,92.83,6.91,267.55,rice
92.25,39.94,48.09,35.34,87.58,6.0,253.19,jute
20.56,60.03,22.54,29.93,47.25,8.76,526.28,mothbeans
51.7,61.98,22.43,25.89,69.35,7.87,65.3,soybean
18.64,70.52,36.73,28.51,44.94,7.13,1084.5,pigeonpeas
109.93,30.26,47.69,27.84,76.42,6.0,61.27,watermelon
18.95,72.25,25.92,17.95,57.11,7.88,53.02,lentil
21.26,11.0,43.89,23.09,82.06,6.84,868.16,pomegranate
43.03,73.31,21.24,20.9,23.95,5.52,986.73,kidneybeans
23.32,24.73,15.01,27.39,96.47,6.25,815.24,orange
54.87,54.83,18.88,25.66,68.23,6.94,68.31,blackgram
39.99,48.8,33.66,20.48,47.86,7.42,84.48,soybean
94.29,30.97,54.25,28.17,90.08,6.48,36.58,watermelon
31.23,72.17,36.52,32.05,40.35,8.44,168.33,pigeonpeas
107.16,56.87,28.44,21.74,61.8,7.49,538.08,maize
107.8,50.22,32.01,20.23,58.49,6.92,1063.81,maize
56.84,40.06,43.02,28.6,99.76,7.47,327.38,jute
31.29,149.13,197.69,21.63,86.3,5.75,972.02,apple
122.14,19.36,49.57,27.52,86.49,6.17,31.15,muskmelon
34.5,11.77,32.82,27.24,94.12,6.56,1395.75,coconut
84.49,43.22,44.31,29.6,86.74,6.17,1638.13,jute
109.04,57.55,47.44,32.03,73.65,8.54,94.32,cotton
62.47,43.6,37.93,25.97,98.94,7.42,252.29,jute
43.19,25.02,29.27,26.37,52.9,5.88,779.17,mango
43.52,58.19,46.75,40.38,98.51,6.53,251.92,papaya
26.68,78.12,18.23,23.64,64.46,6.6,542.62,lentil
74.46,53.32,24.33,36.82,46.05,6.03,1091.95,sorghum
20.4,21.73,34.1,36.16,45.31,6.85,98.23,mango
146.62,31.24,30.83,23.36,55.8,5.91,1119.58,cotton
18.71,128.36,218.67,24.86,93.31,5.91,1082.85,apple
63.79,43.05,45.6,27.97,84.46,7.0,265.0,jute
113.81,28.23,29.73,27.75,63.41,6.38,2016.76,coffee
35.44,47.31,21.56,34.19,70.33,6.06,190.15,pigeonpeas
82.83,32.29,30.94,29.14,75.11,5.86,129.53,cotton
21.44,16.8,12.33,22.71,89.12,6.85,111.02,orange
18.94,44.54,23.44,27.87,74.37,6.23,698.61,soybean
184.33,80.03,56.72,33.56,70.25,5.89,252.02,sugarcane
68.16,61.99,18.31,21.57,63.1,7.57,876.62,maize
41.59,85.34,26.18,18.28,20.97,5.66,774.75,kidneybeans
14.74,137.18,213.03,14.79,88.27,5.44,593.99,grapes
34.46,55.65,16.44,34.97,73.32,7.14,516.04,blackgram
34.25,130.67,202.25,27.46,86.82,5.92,76.54,grapes
34.22,59.9,14.65,29.37,70.81,6.45,75.57,blackgram
36.69,73.11,22.64,23.25,27.11,6.02,789.0,kidneybeans
51.99,65.84,27.67,24.63,61.46,6.99,990.52,soybean
20.63,120.21,194.52,8.79,80.27,6.67,544.51,grapes
31.57,77.65,24.86,16.44,26.83,5.37,569.36,kidneybeans
42.82,11.74,18.51,25.45,91.99,7.22,108.39,orange
24.61,48.13,76.75,19.09,20.25,6.78,54.19,chickpea
26.3,29.64,35.15,28.98,99.73,5.55,1845.95,coconut
104.78,18.16,50.81,29.74,91.06,6.08,350.0,muskmelon
21.93,147.36,188.03,21.24,97.6,6.13,883.5,apple
38.48,43.35,22.59,30.84,82.99,6.44,488.23,mungbean
87.17,37.28,40.51,33.96,88.25,6.86,2443.76,jute
80.39,68.33,55.01,28.44,80.76,5.73,121.26,banana
21.18,10.33,25.58,24.97,88.64,5.91,1510.24,coconut
48.88,69.94,59.38,25.72,92.23,6.7,2307.81,papaya
13.98,22.53,27.37,34.92,49.73,7.19,110.15,mango
30.85,119.84,182.72,24.64,86.08,5.81,890.96,apple
77.56,43.24,35.0,35.15,85.99,6.44,257.09,jute
115.96,85.53,57.34,25.32,79.94,6.16,116.48,banana
30.27,81.29,33.41,34.91,74.47,6.15,81.14,pigeonpeas
35.02,9.31,42.55,17.69,99.42,6.98,121.96,pomegranate
77.74,92.18,48.12,28.69,84.35,5.86,823.82,banana
126.73,30.02,34.89,28.91,66.95,7.49,163.61,coffee
30.57,58.05,29.68,33.22,52.39,5.41,1098.34,pigeonpeas
107.49,55.16,26.13,21.36,40.37,6.21,685.46,wheat
100.39,43.92,39.47,31.16,60.01,8.25,840.85,cotton
87.52,68.27,21.58,21.73,58.12,6.99,83.7,maize
22.37,151.94,187.47,16.18,77.83,6.1,694.54,grapes
15.67,136.08,213.61,21.2,89.06,6.16,75.69,grapes
63.49,58.12,52.15,40.01,99.37,7.1,227.69,papaya
175.39,51.52,83.8,27.33,72.51,7.79,198.19,sugarcane
51.85,54.61,26.26,33.35,63.58,7.27,729.99,blackgram
56.86,41.03,17.78,25.58,66.17,7.36,1072.38,maize
85.2,20.06,51.64,25.92,89.95,6.9,64.5,watermelon
124.91,25.2,34.37,26.48,50.13,7.28,173.15,coffee
33.6,25.88,32.5,27.54,43.31,6.73,110.23,mango
65.19,52.93,28.43,25.91,65.76,5.67,498.51,maize
54.72,85.41,25.83,32.97,67.76,7.5,66.8,blackgram
20.06,57.13,25.19,28.32,67.78,7.43,31.99,lentil
116.71,42.27,28.38,21.27,40.83,7.26,683.45,wheat
22.07,39.74,19.98,29.37,38.8,8.83,66.95,mothbeans
116.26,87.42,42.32,25.31,80.25,6.03,1091.17,banana
26.2,86.54,41.61,35.46,58.86,5.77,641.97,pigeonpeas
32.29,26.78,23.22,28.64,94.61,6.35,230.27,coconut
69.75,45.62,44.86,21.24,91.45,6.47,2800.0,rice
121.78,27.5,59.09,28.05,90.75,5.83,22.92,muskmelon
70.21,43.06,38.57,37.08,79.65,7.62,2619.3,jute
52.97,48.95,65.92,18.15,33.44,8.39,97.39,chickpea
18.6,45.44,24.35,24.0,51.59,5.23,698.44,mothbeans
86.15,16.94,56.04,26.21,79.95,6.36,42.5,watermelon
96.16,11.45,42.8,29.49,90.48,6.17,350.0,muskmelon
25.33,14.38,13.71,34.28,93.85,5.99,1025.53,orange
17.4,143.18,217.83,21.85,88.1,5.83,111.9,apple
16.06,55.55,24.97,30.55,85.2,6.2,361.89,mungbean
38.4,53.15,31.42,25.21,53.66,7.05,801.13,soybean
86.84,58.47,32.7,33.04,96.32,7.45,306.2,jute
37.14,27.47,30.02,26.35,94.33,6.58,1114.14,coconut
153.09,83.46,105.87,28.99,71.5,7.46,2542.73,sugarcane
69.15,54.59,16.07,37.06,42.39,6.35,1231.86,cotton
60.6,56.94,42.51,23.37,90.54,5.94,1686.17,rice
51.58,57.21,24.82,31.85,61.14,7.12,68.31,blackgram
34.81,33.82,31.74,29.44,54.29,5.45,878.44,mango
96.06,27.11,48.87,26.13,78.65,7.03,438.98,watermelon
23.17,84.45,66.31,23.51,24.67,8.56,44.3,chickpea
46.42,73.5,51.54,22.6,74.89,6.17,930.86,soybean
83.34,45.76,35.81,33.46,59.05,8.67,103.78,sorghum
57.7,55.88,19.07,26.8,58.56,7.4,723.29,blackgram
103.3,19.67,32.66,22.33,56.3,7.06,1598.45,coffee
54.91,52.44,24.94,26.66,61.79,7.71,78.72,blackgram
34.53,71.96,51.85,25.85,64.45,6.18,88.09,soybean
101.67,25.83,52.35,23.68,68.45,7.48,103.93,sorghum
74.52,37.65,41.08,32.1,83.18,6.18,247.82,jute
86.65,94.85,54.05,24.02,83.2,5.82,799.94,banana
27.72,56.58,23.38,29.73,52.91,6.36,183.09,soybean
29.6,71.76,19.11,21.83,25.43,5.78,1205.37,kidneybeans
17.65,57.67,22.98,26.15,26.07,5.78,519.44,kidneybeans
78.77,92.01,55.85,26.36,75.47,6.05,1175.47,banana
17.08,36.54,26.82,37.57,52.62,4.78,89.43,mango
161.7,60.01,99.87,35.13,62.47,6.53,1533.34,sugarcane
17.48,17.97,41.26,18.65,81.89,6.56,1046.02,pomegranate
93.23,31.33,51.12,38.58,38.26,8.4,59.86,sorghum
105.32,69.05,41.93,31.29,87.71,5.85,1136.9,banana
32.11,129.6,206.64,22.24,76.97,5.65,688.85,grapes
95.91,62.61,27.64,16.07,59.01,7.31,646.45,wheat
91.61,18.45,59.12,23.27,82.42,6.53,559.18,watermelon
115.25,21.05,33.57,28.99,59.82,5.87,218.54,coffee
74.58,76.59,56.17,24.96,87.99,5.38,131.27,banana
62.37,44.29,33.44,27.13,82.69,5.83,2386.76,jute
23.41,114.13,184.32,20.92,88.67,6.64,542.66,grapes
31.59,81.36,37.76,31.98,56.41,8.28,85.66,pigeonpeas
39.71,70.77,51.7,37.4,97.22,6.46,258.44,papaya
50.34,54.29,20.97,19.39,46.66,5.74,679.92,soybean
77.79,15.65,55.55,24.25,78.3,6.47,64.93,watermelon
97.9,32.51,30.33,23.89,62.51,7.09,1466.53,coffee
96.4,14.34,30.49,22.05,61.3,6.3,1065.83,coffee
18.94,11.58,20.21,28.99,96.16,6.38,884.13,orange
80.19,29.79,19.61,39.31,71.05,6.18,751.14,cotton
14.13,63.54,37.45,37.32,63.34,7.19,110.98,pigeonpeas
81.08,37.36,44.61,34.26,98.33,5.95,252.71,jute
41.97,39.51,19.44,26.9,60.8,4.93,29.52,mothbeans
45.62,50.96,24.56,28.26,46.82,7.73,151.69,soybean
115.18,67.94,49.77,24.37,70.7,7.69,80.47,wheat
31.18,148.1,179.66,23.9,99.06,5.79,114.98,apple
106.55,47.76,47.28,27.04,93.98,5.82,2728.92,rice
22.86,17.61,29.4,27.93,47.53,5.0,1025.97,mango
110.53,38.75,21.27,24.31,57.31,5.99,168.26,sorghum
38.43,42.84,31.27,33.86,59.28,6.1,529.54,pigeonpeas
70.34,58.11,18.91,23.1,66.14,6.75,667.59,maize
15.41,84.33,16.14,20.18,30.66,5.75,136.85,kidneybeans
32.43,70.19,24.03,25.49,68.85,7.55,55.38,lentil
34.95,18.44,32.24,27.24,96.77,6.62,1807.61,coconut
171.45,56.74,88.0,25.11,57.69,6.03,1292.43,sugarcane
26.15,62.12,21.28,33.43,57.24,5.99,821.9,pigeonpeas
36.93,33.24,49.36,22.08,54.27,7.9,79.62,soybean
28.4,17.3,23.38,31.09,90.86,5.52,145.59,coconut
28.51,58.04,46.57,28.09,54.71,7.88,1289.56,soybean
110.24,12.61,47.22,24.96,93.4,6.8,42.69,watermelon
86.04,37.71,39.48,34.22,53.81,6.19,136.06,cotton
46.77,75.38,24.24,28.44,70.44,6.87,816.38,blackgram
57.55,46.4,39.3,30.13,80.41,6.98,2206.4,jute
78.39,40.67,32.89,23.53,79.8,5.66,1582.54,rice
105.39,60.82,23.22,35.2,73.49,6.93,143.89,cotton
18.43,61.58,15.25,15.41,25.29,5.67,58.97,kidneybeans
36.1,71.94,19.99,21.3,71.22,7.28,60.07,lentil
88.19,17.45,56.14,24.08,93.51,6.28,452.21,watermelon
168.6,80.5,64.38,35.48,70.64,6.02,1862.78,sugarcane
25.4,148.41,217.39,22.51,89.16,6.47,80.06,grapes
33.72,40.39,14.89,25.8,92.53,7.3,559.8,mungbean
146.92,34.47,33.58,35.3,78.23,8.32,196.06,cotton
51.33,53.81,77.79,15.19,23.1,8.48,65.78,chickpea
40.78,19.52,16.14,15.9,85.68,7.21,130.22,orange
36.74,43.56,20.04,28.08,83.15,6.72,38.61,mungbean
35.16,81.99,28.51,32.56,42.97,7.92,467.52,pigeonpeas
127.36,17.18,43.32,26.8,80.84,6.63,56.34,watermelon
45.94,78.63,24.12,30.44,58.17,6.41,70.44,blackgram
35.67,56.3,13.81,29.3,41.34,9.35,62.19,mothbeans
102.69,54.9,42.18,23.39,76.59,6.21,277.88,rice
19.29,119.38,205.19,23.41,87.04,6.39,1228.9,apple
99.88,30.8,31.64,27.05,71.65,6.26,717.17,cotton
74.72,33.79,38.0,25.65,56.3,7.82,986.62,sorghum
31.74,12.37,41.97,20.15,83.36,5.54,807.09,pomegranate
61.21,38.86,39.9,35.54,96.83,7.37,242.84,jute
44.48,53.18,53.66,34.05,88.21,6.43,2118.47,papaya
77.75,45.67,39.89,27.41,84.34,7.25,292.41,rice
144.24,39.2,35.23,35.2,42.71,8.38,809.13,cotton
98.93,98.39,59.33,30.63,87.83,6.2,115.57,banana
104.68,20.46,52.96,23.99,76.13,6.77,498.39,watermelon
94.3,45.44,41.09,31.49,83.22,7.32,307.62,jute
23.23,59.63,19.26,24.94,80.88,6.45,163.53,soybean
42.33,33.09,37.78,32.38,56.37,5.44,952.19,mango
27.51,156.28,216.88,17.61,85.12,5.62,599.32,grapes
109.83,31.27,44.62,30.4,87.94,5.92,350.0,muskmelon
32.85,28.19,24.76,25.91,50.21,5.36,97.33,mango
49.63,57.28,24.26,31.86,66.11,6.6,691.73,soybean
22.66,43.99,18.93,25.34,56.1,8.2,696.46,pigeonpeas
129.25,27.86,25.74,26.21,63.32,6.22,2085.03,coffee
41.69,24.24,33.48,29.54,92.75,6.16,152.3,coconut
34.3,18.83,36.2,31.17,97.82,6.6,1345.81,coconut
31.65,54.16,24.63,22.51,43.31,5.37,99.67,pigeonpeas
159.74,68.72,66.7,31.62,76.78,6.0,261.79,sugarcane
194.2,83.03,60.65,36.81,65.12,7.3,2039.84,sugarcane
15.81,143.6,217.57,19.68,77.96,5.46,63.61,grapes
39.34,10.91,45.46,20.52,92.5,6.78,102.14,pomegranate
28.53,58.25,24.62,18.95,26.35,5.36,164.8,kidneybeans
33.63,79.81,21.23,27.87,72.09,7.34,425.16,lentil
51.07,83.9,20.96,37.3,69.05,6.39,116.24,pigeonpeas
60.96,77.62,15.42,27.6,70.0,6.54,80.54,blackgram
16.77,27.11,37.29,37.52,55.81,6.38,922.07,mango
80.61,54.54,25.4,34.14,65.07,7.71,165.77,sorghum
29.97,22.02,34.6,28.65,99.41,5.95,1952.59,coconut
95.3,79.56,49.03,26.45,85.04,5.81,983.6,banana
57.22,46.37,74.4,16.94,20.01,6.38,351.84,chickpea
44.05,70.23,30.38,26.75,48.54,8.05,1261.5,pigeonpeas
25.55,76.11,34.35,28.94,62.88,8.33,117.76,pigeonpeas
31.37,29.23,39.62,17.51,96.42,7.2,122.86,pomegranate
120.42,75.21,45.55,25.06,78.21,5.35,794.88,banana
37.55,135.03,192.99,24.8,90.51,5.67,122.98,apple
102.65,51.31,37.69,28.13,84.13,6.77,192.47,rice
103.35,74.98,42.41,24.3,77.24,6.09,90.97,banana
128.28,19.89,31.95,25.3,54.43,7.08,1947.17,coffee
181.03,49.57,93.05,26.78,76.24,7.05,150.54,sugarcane
65.91,47.13,39.13,32.54,69.86,8.6,585.77,sorghum
99.62,50.02,25.04,37.03,65.74,7.01,484.96,sorghum
30.8,137.61,201.13,21.23,99.73,6.12,115.24,apple
118.89,69.9,66.57,28.48,63.7,6.39,212.44,sugarcane
68.21,37.76,35.27,30.2,81.33,6.82,297.84,jute
39.34,51.92,16.7,31.46,64.8,6.49,433.99,lentil
103.99,102.31,44.46,26.36,87.96,5.53,116.41,banana
32.78,60.52,76.29,17.19,17.48,6.66,59.31,chickpea
22.29,152.29,195.98,28.78,79.66,5.6,81.52,grapes
21.58,10.38,29.06,29.35,92.82,5.37,162.85,coconut
37.54,145.32,198.33,9.58,83.05,6.21,726.46,grapes
15.46,127.15,196.36,17.39,83.8,6.02,78.49,grapes
30.34,149.21,189.66,22.04,76.92,6.56,783.24,grapes
30.83,85.1,73.38,24.33,28.81,8.34,83.82,chickpea
74.28,18.09,56.54,30.96,87.95,6.18,31.64,muskmelon
23.75,23.55,44.21,19.23,83.74,6.44,936.09,pomegranate
62.04,66.7,45.76,25.71,88.85,6.8,2383.34,papaya
28.46,19.07,31.87,35.75,56.05,5.97,101.85,mango
36.76,111.8,192.63,24.72,99.56,5.42,1018.26,apple
15.37,51.06,24.84,23.52,57.62,7.54,57.44,lentil
15.77,85.83,25.63,31.01,62.39,6.64,36.12,lentil
25.4,65.63,21.03,28.34,58.69,6.1,368.41,lentil
108.11,33.39,26.21,26.63,62.26,6.95,123.14,coffee
40.45,63.9,82.85,16.32,33.74,7.35,490.43,chickpea
37.76,126.52,184.03,20.53,97.01,6.56,1309.55,apple
19.42,50.61,18.13,27.26,86.23,6.18,481.32,mungbean
35.1,56.33,77.63,18.32,16.33,6.08,49.51,chickpea
98.77,14.34,35.11,23.68,55.89,7.22,1086.12,coffee
100.87,29.49,48.15,26.83,93.23,6.4,26.51,muskmelon
39.9,44.88,36.67,32.16,62.24,8.09,132.1,pigeonpeas
57.75,65.75,45.07,40.89,99.52,7.19,1419.5,papaya
107.3,47.31,21.29,27.77,55.75,6.66,611.77,maize
107.59,72.03,52.11,31.24,82.55,6.44,128.9,banana
83.55,98.5,57.82,24.59,71.7,6.03,124.52,banana
38.9,50.56,13.93,25.82,50.76,3.57,35.7,mothbeans
36.72,83.61,17.34,31.6,61.08,7.09,656.95,blackgram
28.25,153.33,219.39,32.38,87.29,6.4,72.42,grapes
15.74,19.14,24.56,31.33,92.46,6.06,2364.54,coconut
50.71,60.15,70.33,23.51,32.24,8.59,64.52,chickpea
115.82,43.09,47.33,38.76,48.59,7.26,164.81,cotton
37.4,54.98,24.1,25.26,38.58,3.76,74.34,mothbeans
16.12,55.66,24.79,24.11,61.58,6.46,50.4,mothbeans
60.87,49.98,48.61,25.98,45.69,6.69,72.52,sorghum
20.92,15.76,33.69,37.45,53.32,6.12,111.81,mango
21.62,35.35,44.8,30.3,76.82,5.89,132.97,soybean
95.34,23.41,31.07,24.91,62.58,7.99,102.78,sorghum
26.38,78.28,17.23,20.8,30.76,5.78,1098.31,kidneybeans
33.97,122.25,202.73,25.1,96.02,6.51,911.5,apple
76.51,37.06,47.0,37.17,65.12,8.12,91.14,cotton
23.2,56.01,15.63,31.62,76.79,6.7,559.87,mungbean
38.45,72.37,79.91,15.68,16.04,7.04,91.56,chickpea
52.93,60.84,89.09,23.4,27.07,6.04,54.85,chickpea
26.36,49.67,71.61,24.84,17.9,6.07,544.51,chickpea
70.36,62.94,38.65,14.91,61.48,7.23,643.01,wheat
33.37,45.49,47.68,36.88,89.94,6.51,1770.35,papaya
22.09,43.91,49.94,27.03,51.09,6.56,108.68,soybean
87.51,36.17,41.42,34.92,89.6,6.53,249.66,jute
113.44,68.31,45.46,13.84,68.67,7.63,688.31,wheat
22.7,50.94,16.04,25.0,20.05,6.15,791.31,kidneybeans
21.11,82.0,23.83,24.63,73.38,8.31,622.82,pigeonpeas
56.02,63.4,24.6,22.45,64.42,7.02,961.94,maize
40.58,37.69,32.24,36.78,57.45,6.56,834.34,mango
105.13,35.91,29.66,20.87,71.04,6.26,393.35,wheat
113.73,72.06,51.65,24.26,86.73,5.37,112.4,banana
28.02,59.89,21.27,31.39,48.36,5.45,30.5,mothbeans
27.78,55.98,74.46,15.29,36.18,8.32,633.65,chickpea
65.23,38.28,40.34,27.23,96.23,7.11,295.19,jute
81.23,17.95,44.59,31.12,94.29,6.33,350.0,muskmelon
82.59,35.79,48.03,26.7,87.93,6.59,2652.33,rice
22.92,21.75,37.34,28.83,98.32,6.12,191.96,coconut
83.33,37.51,39.66,25.61,92.34,6.95,232.16,jute
33.85,69.72,51.68,32.17,76.45,6.86,180.2,soybean
60.22,38.07,46.58,23.94,98.39,5.71,240.78,rice
67.47,49.93,35.27,30.48,80.42,6.08,294.12,jute
39.12,68.11,39.98,34.0,41.24,8.42,1031.92,pigeonpeas
40.1,27.6,41.7,24.15,86.37,5.42,109.46,pomegranate
31.42,65.64,19.5,19.49,26.21,5.65,1002.53,kidneybeans
71.59,55.56,47.3,27.99,81.15,6.55,2332.71,jute
38.14,132.84,192.58,38.28,83.65,6.28,65.49,grapes
28.18,29.45,17.02,13.8,90.35,6.18,815.7,orange
31.44,20.91,29.56,32.86,46.02,5.69,83.32,mango
33.67,26.57,46.0,23.21,88.54,7.08,1179.33,pomegranate
41.27,63.7,24.65,26.39,90.85,6.89,36.98,mungbean
61.46,50.34,46.01,25.18,97.88,6.55,2129.61,papaya
55.6,45.57,54.77,24.22,96.27,6.37,1626.18,papaya
28.06,56.84,26.41,23.34,43.39,8.29,903.6,pigeonpeas
42.23,33.37,24.79,27.14,46.44,5.7,82.21,mothbeans
95.45,94.59,52.51,31.29,86.64,6.17,1057.75,banana
76.07,28.65,46.81,27.47,91.56,6.89,42.42,watermelon
75.29,37.44,41.85,22.12,95.26,7.13,2794.58,rice
20.74,37.04,25.37,25.48,43.21,5.88,589.37,mothbeans
32.1,120.0,199.44,20.43,93.31,6.54,101.25,apple
78.0,37.81,45.61,22.63,93.25,6.58,2800.0,rice
91.85,57.39,39.14,27.36,91.09,7.43,1731.84,jute
40.23,82.98,21.85,20.68,71.96,6.92,573.12,lentil
19.69,84.93,23.01,23.18,30.06,5.93,720.43,kidneybeans
100.13,49.26,47.93,14.76,62.73,7.48,350.0,wheat
35.71,31.78,35.98,28.02,95.55,6.37,211.81,coconut
50.5,54.54,47.82,28.73,97.7,6.4,152.52,papaya
38.9,27.14,23.48,30.31,55.39,6.88,982.62,mango
111.63,26.92,45.94,22.86,85.98,7.13,470.51,watermelon
65.66,50.2,34.39,22.04,78.14,6.91,217.8,rice
42.56,52.32,52.5,39.26,87.51,6.34,127.87,papaya
77.92,45.83,47.3,25.24,93.62,6.17,1819.12,jute
35.45,74.03,14.89,16.2,27.54,5.71,792.47,kidneybeans
25.47,46.28,37.28,25.05,61.98,7.63,54.55,soybean
88.71,25.04,30.95,24.37,53.13,6.86,169.29,coffee
15.46,85.76,16.8,28.71,66.76,6.48,32.76,lentil
38.8,115.32,198.52,7.84,88.92,5.69,60.56,grapes
74.12,24.44,20.43,34.63,62.33,8.45,386.02,sorghum
33.44,85.52,19.58,36.03,61.56,7.59,567.25,blackgram
71.32,55.72,45.34,20.21,83.83,6.64,1501.46,rice
14.41,9.27,45.28,19.3,99.09,6.99,119.62,pomegranate
90.84,53.57,46.38,39.16,42.77,6.04,95.56,cotton
56.84,77.43,72.47,16.3,25.6,8.35,89.52,chickpea
37.94,126.76,201.12,27.52,88.58,5.82,79.64,grapes
18.16,147.3,183.99,38.29,77.61,6.11,823.02,grapes
34.81,64.4,82.65,21.58,26.48,7.09,55.99,chickpea
58.37,82.85,60.12,23.61,20.4,8.15,74.76,chickpea
14.67,151.58,203.44,20.6,87.45,5.93,101.83,apple
73.28,44.48,26.77,25.79,62.83,5.77,80.63,maize
76.73,32.36,43.73,26.25,81.49,6.15,207.16,rice
24.58,124.67,214.58,8.1,84.84,6.03,510.37,grapes
80.12,23.16,43.47,24.71,81.94,6.9,57.01,watermelon
74.76,65.51,22.44,26.62,65.47,7.23,61.28,maize
13.96,18.81,29.01,28.74,97.86,5.87,1272.46,coconut
22.39,79.44,72.08,17.01,26.08,8.56,80.47,chickpea
27.35,56.38,22.55,26.75,88.02,6.49,62.66,mungbean
77.85,50.17,36.67,20.32,90.32,5.74,320.22,rice
124.42,48.68,30.9,20.88,46.95,6.92,728.56,wheat
83.59,89.37,46.07,27.61,77.47,6.48,935.11,banana
70.63,38.18,19.8,19.05,52.5,6.88,93.4,maize
139.85,74.96,87.89,26.12,85.35,7.03,1371.27,sugarcane
17.44,117.79,216.33,23.58,85.53,5.47,1155.86,apple
42.32,52.33,22.4,20.6,71.72,6.37,39.66,lentil
90.85,54.49,32.67,35.26,80.75,7.57,207.58,jute
20.63,76.79,83.81,19.45,19.11,8.25,71.04,chickpea
18.99,122.2,210.0,12.63,87.19,6.67,69.37,grapes
93.71,16.84,56.2,24.26,93.72,6.23,64.57,watermelon
127.94,67.21,17.06,21.17,54.44,7.44,141.23,cotton
78.14,32.88,39.09,34.41,85.47,6.8,1718.8,jute
72.18,41.36,41.4,25.6,39.53,6.08,570.66,sorghum
27.3,36.82,25.55,31.85,80.26,6.64,36.29,mungbean
22.52,56.56,20.59,28.19,42.47,4.28,31.36,mothbeans
165.32,75.32,56.27,34.7,74.35,7.73,2543.73,sugarcane
87.51,33.78,42.03,19.58,82.69,5.43,172.13,rice
145.0,74.36,89.22,36.14,73.99,7.06,2352.83,sugarcane
27.25,28.34,25.57,27.37,94.42,5.45,1098.68,coconut
34.15,55.81,22.93,32.17,76.17,7.32,49.63,mungbean
56.14,29.87,52.78,23.51,54.1,7.85,37.99,sorghum
142.07,50.42,45.58,37.57,47.21,6.08,113.31,cotton
178.54,54.79,57.04,34.42,83.57,7.21,249.46,sugarcane
40.11,18.92,24.23,31.73,50.52,5.48,82.56,mango
27.9,43.33,18.66,33.58,40.49,6.43,473.7,mothbeans
36.22,50.73,25.62,28.95,83.65,6.56,495.12,mungbean
24.69,84.41,77.49,20.37,19.19,8.68,49.21,chickpea
32.53,141.93,198.57,21.01,85.62,5.93,136.95,apple
51.29,57.9,40.41,23.28,51.57,6.03,453.71,sorghum
77.17,31.04,52.31,27.78,90.28,6.2,426.6,watermelon
27.83,25.83,33.38,25.96,89.36,5.72,116.45,pomegranate
75.65,51.86,31.45,17.37,76.97,5.71,63.1,maize
84.53,91.47,57.47,24.17,80.65,6.62,94.23,banana
28.84,69.87,74.51,24.83,25.57,8.34,50.75,chickpea
132.86,56.31,91.81,27.94,75.86,6.23,224.06,sugarcane
66.19,62.0,41.46,30.24,70.09,7.89,78.97,cotton
30.52,17.46,44.7,22.69,87.4,5.84,842.43,pomegranate
87.68,34.22,31.33,22.82,58.74,5.94,1089.14,maize
117.59,29.08,19.35,33.58,61.18,5.97,922.04,sorghum
42.09,46.38,58.75,34.17,88.43,6.54,1590.07,papaya
15.99,145.35,186.41,16.25,85.23,6.12,72.15,grapes
89.74,51.89,34.24,33.81,91.06,6.18,2800.0,jute
40.08,114.77,199.71,21.09,94.61,5.84,1213.78,apple
78.02,26.21,23.21,23.27,65.82,7.07,1325.7,coffee
26.89,77.31,23.42,15.88,24.74,5.78,151.65,kidneybeans
48.76,69.0,68.38,23.9,20.55,6.75,80.07,chickpea
15.69,50.48,23.05,30.65,58.31,5.69,464.14,mothbeans
106.39,37.1,22.31,23.97,45.29,6.98,43.7,sorghum
24.92,39.49,47.26,22.76,54.33,6.53,980.71,soybean
119.68,9.66,50.94,28.0,86.94,6.41,447.56,watermelon
128.32,46.18,30.3,22.35,64.23,8.38,497.25,cotton
92.5,38.1,39.86,30.38,85.68,5.89,307.85,jute
19.62,150.68,214.86,22.1,92.27,6.65,827.84,apple
106.86,52.86,47.24,25.02,47.06,6.39,50.67,wheat
32.03,31.64,37.9,24.4,96.06,6.1,750.28,pomegranate
70.24,32.91,42.69,30.35,97.23,5.97,290.08,jute
20.84,16.64,27.04,26.17,50.24,5.59,106.35,mango
41.95,35.67,22.92,26.76,46.79,3.8,436.43,mothbeans
86.15,15.9,50.28,27.3,91.7,6.95,350.0,muskmelon
126.66,30.06,42.54,25.74,91.9,5.87,21.79,muskmelon
84.09,15.88,58.26,27.16,87.89,6.62,361.23,watermelon
19.28,48.93,25.66,25.48,48.59,5.09,28.04,mothbeans
78.5,33.52,36.39,13.68,53.99,6.63,366.85,wheat
193.19,70.82,62.3,33.87,76.71,7.77,194.57,sugarcane
29.49,12.26,43.8,22.86,86.44,6.07,1174.11,pomegranate
64.39,55.64,49.74,19.05,66.12,7.04,174.57,soybean
56.57,75.02,45.43,28.27,55.47,7.34,51.21,soybean
79.57,41.74,39.31,35.85,83.9,6.26,259.85,jute
99.29,25.05,49.77,28.35,91.95,5.94,350.0,muskmelon
50.67,57.62,30.95,25.79,64.91,5.95,777.17,sorghum
15.03,24.14,35.9,34.6,51.43,6.59,108.78,mango
27.15,123.69,195.25,24.81,92.14,6.29,112.41,apple
161.53,73.53,66.63,35.68,83.35,7.88,199.67,sugarcane
115.42,21.3,47.85,26.36,81.73,7.04,384.63,watermelon
24.23,54.47,23.36,29.23,43.41,5.91,56.01,mothbeans
35.33,44.75,37.52,38.72,47.9,6.8,143.37,pigeonpeas
26.74,60.99,26.96,25.0,68.38,5.97,373.69,lentil
56.07,33.32,45.45,35.22,59.31,7.16,155.46,sorghum
53.49,77.05,30.12,20.98,73.07,6.42,133.48,soybean
82.61,76.01,50.75,24.13,88.82,6.66,104.5,banana
77.55,48.9,24.96,16.63,66.49,7.68,37.06,wheat
126.06,30.79,24.71,26.48,50.54,6.34,2073.78,coffee
23.04,150.51,192.02,10.73,86.12,6.07,628.61,grapes
36.37,56.13,16.96,31.16,86.23,7.14,642.81,mungbean
47.23,60.62,91.43,20.32,31.04,6.66,40.93,chickpea
114.15,74.83,50.46,27.24,88.35,6.43,96.06,banana
25.75,26.75,24.19,28.57,56.65,5.99,724.35,mango
123.79,29.79,33.64,24.62,77.56,6.2,76.23,cotton
110.2,24.84,42.57,25.63,88.36,6.16,55.84,watermelon
41.4,51.2,16.74,32.17,62.81,6.67,665.66,blackgram
124.62,14.69,30.71,22.97,60.13,7.55,1277.22,coffee
29.66,61.96,15.04,28.81,89.28,6.11,44.73,mungbean
36.01,72.19,24.05,29.73,68.31,6.73,379.17,lentil
122.28,62.66,25.97,25.91,41.47,7.35,72.05,wheat
52.62,75.32,31.25,28.73,58.35,7.44,1111.2,pigeonpeas
125.2,37.18,35.8,22.87,70.68,6.75,1083.07,coffee
68.71,40.91,22.56,19.29,52.51,6.64,874.01,maize
46.18,59.6,17.83,29.9,70.52,7.57,524.45,blackgram
50.09,49.29,84.59,19.67,18.91,8.15,94.63,chickpea
32.47,51.23,25.5,20.53,24.52,5.8,841.5,kidneybeans
49.88,57.73,51.26,30.16,90.83,6.81,235.27,papaya
23.46,113.84,220.23,22.6,98.45,5.77,103.26,apple
71.32,27.7,43.44,33.52,54.84,7.3,724.84,sorghum
91.14,44.79,18.51,18.12,68.48,7.31,741.76,maize
55.24,52.75,18.07,29.03,61.06,6.88,79.52,blackgram
105.22,14.64,46.88,25.08,93.04,6.13,43.65,watermelon
41.46,74.63,35.23,27.64,44.14,7.18,1034.39,pigeonpeas
126.76,28.23,44.8,27.01,93.31,6.8,21.46,muskmelon
19.97,26.95,36.38,31.89,56.87,5.3,992.84,mango
48.67,47.15,52.12,27.71,54.58,6.48,623.12,soybean
80.6,28.06,48.11,23.54,82.55,7.07,643.51,watermelon
84.96,18.7,33.38,26.83,59.11,5.86,186.0,coffee
16.86,118.05,201.61,15.96,77.27,6.27,78.51,grapes
56.56,47.69,44.21,31.91,79.22,7.17,606.05,soybean
19.01,29.46,33.61,22.97,87.36,5.79,119.4,pomegranate
91.46,56.23,38.06,36.95,41.67,7.78,100.42,cotton
33.15,16.62,35.83,25.75,98.75,5.42,2231.86,coconut
89.53,28.29,25.18,23.61,70.05,6.96,1810.7,coffee
123.74,79.03,49.35,31.0,87.47,5.72,736.75,banana
115.31,68.53,46.3,29.63,84.49,5.43,1275.39,banana
77.04,32.86,30.54,28.42,66.48,7.48,144.59,coffee
14.85,35.18,22.17,32.05,60.84,3.5,63.53,mothbeans
77.11,51.08,48.39,20.33,82.48,5.99,2548.24,rice
93.2,22.31,30.92,22.78,47.68,6.33,212.25,coffee
37.98,114.5,207.47,23.08,90.46,6.4,107.11,apple
18.41,134.48,196.61,17.98,87.79,5.64,62.14,grapes
37.97,49.22,49.29,26.23,71.29,6.36,1062.22,soybean
77.95,48.71,19.94,35.54,64.9,8.65,569.45,cotton
94.37,98.5,46.74,28.68,72.48,6.47,932.55,banana
84.7,39.49,19.22,18.67,57.95,7.31,112.28,maize
68.08,55.41,46.89,33.85,90.32,6.94,2325.52,papaya
24.93,29.34,25.38,34.14,43.64,4.45,699.69,mango
124.11,72.56,42.93,30.69,79.44,5.91,949.62,banana
51.29,61.9,48.17,33.06,59.41,6.62,96.97,soybean
52.38,51.28,25.28,26.66,63.51,7.27,785.48,blackgram
25.96,26.32,26.73,30.5,99.55,5.73,1784.25,coconut
40.13,77.53,21.31,21.3,68.76,6.59,32.89,lentil
91.45,16.61,37.37,23.82,55.69,6.3,154.97,coffee
27.02,79.71,19.48,21.75,24.29,5.55,1076.72,kidneybeans
111.35,25.8,47.51,26.2,78.54,6.21,62.55,watermelon
121.98,84.96,52.06,31.13,71.42,6.0,102.58,banana
87.95,64.8,30.04,24.5,65.16,7.25,935.08,maize
103.67,51.21,32.21,23.35,73.32,6.97,815.79,cotton
74.32,27.9,54.83,26.7,76.91,6.37,60.8,watermelon
24.89,20.84,11.26,32.45,88.77,8.05,125.99,orange
121.27,97.4,45.66,30.04,73.02,5.87,96.57,banana
86.96,15.85,59.05,24.37,83.19,6.27,44.71,watermelon
125.86,32.02,35.45,28.3,52.02,6.35,137.73,coffee
39.46,135.67,208.35,20.48,91.01,6.12,119.49,apple
33.71,64.85,63.84,15.83,16.47,8.41,88.66,chickpea
98.14,56.46,44.77,39.72,67.02,5.94,189.12,cotton
94.72,48.09,32.71,17.74,54.41,7.38,728.59,wheat
23.39,127.36,220.05,22.49,93.57,6.04,1081.24,apple
90.55,55.58,45.63,37.0,88.2,7.46,2762.79,jute
96.12,66.64,17.51,28.27,76.24,6.25,976.15,maize
144.33,61.67,18.0,31.65,44.76,7.67,846.06,cotton
23.75,72.03,30.82,33.72,68.92,5.49,96.23,pigeonpeas
82.8,27.19,57.89,27.87,87.12,6.82,28.58,muskmelon
26.17,32.67,23.0,29.05,47.52,5.85,762.74,mango
122.19,81.82,105.14,29.03,70.54,6.72,123.57,sugarcane
76.5,34.88,33.49,35.83,45.06,6.42,89.83,sorghum
178.61,52.05,96.34,36.15,82.77,6.08,223.09,sugarcane
95.37,11.25,55.17,29.17,86.26,6.94,18.73,muskmelon
38.85,62.95,24.15,28.9,76.28,6.24,57.23,mungbean
81.5,32.14,45.42,31.22,92.03,6.62,350.0,muskmelon
105.41,31.06,47.16,23.21,87.03,6.16,55.82,watermelon
72.9,39.57,17.65,18.75,74.68,6.95,94.63,maize
62.17,68.69,53.32,24.94,85.75,6.85,238.36,papaya
37.95,59.99,24.03,26.41,87.23,6.14,432.99,mungbean
71.81,49.71,22.11,35.72,43.31,7.08,1018.57,cotton
124.43,63.82,43.75,19.53,46.38,6.66,68.06,wheat
73.23,56.99,46.32,36.47,84.63,6.2,239.48,jute
41.37,144.97,213.11,20.48,97.62,5.64,1018.17,apple
103.53,60.13,24.9,30.03,75.67,6.63,1303.34,cotton
15.66,152.82,193.39,33.97,86.29,5.55,536.54,grapes
34.83,27.7,47.23,21.04,97.27,6.48,117.99,pomegranate
37.06,59.61,20.74,29.73,61.27,7.66,68.51,blackgram
24.3,21.94,35.06,36.92,53.32,4.84,101.58,mango
69.89,54.93,30.37,28.62,73.25,5.52,101.94,maize
14.72,11.14,28.11,27.08,87.53,5.83,1087.15,coconut
20.29,129.93,215.66,22.85,87.2,5.51,131.34,apple
127.58,88.63,46.87,28.69,81.53,6.24,114.34,banana
78.09,32.49,28.35,26.27,71.49,7.31,116.88,coffee
49.56,61.93,17.97,29.11,58.57,7.77,699.82,blackgram
53.99,61.17,20.8,29.5,62.19,6.37,78.83,blackgram
24.23,15.8,20.94,22.13,99.7,6.83,815.5,orange
61.41,39.07,34.9,19.87,95.2,6.15,2540.75,rice
55.08,79.86,18.52,32.47,66.27,6.84,57.29,blackgram
21.38,75.52,20.2,36.81,46.74,7.7,88.34,pigeonpeas
26.87,52.99,13.83,27.2,61.74,7.04,1197.43,pigeonpeas
76.39,15.22,58.62,27.41,85.38,6.91,42.57,watermelon
32.77,27.2,20.41,29.3,90.39,7.79,131.56,orange
95.65,52.75,47.49,30.59,89.04,5.88,260.39,jute
39.15,149.69,199.74,23.18,82.0,6.63,75.26,grapes
57.8,65.36,44.5,35.13,86.57,7.0,1508.86,papaya
65.01,38.91,38.46,20.93,89.03,5.49,203.08,rice
35.47,14.39,18.23,31.87,95.99,8.13,1038.6,orange
74.99,66.29,35.2,22.81,64.35,6.23,130.69,cotton
77.06,47.51,42.49,33.93,87.58,6.6,197.98,jute
14.6,18.84,24.94,27.65,52.61,6.35,841.59,mango
60.84,35.79,47.67,32.33,92.94,6.36,2577.95,jute
125.76,38.59,18.22,26.98,41.66,7.63,105.67,cotton
77.86,20.41,45.3,30.06,93.13,6.58,353.75,muskmelon
122.08,22.52,36.85,22.74,61.52,7.12,1507.98,coffee
17.21,37.78,14.02,32.24,92.73,6.59,38.32,mungbean
18.47,63.37,20.83,26.65,57.56,6.89,45.14,lentil
58.55,58.42,37.44,25.61,98.38,7.42,217.8,jute
49.3,87.45,43.12,23.37,55.64,5.81,166.39,pigeonpeas
92.76,36.36,46.52,35.55,93.51,6.83,329.21,jute
22.83,38.19,18.71,31.54,60.14,6.04,367.02,mothbeans
123.38,37.37,49.59,24.07,56.65,6.83,583.12,wheat
37.78,25.1,44.48,24.19,86.74,5.87,725.45,pomegranate
98.41,34.48,40.56,13.43,60.37,6.44,724.25,wheat
46.75,43.5,46.61,19.16,80.33,7.87,163.54,soybean
22.3,122.26,220.09,24.39,93.49,6.68,1185.05,apple
35.64,57.27,24.64,24.52,59.23,7.73,616.2,mothbeans
26.02,37.16,23.49,32.65,45.27,8.96,707.81,mothbeans
14.5,56.98,19.8,28.21,64.43,7.01,493.53,lentil
41.5,85.82,22.44,26.98,58.04,5.95,49.34,lentil
15.98,20.21,23.2,28.53,46.71,6.36,823.32,mango
33.07,41.54,20.55,31.42,77.41,6.52,628.55,mungbean
101.19,26.46,54.57,26.2,87.4,6.13,52.98,watermelon
92.21,46.25,43.28,31.83,95.75,7.29,2501.26,jute
23.88,55.88,18.92,31.1,91.74,6.18,50.24,mungbean
43.11,56.41,15.43,26.89,84.63,7.41,437.41,mungbean
97.79,42.25,15.56,17.33,60.38,6.67,61.35,maize
40.4,27.84,35.78,27.2,99.52,6.14,188.16,coconut
68.98,74.39,47.96,27.87,92.78,6.96,1326.41,papaya
122.21,40.32,38.25,17.84,49.82,6.99,574.61,wheat
86.83,24.59,31.8,29.1,71.53,6.51,197.53,coffee
76.23,43.4,47.35,25.76,88.12,7.32,181.13,rice
44.4,49.89,50.0,42.68,86.76,6.66,2288.43,papaya
38.11,72.19,18.43,31.27,64.45,7.36,351.7,lentil
82.93,31.8,46.43,28.54,97.17,6.85,350.0,muskmelon
17.01,9.73,24.73,27.05,96.89,5.65,212.19,coconut
95.13,89.64,46.23,24.31,80.94,6.3,83.84,banana
190.46,75.44,68.79,27.06,61.96,7.01,2574.09,sugarcane
30.99,42.31,33.26,38.4,59.78,7.97,137.3,pigeonpeas
34.37,148.92,206.27,20.52,78.64,6.6,731.29,grapes
96.16,52.48,25.72,14.27,55.68,7.61,489.7,wheat
46.77,61.45,66.17,14.98,28.29,7.22,37.33,chickpea
17.28,29.48,33.78,20.86,95.93,6.05,914.89,pomegranate
118.64,98.88,44.88,26.98,87.29,5.52,1020.67,banana
79.95,14.18,57.52,25.17,88.48,6.44,61.7,watermelon
14.06,61.04,15.64,23.65,63.84,6.72,53.28,lentil
91.69,48.35,42.18,26.54,89.47,7.11,2393.05,jute
98.27,35.97,33.4,25.03,63.63,8.65,987.67,sorghum
95.25,20.48,54.91,25.76,99.07,6.42,20.13,muskmelon
33.44,66.55,60.84,14.34,30.8,6.3,67.89,chickpea
55.74,62.42,47.34,27.2,46.94,7.17,596.23,sorghum
76.89,23.9,52.0,27.85,79.96,6.31,39.08,watermelon
111.05,34.91,44.63,32.65,40.35,6.55,768.09,cotton
94.46,16.27,47.1,30.69,98.45,6.08,350.0,muskmelon
38.02,146.15,180.58,25.81,77.69,6.32,65.76,grapes
20.94,43.88,26.53,23.13,47.55,3.97,564.76,mothbeans
17.67,18.68,26.98,28.09,90.58,5.44,1611.98,coconut
92.5,62.91,24.79,25.12,51.03,6.71,370.78,wheat
40.65,75.26,42.09,40.21,92.54,6.53,1386.53,papaya
29.94,137.34,218.59,20.58,86.66,6.04,1124.54,apple
35.0,16.53,37.18,29.72,89.05,6.39,154.1,coconut
33.49,12.58,42.38,25.34,97.27,7.2,98.62,pomegranate
17.4,18.99,38.7,25.98,96.85,6.17,97.19,pomegranate
56.73,58.64,25.16,26.18,69.44,7.89,134.35,soybean
41.09,39.41,21.49,30.71,67.72,7.49,28.04,mothbeans
37.13,27.13,27.71,29.11,95.19,5.78,222.25,coconut
113.42,16.63,55.44,28.84,87.09,6.7,25.24,muskmelon
61.55,34.02,41.2,32.99,52.03,8.38,1043.23,sorghum
48.62,56.2,22.06,32.17,65.79,6.96,592.91,blackgram
25.44,12.57,39.62,20.63,96.55,7.09,912.32,pomegranate
35.59,14.94,19.94,28.7,97.42,7.5,1082.04,orange
116.3,31.45,31.59,34.87,57.91,6.17,104.24,cotton
32.24,124.45,207.76,25.33,86.03,5.82,76.92,grapes
39.62,18.31,48.04,21.38,82.0,6.64,852.75,pomegranate
114.05,63.47,57.54,33.76,68.49,5.88,1102.84,sugarcane
57.4,37.52,20.77,23.76,52.95,7.13,634.81,maize
25.16,135.27,194.39,7.71,88.91,6.48,503.68,grapes
29.95,30.2,46.83,17.7,98.12,5.91,120.0,pomegranate
23.38,52.8,90.8,18.26,21.09,7.98,50.17,chickpea
22.1,81.11,25.08,29.22,68.48,6.04,576.38,lentil
55.7,45.41,47.08,37.11,99.59,6.75,1691.9,jute
14.37,17.96,16.56,10.73,85.52,8.05,106.31,orange
42.11,70.2,14.56,33.13,59.76,6.67,464.65,blackgram
100.04,24.66,47.06,32.34,41.01,8.58,115.97,sorghum
37.59,13.22,34.66,28.05,92.79,6.04,174.78,coconut
28.56,26.06,47.5,20.89,80.86,5.6,1006.77,pomegranate
42.48,86.12,40.14,32.44,71.84,6.25,136.3,soybean
85.47,13.9,31.22,27.02,59.76,6.6,1358.28,coffee
126.7,11.55,50.87,28.26,86.25,6.13,350.0,muskmelon
55.03,58.38,46.87,39.42,92.32,6.34,245.67,papaya
41.2,64.41,23.15,24.28,25.11,6.0,981.1,kidneybeans
31.15,64.73,24.09,31.49,80.8,6.05,43.85,mungbean
69.93,37.93,36.43,27.91,79.05,6.96,253.91,jute
27.25,15.67,42.78,25.34,92.77,7.04,102.03,pomegranate
114.58,25.52,22.79,31.95,35.39,7.88,48.79,sorghum
55.77,72.07,91.7,17.79,32.24,7.23,97.7,chickpea
121.6,13.88,36.63,24.7,59.7,6.66,153.9,coffee
24.65,82.04,13.85,16.65,22.31,5.67,80.22,kidneybeans
44.57,81.95,82.67,20.62,34.48,7.9,79.71,chickpea
40.12,79.71,20.96,28.95,63.83,7.87,398.53,lentil
74.2,32.8,46.24,27.85,91.66,5.82,2800.0,rice
30.3,139.56,188.44,24.31,90.11,5.36,109.84,apple
84.03,31.68,58.85,28.47,95.37,6.04,28.84,muskmelon
65.37,44.42,48.31,26.78,98.1,6.72,1919.06,rice
51.53,77.01,49.81,25.16,45.88,8.1,654.43,soybean
78.61,94.25,42.18,30.58,87.62,6.53,863.14,banana
129.07,30.89,47.87,23.06,88.72,6.7,58.17,watermelon
109.56,42.26,39.63,22.82,55.26,6.96,160.24,sorghum
33.46,10.49,39.82,19.87,95.49,5.6,1036.73,pomegranate
25.24,67.84,77.02,24.32,22.04,8.64,51.82,chickpea
27.18,12.25,30.29,25.52,87.81,6.07,2179.8,coconut
19.56,76.54,23.45,18.76,23.57,5.61,85.25,kidneybeans
28.21,49.43,21.35,28.29,85.75,6.49,40.11,mungbean
17.72,28.35,12.83,16.23,94.58,6.0,1112.16,orange
71.79,50.18,52.63,33.44,94.91,6.48,1366.74,papaya
89.46,96.17,43.69,28.85,81.35,5.56,115.4,banana
88.06,35.28,47.89,30.83,82.91,7.53,258.55,jute
24.62,137.66,212.84,39.58,82.2,6.49,720.57,grapes
17.12,127.3,218.86,23.93,94.62,5.65,115.46,apple
33.38,17.83,24.58,27.2,98.82,5.49,1127.15,coconut
99.91,65.33,43.55,27.9,78.7,5.76,82.58,banana
46.85,61.15,49.96,39.7,94.65,6.98,1416.77,papaya
100.25,14.87,36.62,27.15,47.79,6.2,1856.22,coffee
32.98,112.42,185.65,23.23,98.14,6.59,114.54,apple
20.43,79.35,44.02,27.67,81.08,7.36,775.31,soybean
16.68,15.35,19.25,15.47,95.74,7.65,846.02,orange
60.19,50.67,43.39,28.06,87.54,6.4,2166.88,papaya
40.5,60.95,38.07,39.39,58.94,5.53,182.86,pigeonpeas
31.31,30.21,37.65,30.42,99.19,6.28,193.62,coconut
119.18,31.45,57.25,23.21,82.37,6.53,46.54,watermelon
15.01,15.2,43.63,21.47,99.3,7.33,812.67,pomegranate
103.75,67.51,16.91,31.96,76.27,6.15,1365.75,cotton
69.66,48.13,30.24,18.88,62.67,5.65,60.5,maize
26.57,20.28,39.51,22.76,85.48,5.97,888.6,pomegranate
38.95,51.72,23.05,28.02,83.95,6.17,46.06,mungbean
34.1,134.85,184.97,21.28,92.42,6.31,125.94,apple
26.3,145.1,190.41,19.51,76.82,6.53,78.69,grapes
122.39,46.65,93.15,38.3,67.78,5.97,266.74,sugarcane
64.42,62.94,49.2,36.47,89.09,6.53,262.65,papaya
55.81,68.25,24.68,27.96,60.3,6.89,78.09,blackgram
40.67,81.2,15.55,25.75,72.79,7.22,472.28,blackgram
75.48,41.5,35.59,14.12,61.76,6.42,47.17,wheat
93.28,41.98,33.91,21.33,83.45,6.39,242.54,rice
35.14,23.43,47.43,22.23,82.95,7.14,1029.01,pomegranate
30.65,13.72,41.68,26.14,91.74,5.79,965.93,pomegranate
42.63,52.38,24.27,28.3,59.12,6.58,65.42,blackgram
131.63,86.0,60.99,30.74,82.53,5.91,231.48,sugarcane
39.84,35.59,28.01,30.69,43.41,6.25,106.85,mango
18.73,22.93,40.2,24.57,94.38,5.97,117.74,pomegranate
40.2,26.51,48.4,21.99,92.63,5.8,114.43,pomegranate
108.12,80.2,46.81,27.64,75.0,5.63,127.91,banana
34.2,23.93,19.93,11.17,92.87,7.65,955.74,orange
35.71,13.65,48.42,23.01,91.7,6.74,829.38,pomegranate
23.9,51.15,40.27,38.22,69.07,7.84,492.82,pigeonpeas
62.59,80.14,24.13,32.84,60.83,6.82,654.09,blackgram
15.56,30.1,13.34,10.56,87.43,7.0,786.14,orange
115.04,40.09,37.89,22.64,55.35,6.41,1128.77,cotton
34.58,32.4,34.46,36.62,54.46,6.05,695.17,mango
51.01,60.77,13.85,30.72,67.95,7.75,58.62,blackgram
73.6,25.54,48.62,29.13,97.8,5.83,26.02,muskmelon
83.56,77.55,56.27,25.97,87.27,5.98,87.94,banana
18.21,37.95,21.65,28.48,89.97,6.23,43.98,mungbean
91.15,53.76,48.11,25.3,68.22,8.07,420.63,sorghum
104.73,50.65,48.43,22.59,98.49,6.32,296.55,rice
52.94,54.46,66.03,22.45,24.07,7.22,78.17,chickpea
41.43,71.62,21.09,30.3,59.79,7.69,543.87,lentil
92.34,29.29,28.28,22.49,55.19,7.28,1188.74,coffee
94.29,36.96,39.61,27.8,90.76,6.46,2301.23,jute
36.99,49.57,53.62,43.5,94.31,6.85,1206.65,papaya
33.26,42.68,17.83,32.34,61.09,6.88,81.93,mothbeans
22.12,62.43,20.46,30.91,81.22,7.64,667.91,soybean
23.74,71.88,21.68,24.01,23.07,5.76,956.84,kidneybeans
62.71,53.31,38.39,25.96,80.37,6.87,1291.32,soybean
89.4,49.17,22.89,37.76,49.11,6.24,511.68,sorghum
14.47,71.69,23.76,24.16,61.32,6.35,350.0,lentil
30.62,126.5,213.64,20.99,92.57,6.51,1206.92,apple
32.08,20.13,30.94,28.38,86.08,6.56,2058.63,coconut
24.1,16.64,34.82,20.11,93.44,6.22,125.59,pomegranate
19.65,145.04,205.74,31.37,84.21,5.5,650.54,grapes
83.68,44.68,32.57,35.09,84.61,7.25,1651.59,jute
179.91,61.18,103.21,35.31,66.69,6.46,115.06,sugarcane
49.76,42.16,25.1,39.76,66.2,8.09,700.9,sorghum
74.33,14.92,30.64,25.32,69.37,7.35,1355.2,coffee
37.96,63.48,20.4,30.79,80.79,6.08,37.86,mungbean
131.32,53.43,42.89,21.99,69.78,6.17,74.06,cotton
104.55,22.47,49.8,28.17,92.66,5.91,37.51,watermelon
31.99,20.42,24.43,36.73,52.63,5.65,107.02,mango
57.17,84.46,24.66,27.66,58.39,6.85,61.28,blackgram
14.92,76.8,15.89,23.41,22.88,5.7,847.35,kidneybeans
43.05,110.86,180.45,24.13,89.49,6.57,945.95,apple
78.46,24.2,26.07,22.15,59.78,5.95,130.65,coffee
39.79,74.86,16.85,22.81,62.04,6.77,350.0,lentil
25.51,52.12,19.8,32.99,77.12,6.1,425.32,mungbean
47.5,83.25,20.64,36.03,73.41,7.35,67.45,blackgram
180.31,69.44,76.9,37.42,82.12,7.53,108.68,sugarcane
101.44,24.46,49.24,26.96,94.79,5.84,350.0,muskmelon
158.54,46.05,98.0,36.1,77.14,7.59,217.14,sugarcane
27.38,62.37,18.89,26.33,82.54,6.58,38.03,mungbean
31.36,52.85,18.8,25.02,21.26,5.82,55.92,kidneybeans
34.68,61.11,26.56,19.52,29.34,6.05,972.53,kidneybeans
42.12,56.0,86.72,16.88,21.4,6.86,67.55,chickpea
61.03,66.86,15.94,35.52,65.45,6.84,653.93,blackgram
102.58,39.82,34.27,14.95,72.18,6.47,63.43,wheat
14.19,49.36,23.38,26.18,39.58,4.49,540.0,mothbeans
41.21,67.25,19.91,20.33,19.57,5.46,59.92,kidneybeans
47.95,80.61,31.25,27.08,59.09,8.06,1277.74,soybean
56.12,73.1,61.66,24.39,24.9,6.71,101.61,chickpea
88.35,32.98,34.96,13.55,50.04,6.78,439.63,wheat
14.35,59.26,36.11,34.49,56.34,5.83,130.52,pigeonpeas
86.56,41.67,37.27,25.98,87.36,6.43,230.29,jute
128.77,52.62,47.84,25.87,38.87,7.44,48.26,wheat
19.92,44.27,19.78,32.24,40.98,4.32,522.92,mothbeans
107.66,20.05,23.7,25.5,48.97,7.51,132.63,coffee
180.76,66.88,61.62,30.95,62.85,6.48,1313.42,sugarcane
31.54,52.53,13.95,19.27,57.91,6.95,58.74,lentil
30.74,114.68,180.85,16.08,77.87,5.8,68.56,grapes
63.21,54.21,41.12,35.6,99.67,6.8,2333.42,jute
105.13,66.9,46.32,26.15,85.26,6.57,754.62,banana
69.73,39.92,48.18,36.03,78.98,5.89,215.92,jute
16.69,151.75,218.21,17.94,80.38,6.59,63.22,grapes
90.69,16.67,32.32,23.67,48.14,6.59,149.27,coffee
32.64,83.29,25.83,26.52,67.11,6.58,491.48,blackgram
124.51,32.77,34.04,25.22,46.72,6.24,438.29,wheat
61.94,38.47,45.06,25.91,94.46,7.48,2045.3,jute
28.69,45.29,23.69,30.66,92.62,6.85,53.67,mungbean
35.91,72.1,90.6,21.59,15.63,7.11,684.71,chickpea
95.91,38.3,41.57,24.92,81.64,7.51,1838.41,jute
33.9,110.95,193.25,22.61,95.72,6.16,133.76,apple
35.88,37.43,26.72,34.8,57.16,5.36,85.84,mango
118.89,66.4,57.08,26.86,76.01,5.57,125.31,banana
31.16,114.97,200.05,23.15,98.97,5.41,104.31,apple
89.88,40.67,26.92,20.47,39.38,7.17,540.78,wheat
149.54,58.66,107.57,25.53,69.92,6.6,225.21,sugarcane
42.48,59.32,23.23,16.18,25.17,5.73,777.87,kidneybeans
27.72,62.07,16.4,30.93,52.27,6.45,75.51,mothbeans
62.99,52.32,41.01,28.08,92.72,6.09,1668.37,jute
33.85,82.69,90.91,16.81,29.9,7.14,456.49,chickpea
102.58,28.39,32.51,23.33,64.52,7.15,1606.99,coffee
109.18,28.11,51.38,23.66,79.21,5.92,61.54,watermelon
41.54,32.8,17.36,27.46,48.84,9.08,628.55,mothbeans
70.83,51.25,21.31,21.11,71.39,8.01,171.59,cotton
61.96,66.94,24.93,35.71,66.95,7.74,76.93,blackgram
121.18,45.0,36.56,21.16,47.0,6.57,649.19,wheat
14.84,12.14,10.44,27.8,86.84,7.84,758.65,orange
87.37,28.24,34.52,34.92,42.72,7.07,397.24,sorghum
13.81,24.92,29.85,35.09,49.21,7.13,978.98,mango
19.86,29.81,35.69,31.43,99.89,5.93,2207.25,coconut
38.25,51.11,21.31,31.85,66.49,6.57,57.8,blackgram
18.44,15.69,37.81,24.95,83.61,5.91,95.07,pomegranate
25.88,56.53,17.04,31.77,64.53,9.29,625.09,mothbeans
84.37,17.69,28.67,28.54,72.35,6.88,204.68,coffee
17.42,57.69,26.34,26.84,40.99,4.47,526.4,mothbeans
87.88,73.3,54.26,28.2,81.37,6.01,122.84,banana
23.99,43.11,44.66,19.32,67.15,5.77,740.62,soybean
169.48,85.39,77.94,39.76,87.74,6.92,2318.49,sugarcane
105.03,15.18,51.36,28.93,86.91,6.64,22.0,muskmelon
21.5,15.38,16.6,25.79,98.39,6.26,126.15,orange
37.46,30.19,15.27,35.17,85.72,7.05,1098.32,orange
30.27,124.23,219.19,41.69,84.36,6.28,80.62,grapes
66.01,56.0,32.75,27.79,96.89,6.97,265.27,rice
94.81,53.51,34.14,24.57,52.28,6.98,67.18,wheat
123.8,81.38,42.27,26.79,86.89,6.23,989.14,banana
39.84,26.34,40.76,17.74,96.41,5.79,1038.21,pomegranate
92.72,30.41,36.66,27.39,50.91,7.21,130.93,coffee
34.75,69.77,21.08,30.36,58.67,7.38,74.28,blackgram
72.09,58.31,43.59,35.35,95.05,6.51,296.11,jute
114.89,36.94,35.57,25.5,69.54,5.83,1071.88,coffee
25.26,32.26,18.75,21.34,92.31,8.23,747.27,orange
17.0,63.49,22.71,20.54,26.73,5.64,502.27,kidneybeans
95.21,34.1,25.22,26.19,71.21,5.94,94.53,maize
43.45,61.21,50.23,19.4,46.59,6.31,159.86,soybean
89.01,37.49,45.63,24.98,81.08,6.16,324.37,rice
97.59,74.34,44.31,23.84,82.19,6.26,820.08,banana
61.53,49.97,33.96,31.25,98.58,7.39,203.39,jute
24.26,69.02,23.73,14.71,25.18,5.94,61.75,kidneybeans
73.62,39.58,35.2,22.9,96.13,7.36,1763.64,rice
29.16,41.68,57.62,24.1,80.57,6.05,158.75,soybean
40.52,21.94,18.61,21.22,89.88,6.3,1042.12,orange
73.97,34.91,41.51,37.74,96.53,6.21,212.95,jute
20.83,144.77,190.28,22.53,91.84,6.14,907.77,apple
27.01,61.73,88.04,22.82,22.83,6.48,47.44,chickpea
35.3,27.3,31.01,27.37,48.81,6.11,105.15,mango
93.92,57.88,43.53,37.0,81.22,6.17,327.76,jute
109.56,21.68,49.19,24.18,90.33,7.19,46.66,watermelon
110.76,52.86,107.86,37.52,72.54,8.2,2050.91,sugarcane
190.92,76.93,100.94,35.52,69.11,6.23,271.88,sugarcane
99.96,32.89,44.14,26.21,97.42,6.11,244.28,rice
82.35,24.45,49.1,25.8,86.17,6.96,23.02,muskmelon
37.37,137.3,204.09,20.68,93.85,5.48,1003.08,apple
25.03,29.88,12.79,12.11,92.79,7.32,1208.09,orange
41.11,111.7,187.69,20.74,97.17,5.54,135.01,apple
110.19,18.73,59.23,24.8,76.88,7.02,64.06,watermelon
17.96,149.54,190.04,22.23,89.78,6.66,123.82,apple
63.08,36.95,24.55,31.24,50.45,6.38,151.24,soybean
67.71,35.44,29.35,33.66,51.78,7.03,58.6,sorghum
38.05,72.85,45.69,42.61,89.95,7.15,165.68,papaya
78.93,58.72,32.76,18.67,43.43,7.14,89.26,wheat
18.9,42.99,22.32,26.96,82.23,7.27,514.97,mungbean
102.62,50.18,36.22,25.12,50.3,6.21,737.2,sorghum
115.3,25.91,58.8,26.24,79.38,6.2,41.25,watermelon
31.41,32.51,20.82,32.43,65.97,5.08,695.71,mothbeans
48.6,79.14,20.9,35.33,72.46,7.81,65.49,blackgram
127.09,37.75,18.56,35.31,66.34,8.14,1140.59,cotton
14.47,42.22,25.23,31.95,58.98,7.23,1230.39,pigeonpeas
116.36,62.03,26.6,23.11,54.3,7.47,88.16,cotton
38.45,122.7,209.55,23.95,85.63,6.52,618.24,grapes
14.16,41.5,29.03,32.24,56.22,6.92,111.54,pigeonpeas
77.94,64.72,22.29,21.67,76.7,7.0,76.01,cotton
21.37,78.68,75.96,23.47,23.85,7.02,79.42,chickpea
34.89,49.59,22.01,29.53,47.87,5.36,350.0,mothbeans
119.38,18.81,56.14,26.24,90.35,7.18,606.16,watermelon
49.84,53.73,69.47,19.93,28.42,7.18,570.18,chickpea
34.63,41.69,17.71,23.63,46.55,4.91,688.63,mothbeans
54.62,79.25,37.32,32.36,78.5,6.11,62.77,soybean
29.31,17.58,21.02,11.68,93.72,7.08,913.84,orange
106.2,64.09,29.21,24.47,44.79,6.73,66.95,wheat
57.81,79.41,24.8,36.53,63.34,7.73,63.47,blackgram
83.98,70.0,46.94,29.69,75.95,6.41,1189.18,banana
16.37,59.71,18.13,17.5,25.02,6.14,701.93,kidneybeans
42.85,26.63,40.91,21.97,91.47,5.42,948.62,pomegranate
33.88,18.69,42.39,25.1,88.92,6.27,1120.54,pomegranate
38.65,47.3,18.54,32.18,44.31,6.34,532.3,mothbeans
101.03,55.56,33.69,24.18,80.74,5.86,321.7,rice
77.86,21.8,29.13,22.21,70.15,7.72,140.63,coffee
17.94,59.86,25.41,24.72,25.04,6.06,931.41,kidneybeans
15.27,63.53,24.94,26.32,77.8,6.93,64.29,mungbean
26.71,22.37,17.76,13.37,92.73,7.15,766.47,orange
86.38,38.9,27.36,23.41,40.98,7.07,737.21,wheat
30.71,15.12,41.05,25.81,93.58,5.36,1201.78,pomegranate
42.29,31.99,28.46,28.92,55.4,7.19,98.72,mango
32.0,15.25,32.89,29.45,87.56,6.3,202.76,coconut
23.35,77.32,15.87,16.12,29.86,5.88,1015.27,kidneybeans
181.8,71.61,79.46,37.79,84.35,6.59,2532.0,sugarcane
21.89,31.92,47.98,21.95,95.83,7.31,868.42,pomegranate
191.83,47.98,77.7,27.43,77.01,7.95,193.42,sugarcane
23.06,43.84,26.71,27.64,78.25,6.43,63.54,mungbean
24.95,16.7,35.76,25.85,86.58,6.17,206.43,coconut
29.92,52.83,22.01,29.43,56.15,6.99,58.52,mothbeans
23.24,134.15,214.08,15.71,76.14,6.04,72.57,grapes
41.85,111.22,187.44,24.64,87.31,5.58,111.25,apple
72.88,46.49,26.4,19.51,63.98,7.49,864.36,maize
119.35,19.12,49.95,24.3,90.53,6.12,40.36,watermelon
63.75,50.48,44.27,31.09,83.85,7.26,2201.63,jute
112.57,33.9,49.0,20.87,43.6,6.76,39.58,wheat
36.87,50.42,51.46,45.57,90.67,6.85,229.57,papaya
56.41,82.03,54.98,29.63,67.75,6.04,51.98,soybean
76.63,57.03,30.0,37.21,75.29,6.0,74.13,cotton
73.85,34.4,45.53,25.48,76.2,6.61,226.77,rice
16.49,72.47,14.15,28.59,62.0,7.14,424.25,lentil
95.04,80.87,54.45,24.17,84.3,6.11,121.8,banana
35.88,115.28,211.66,21.02,87.21,5.99,116.42,apple
143.25,36.33,36.73,31.92,64.71,7.73,623.61,cotton
73.07,59.07,53.18,22.69,43.87,6.1,559.28,wheat
194.06,67.86,59.3,37.33,81.25,8.22,1200.69,sugarcane
56.72,50.13,41.5,44.88,95.67,6.68,247.05,papaya
69.99,61.89,48.64,41.79,98.73,6.93,249.73,papaya
84.91,56.14,46.57,33.73,89.54,6.66,312.78,jute
123.84,15.96,50.89,30.68,97.56,6.25,350.0,muskmelon
31.66,53.51,21.6,18.15,67.64,7.81,56.54,lentil
38.35,16.61,14.05,17.47,97.03,6.11,903.1,orange
30.69,29.6,41.5,25.03,82.41,6.36,116.49,pomegranate
54.15,57.17,47.78,37.6,85.68,6.56,265.45,papaya
30.87,41.71,13.93,31.01,88.8,6.11,617.64,mungbean
26.98,67.25,84.18,18.25,15.3,8.73,98.31,chickpea
62.47,57.41,45.15,23.04,86.51,6.37,258.75,rice
35.04,146.71,220.91,22.83,94.64,5.77,110.79,apple
62.1,63.66,34.92,33.87,76.59,6.02,947.42,soybean
31.85,75.68,16.73,31.25,66.5,6.43,434.49,lentil
77.82,52.29,46.79,33.23,97.41,6.79,2427.95,jute
23.14,142.54,212.64,12.33,76.11,6.6,611.25,grapes
109.72,26.96,53.32,26.24,94.96,6.67,384.04,muskmelon
33.54,82.8,39.65,24.91,44.87,6.31,61.61,pigeonpeas
16.32,114.04,186.99,22.0,91.08,5.69,1102.0,apple
144.42,63.18,31.25,36.17,53.63,7.17,187.85,cotton
20.67,84.27,41.95,36.36,43.46,7.76,802.63,pigeonpeas
44.49,60.77,36.42,28.99,74.87,6.08,114.47,soybean
14.75,57.54,26.63,33.58,83.25,7.1,643.72,mungbean
77.26,48.92,30.15,18.71,49.67,6.58,651.14,wheat
22.76,119.12,207.63,23.58,87.8,6.05,104.87,apple
62.91,41.39,45.85,27.44,96.13,6.55,305.25,jute
127.24,24.46,58.42,30.82,92.97,6.75,25.66,muskmelon
125.9,86.65,50.41,29.89,75.65,6.14,1153.51,banana
32.97,124.38,200.46,22.78,78.49,5.54,525.11,grapes
61.37,68.28,21.37,23.78,60.31,7.79,81.95,blackgram
121.93,16.53,50.06,26.3,86.43,6.19,61.42,watermelon
38.89,55.24,19.33,22.81,20.93,5.66,141.17,kidneybeans
37.83,71.03,13.93,19.75,21.91,5.62,129.43,kidneybeans
25.78,78.66,14.06,17.82,23.64,6.11,87.54,kidneybeans
68.23,38.96,42.44,20.0,96.17,6.92,1962.06,rice
190.61,60.13,64.92,28.61,85.79,6.22,1967.01,sugarcane
14.99,14.23,21.43,30.42,87.26,7.93,903.25,orange
42.63,61.6,21.65,30.1,59.67,7.15,42.66,lentil
20.74,64.01,18.79,24.06,21.19,6.0,601.74,kidneybeans
34.01,68.4,21.43,37.68,48.48,7.27,96.43,pigeonpeas
39.22,36.32,26.2,26.5,53.39,6.4,797.11,mango
99.27,15.14,29.8,28.76,66.84,6.75,1086.57,coffee
25.83,128.08,217.09,23.44,93.48,6.44,123.93,apple
35.19,80.88,18.47,17.1,68.78,7.95,36.18,lentil
21.83,133.48,185.43,42.83,83.66,5.71,665.79,grapes
190.95,49.75,99.57,28.8,89.2,7.93,1324.45,sugarcane
68.72,27.62,31.99,26.29,61.51,8.25,61.8,sorghum
101.22,12.22,52.28,27.01,94.46,6.34,49.12,watermelon
70.14,44.42,52.14,28.9,51.36,8.42,173.72,sorghum
41.76,27.63,18.32,12.26,96.22,7.31,101.33,orange
186.76,72.87,70.83,36.53,74.83,6.77,2069.38,sugarcane
32.92,63.05,22.27,25.09,71.02,6.3,473.42,lentil
27.3,40.44,26.83,28.69,76.48,6.5,155.91,soybean
66.53,35.03,35.03,25.75,89.41,6.09,2108.87,rice
59.21,66.33,23.82,34.59,57.57,7.15,77.41,blackgram
99.95,28.05,44.81,27.99,87.42,6.47,18.32,muskmelon
31.47,64.27,87.22,21.73,30.31,8.19,102.31,chickpea
119.79,24.37,26.81,27.8,48.71,7.43,130.59,coffee
71.12,56.29,30.57,26.18,56.77,6.39,67.41,sorghum
124.81,55.57,83.71,24.99,64.31,6.72,2264.24,sugarcane
19.07,137.0,194.46,25.02,80.97,6.06,60.58,grapes
33.22,18.29,26.62,34.51,46.14,4.47,88.03,mango
31.5,119.72,216.01,40.01,77.71,5.91,539.6,grapes
30.31,21.35,30.35,36.6,43.58,4.54,108.07,mango
99.63,16.01,43.89,27.47,90.0,6.03,614.8,watermelon
19.24,53.55,21.0,23.25,55.34,4.92,610.7,mothbeans
30.7,135.39,217.42,21.62,85.75,6.49,520.91,grapes
52.12,55.96,17.14,34.67,62.12,7.57,761.28,blackgram
81.42,98.55,49.71,25.92,87.04,5.64,92.25,banana
31.18,37.51,25.41,25.68,76.45,7.04,350.0,mungbean
15.14,32.35,34.93,21.03,81.6,5.87,1161.01,pomegranate
113.45,42.16,33.56,28.66,58.28,6.91,1112.98,cotton
42.78,28.56,19.33,22.84,89.19,7.95,118.9,orange
80.97,44.49,40.16,36.1,87.66,5.82,2800.0,jute
82.45,45.25,47.72,33.65,90.78,6.25,2800.0,jute
14.09,78.33,24.23,22.75,67.08,6.44,44.11,lentil
33.4,17.02,16.73,31.16,91.78,7.46,102.22,orange
18.18,117.48,200.14,21.64,92.08,5.86,108.98,apple
16.26,21.51,17.51,14.87,93.21,6.21,1206.8,orange
124.38,22.9,46.18,27.91,93.89,6.58,49.78,watermelon
101.84,24.19,55.59,23.09,85.16,6.59,547.55,watermelon
92.07,63.75,26.63,23.84,63.87,5.81,114.85,maize
60.36,48.42,33.24,24.81,99.73,6.71,260.0,jute
91.02,9.64,47.73,26.91,95.13,6.83,350.0,muskmelon
39.94,46.12,25.99,24.64,65.12,5.91,81.02,mothbeans
56.58,49.76,31.58,19.63,56.75,7.18,112.59,maize
73.11,58.3,20.5,19.82,74.39,7.56,56.04,maize
109.98,28.54,23.42,26.77,62.9,6.73,1711.45,coffee
90.03,58.46,36.42,28.27,83.79,7.61,1637.72,jute
123.72,13.09,46.8,25.93,91.41,6.64,350.0,muskmelon
69.07,45.04,41.7,27.81,82.02,7.37,1693.88,jute
37.01,113.34,184.51,23.31,97.47,6.45,118.2,apple
30.55,132.45,197.27,38.32,87.92,5.71,72.02,grapes
112.18,51.3,30.81,16.43,38.19,7.3,350.0,wheat
30.48,74.01,17.94,22.84,59.41,6.24,535.61,lentil
38.24,30.12,45.06,17.71,89.53,6.01,100.74,pomegranate
25.02,48.3,14.46,31.13,94.19,7.1,578.34,mungbean
20.48,144.78,182.77,24.09,89.83,5.72,108.46,apple
191.97,63.18,85.57,38.73,59.71,6.65,260.75,sugarcane
34.51,25.83,11.75,15.41,93.36,6.15,121.43,orange
47.4,67.89,22.45,23.9,63.84,7.57,502.73,blackgram
34.32,38.97,28.32,31.93,62.91,6.73,1034.19,soybean
28.24,78.35,31.33,26.71,69.45,6.45,91.4,soybean
21.62,57.24,87.6,19.41,22.79,5.98,806.99,chickpea
85.6,53.68,35.27,25.99,88.42,6.92,254.4,jute
76.41,22.41,41.53,22.96,82.09,6.23,369.38,watermelon
25.67,131.63,209.04,16.62,79.69,6.26,69.18,grapes
56.15,44.68,21.14,24.59,71.26,7.03,740.0,sorghum
76.45,44.26,36.56,35.28,99.99,7.48,1635.49,jute
127.63,11.58,44.8,29.68,91.43,6.71,350.0,muskmelon
108.71,64.56,30.6,35.6,36.51,8.57,39.06,sorghum
39.36,69.87,39.65,32.09,63.3,7.93,90.74,soybean
93.81,52.6,45.3,19.19,83.8,5.84,295.56,rice
32.0,16.37,36.14,22.09,93.29,5.78,1094.63,pomegranate
79.45,37.09,37.37,24.87,87.4,7.18,231.96,jute
151.52,51.42,75.71,33.07,76.71,6.64,248.22,sugarcane
29.46,28.08,29.04,28.26,99.59,5.73,236.93,coconut
34.92,30.91,31.52,29.39,93.68,5.71,2317.06,coconut
122.73,15.07,55.39,31.36,98.27,6.38,350.0,muskmelon
49.44,59.61,23.64,36.08,50.63,7.53,82.88,sorghum
57.64,73.6,44.78,36.31,94.2,7.08,221.37,papaya
35.79,21.49,24.86,27.49,90.82,6.31,146.96,coconut
90.13,46.45,34.51,26.69,99.16,6.29,268.65,jute
39.23,146.3,192.68,41.67,81.44,6.05,568.09,grapes
25.82,125.82,218.65,24.64,87.3,6.54,1303.44,apple
17.88,39.25,25.5,28.04,90.06,6.52,41.71,mungbean
51.65,52.92,45.09,44.94,98.17,6.76,241.8,papaya
108.86,65.97,26.48,21.59,58.92,7.19,606.54,maize
64.63,46.73,39.25,25.47,86.66,6.98,2423.08,rice
39.01,63.43,15.81,32.27,87.96,6.89,431.68,mungbean
75.6,34.31,43.67,25.38,81.18,7.61,229.36,jute
121.39,13.62,58.85,30.52,88.86,6.77,350.0,muskmelon
74.87,13.31,58.45,30.33,88.0,6.09,370.73,muskmelon
33.2,59.91,18.41,19.02,57.28,7.48,1091.96,soybean
45.18,61.11,42.42,35.09,64.53,6.21,499.23,soybean
50.48,47.3,54.85,28.46,95.98,6.58,159.52,papaya
89.1,57.78,44.33,25.8,98.04,6.67,2560.54,jute
73.34,41.91,37.65,26.06,98.6,6.44,185.96,rice
64.05,47.52,46.83,26.13,87.14,6.56,2378.65,papaya
30.38,149.89,203.71,20.63,87.73,6.01,865.73,apple
42.36,36.03,31.95,34.77,45.57,4.99,693.43,mango
31.78,130.88,181.3,33.78,78.76,5.63,653.19,grapes
16.74,27.96,12.6,18.04,96.01,6.64,126.83,orange
30.3,51.72,38.42,33.04,63.13,6.99,55.28,soybean
83.62,47.96,37.65,27.84,84.64,6.63,2800.0,jute
24.24,73.68,22.95,30.52,61.69,6.32,40.13,lentil
80.99,25.25,48.99,30.75,92.53,5.92,20.45,muskmelon
148.71,49.0,98.53,26.56,87.1,7.41,179.14,sugarcane
21.55,15.72,24.74,26.45,93.65,6.39,1878.01,coconut
29.52,17.13,20.49,26.18,92.11,8.17,775.0,orange
68.98,26.4,48.32,39.56,33.58,6.08,762.64,sorghum
35.87,56.82,18.84,27.7,58.91,6.69,81.0,blackgram
125.86,50.58,35.76,22.76,43.14,7.64,95.05,cotton
137.18,74.77,78.75,35.53,57.59,6.28,2080.31,sugarcane
155.38,54.14,63.42,33.36,63.2,7.96,245.08,sugarcane
22.14,153.67,195.29,20.57,91.02,6.09,880.47,apple
22.84,78.92,21.88,22.38,60.52,7.37,131.07,soybean
104.05,26.68,58.11,27.9,93.74,6.07,26.29,muskmelon
57.73,58.79,51.84,36.58,99.48,7.02,272.54,papaya
62.46,42.31,43.61,24.7,83.19,5.84,235.93,rice
42.99,58.77,23.81,24.93,63.66,7.83,64.44,blackgram
22.11,57.21,73.75,15.08,19.58,5.82,72.47,chickpea
62.32,53.22,46.29,35.69,88.7,6.71,214.91,papaya
33.25,58.33,24.62,31.5,67.81,3.82,65.99,mothbeans
37.55,12.14,17.36,14.35,94.4,5.99,1198.05,orange
23.44,23.92,32.0,31.33,45.28,4.63,99.78,mango
40.78,155.92,215.51,22.9,95.61,5.84,1163.97,apple
30.21,129.13,205.24,40.88,79.32,6.16,595.97,grapes
18.21,12.24,16.5,16.37,97.83,6.49,893.66,orange
25.79,46.85,22.47,30.41,79.84,6.97,372.86,mungbean
41.34,51.66,30.76,22.09,44.58,7.19,147.29,pigeonpeas
19.28,45.17,24.6,29.56,88.53,6.88,65.86,mungbean
75.47,50.71,47.15,41.56,95.36,6.96,258.25,papaya
56.44,66.7,43.15,44.54,91.92,6.59,2187.52,papaya
105.33,48.2,23.96,16.54,43.3,7.42,44.48,wheat
92.79,14.77,49.23,27.21,94.2,5.88,22.69,muskmelon
82.44,37.58,23.43,33.65,46.08,6.07,43.02,sorghum
51.25,60.94,18.02,31.37,60.44,6.68,789.34,blackgram
35.52,42.75,30.68,29.88,51.62,6.7,719.52,soybean
53.8,42.48,52.68,41.9,96.6,7.09,140.52,papaya
39.07,51.14,13.94,26.25,93.15,7.09,576.97,mungbean
32.49,52.1,18.89,28.6,84.08,7.38,598.92,mungbean
77.38,46.49,17.13,17.64,58.25,5.81,54.21,maize
39.44,67.35,32.04,27.4,68.22,6.92,127.68,pigeonpeas
31.91,57.53,18.18,26.37,82.92,6.33,33.0,mungbean
38.48,24.55,38.18,24.46,85.81,7.37,96.01,pomegranate
125.55,98.52,57.67,29.94,78.35,6.34,738.24,banana
102.05,43.05,25.6,26.72,58.68,6.36,86.52,maize
110.68,98.19,41.81,29.92,71.31,5.69,118.66,banana
70.74,44.51,43.73,33.32,87.37,7.13,244.97,papaya
33.84,12.06,38.79,26.01,84.65,6.16,101.3,pomegranate
126.93,42.73,35.12,25.38,60.89,6.3,420.5,wheat
22.3,10.02,39.24,25.1,96.07,7.02,908.36,pomegranate
80.24,70.05,28.46,20.73,47.75,7.58,438.26,wheat
19.26,22.83,27.16,29.79,90.39,5.61,2054.23,coconut
75.88,21.35,49.73,27.07,79.09,6.95,379.88,watermelon
14.42,72.49,23.3,31.31,58.78,7.41,482.36,lentil
45.55,55.84,26.33,30.87,60.4,6.51,75.17,blackgram
18.93,135.55,210.75,35.76,84.06,6.67,813.41,grapes
32.16,14.11,10.76,16.73,95.31,6.54,118.2,orange
128.37,72.19,58.59,32.12,85.28,7.81,138.24,sugarcane
36.4,21.26,35.45,30.94,93.2,5.44,227.57,coconut
74.98,14.25,37.73,27.81,69.94,6.21,182.78,coffee
69.24,53.2,32.9,32.02,80.11,6.5,1731.09,jute
117.47,52.44,15.17,36.28,41.11,7.95,1009.2,cotton
16.36,29.51,16.87,25.34,98.54,5.85,1100.28,orange
34.89,72.17,68.39,19.29,29.38,8.75,75.6,chickpea
115.4,48.51,39.0,35.1,71.23,7.28,1030.37,sorghum
69.56,69.55,57.14,25.29,98.95,6.43,2044.34,papaya
57.28,59.75,24.59,26.44,62.9,5.45,917.48,maize
121.92,49.81,39.09,22.19,40.98,6.81,668.36,wheat
24.61,58.4,41.41,36.82,53.3,6.41,86.63,pigeonpeas
77.38,28.19,57.14,26.03,91.76,6.3,50.27,watermelon
76.87,32.46,41.43,30.7,80.7,7.09,271.73,jute
37.94,78.84,22.28,34.81,60.84,7.52,663.32,blackgram
135.37,57.78,57.62,29.76,57.57,6.28,1854.13,sugarcane
98.74,49.98,15.19,20.62,59.28,7.4,86.95,maize
39.39,54.38,91.5,15.18,15.69,7.57,97.93,chickpea
41.95,30.46,15.26,19.0,89.83,7.87,110.74,orange
40.83,83.63,33.25,32.67,42.88,5.82,76.76,pigeonpeas
22.28,11.53,25.42,30.79,92.0,5.49,148.46,coconut
112.38,66.45,47.44,28.0,89.1,5.86,1042.92,banana
90.03,31.0,34.57,28.14,53.06,5.94,1841.34,coffee
37.9,27.4,19.35,24.74,90.8,7.62,90.9,orange
39.44,137.83,196.48,20.52,98.11,5.37,1229.34,apple
107.25,24.98,43.6,27.48,89.51,6.65,56.61,watermelon
89.02,78.97,51.8,30.23,83.98,5.64,126.89,banana
30.68,133.67,190.18,36.29,85.3,6.51,632.55,grapes
100.34,97.65,51.0,27.41,78.47,5.82,101.21,banana
54.2,35.18,26.97,28.61,59.99,6.86,78.45,sorghum
118.44,14.5,55.52,23.52,85.43,6.08,44.25,watermelon
34.14,69.75,19.18,19.91,21.88,5.9,151.23,kidneybeans
58.15,74.42,14.33,30.27,69.63,7.34,81.27,blackgram
114.61,79.54,101.74,32.12,66.27,7.93,158.92,sugarcane
30.04,21.79,46.88,21.3,92.96,5.8,943.31,pomegranate
19.5,86.02,24.73,29.44,63.24,6.9,43.56,lentil
148.31,67.9,102.48,36.01,57.76,5.96,201.61,sugarcane
114.35,69.18,27.77,21.86,49.24,6.2,34.47,wheat
83.86,35.17,28.93,21.78,66.93,6.56,115.46,maize
105.85,31.3,43.3,27.74,84.14,6.92,548.16,watermelon
39.14,51.7,20.23,23.82,73.77,7.24,148.46,pigeonpeas
65.05,39.8,35.11,27.66,85.51,6.61,1550.52,rice
16.55,73.22,33.19,24.12,56.52,5.39,130.72,pigeonpeas
70.05,52.34,41.65,40.49,86.0,6.62,1214.18,papaya
119.83,46.51,93.32,26.09,82.81,6.85,244.43,sugarcane
64.79,52.25,32.19,22.48,53.2,6.13,104.22,maize
111.11,93.17,55.57,25.9,74.33,6.04,1033.61,banana
25.27,52.68,20.16,23.02,22.71,5.46,725.88,kidneybeans
15.61,84.29,25.74,25.12,64.77,6.19,543.44,lentil
106.03,55.47,40.94,25.0,77.56,7.07,218.29,rice
108.4,61.19,41.27,23.24,67.44,6.04,461.92,wheat
23.55,42.11,18.14,26.11,78.61,6.64,40.88,mungbean
44.12,62.14,14.0,31.22,65.88,6.81,811.82,blackgram
82.29,40.6,36.89,21.44,54.04,6.88,38.63,wheat
104.0,54.9,41.9,19.28,94.17,7.18,204.54,rice
21.28,15.18,38.93,21.65,93.52,5.71,99.7,pomegranate
14.15,27.85,45.1,23.77,87.26,6.4,98.54,pomegranate
31.7,53.5,25.4,32.89,61.59,7.5,558.73,mothbeans
25.55,79.31,70.05,20.57,14.78,6.75,62.27,chickpea
18.5,26.62,20.82,16.06,97.5,6.16,119.02,orange
80.2,11.42,48.14,27.96,81.1,6.63,427.31,watermelon
71.05,61.01,37.43,39.1,37.05,7.29,76.25,sorghum
84.88,39.56,51.57,25.61,62.04,6.16,79.58,wheat
41.36,13.54,31.68,29.22,90.8,5.57,174.84,coconut
15.36,80.1,23.47,30.72,69.03,6.05,380.05,lentil
32.3,76.98,20.72,29.47,57.19,7.93,737.34,blackgram
51.09,49.35,52.24,39.66,87.58,6.45,193.55,papaya
60.73,40.1,45.0,28.69,78.51,7.28,2492.62,jute
52.48,62.48,64.01,24.57,16.45,7.76,711.72,chickpea
26.98,45.07,20.74,30.22,47.07,8.19,370.29,mothbeans
91.91,46.91,37.05,15.77,40.08,7.24,92.62,wheat
40.87,81.61,14.99,28.44,65.54,7.56,395.32,lentil
96.93,72.75,56.03,24.5,80.88,5.42,1163.73,banana
63.08,72.01,15.5,24.65,57.29,6.32,78.01,blackgram
116.28,10.17,56.91,28.01,96.94,6.51,20.27,muskmelon
16.61,80.62,19.3,25.18,64.59,6.5,47.74,lentil
14.27,20.56,21.31,25.58,95.2,7.18,741.12,orange
117.06,45.04,47.59,25.08,72.72,7.95,1094.69,cotton
109.89,74.3,57.23,30.81,88.37,6.07,109.27,banana
28.63,31.0,17.8,14.27,88.86,6.06,123.32,orange
31.42,36.32,22.14,25.82,85.13,6.78,652.44,mungbean
115.99,60.84,29.01,37.29,51.64,8.42,115.92,sorghum
186.07,78.03,84.64,29.69,73.53,7.76,246.22,sugarcane
27.59,52.29,17.93,29.88,56.7,7.11,66.16,mothbeans
90.98,28.34,54.19,23.4,93.23,5.94,646.66,watermelon
34.44,111.44,185.42,29.72,78.8,6.23,794.51,grapes
31.18,85.37,50.19,32.48,73.61,7.98,690.4,soybean
124.52,14.76,37.44,22.08,51.33,6.83,211.6,coffee
96.65,26.9,52.05,30.94,93.25,6.66,19.43,muskmelon
97.82,32.51,22.42,27.68,77.85,5.37,70.98,maize
74.21,53.86,52.94,28.08,87.87,6.43,2373.33,papaya
46.94,54.92,23.82,34.77,40.05,8.38,941.19,pigeonpeas
25.46,21.13,37.64,31.84,46.28,5.04,736.24,mango
31.38,14.3,11.12,35.87,97.63,7.68,1062.7,orange
58.26,68.4,18.1,29.23,67.01,6.98,63.54,blackgram
22.98,59.06,16.95,20.02,25.15,5.76,1062.86,kidneybeans
31.75,27.93,28.61,30.28,55.25,6.16,103.71,mango
34.12,19.78,37.17,18.93,95.8,7.0,1007.32,pomegranate
34.29,30.92,30.44,30.46,55.84,4.77,1031.03,mango
19.01,149.66,191.13,39.6,77.37,6.51,788.98,grapes
66.72,63.05,55.5,45.36,93.24,6.7,1840.01,papaya
59.83,50.53,35.56,30.84,91.37,6.66,1624.93,jute
39.54,52.61,45.65,41.07,92.93,6.48,1229.61,papaya
39.6,67.7,54.33,38.87,90.36,6.61,136.92,papaya
96.31,48.38,32.24,27.81,93.05,6.23,202.94,rice
16.82,111.87,183.34,15.65,78.14,5.39,646.58,grapes
69.32,40.04,50.94,25.74,52.93,5.95,72.6,wheat
32.47,57.82,24.42,30.47,78.34,6.73,411.44,mungbean
34.5,82.01,15.29,30.82,62.6,6.52,76.25,blackgram
37.01,64.42,20.48,25.69,52.06,6.33,59.81,mothbeans
24.02,24.39,38.76,22.93,81.51,6.25,1065.93,pomegranate
115.33,25.25,25.24,26.49,53.01,8.58,54.82,sorghum
40.14,38.22,26.01,28.87,93.96,7.35,530.23,mungbean
42.48,12.35,32.54,21.17,97.79,7.19,101.32,pomegranate
85.62,28.12,44.8,32.37,46.35,5.93,98.99,sorghum
38.38,63.29,28.52,32.03,49.9,6.4,683.62,soybean
38.16,62.46,19.35,30.26,70.02,6.57,55.41,lentil
89.49,62.16,22.69,21.08,61.01,7.47,605.5,maize
60.49,52.69,46.22,29.22,51.79,7.83,492.1,sorghum
30.07,78.73,18.12,19.54,60.21,6.45,350.0,lentil
36.74,117.25,212.02,37.58,79.11,5.46,60.57,grapes
43.08,61.41,35.23,25.67,46.29,5.75,807.29,pigeonpeas
133.61,61.68,26.36,39.8,66.85,8.68,586.86,cotton
19.58,56.0,29.49,22.81,47.23,6.96,516.97,soybean
45.27,65.95,20.87,35.08,71.94,6.63,703.19,blackgram
106.53,44.39,38.63,21.48,77.21,5.97,305.73,rice
101.49,27.89,24.32,28.9,47.7,6.24,1616.21,coffee
75.26,16.0,42.48,24.74,92.67,6.77,41.27,watermelon
39.67,66.86,17.29,35.71,63.68,6.33,57.12,blackgram
35.26,10.44,28.13,30.31,87.73,6.53,119.57,coconut
94.41,41.65,46.55,27.55,79.29,6.01,235.4,jute
100.75,39.44,34.24,34.2,62.26,5.98,145.45,sorghum
18.67,33.95,19.17,32.4,67.75,4.35,503.41,mothbeans
24.19,116.36,180.57,33.54,76.82,6.22,63.96,grapes
36.69,14.78,45.93,24.2,82.85,7.18,91.69,pomegranate
16.3,128.06,195.95,23.69,88.98,5.94,715.59,grapes
38.12,50.79,16.73,28.86,61.44,7.67,53.87,mothbeans
93.14,25.92,49.6,26.36,83.75,6.25,414.12,watermelon
40.28,78.5,87.3,14.8,26.37,6.37,642.83,chickpea
31.65,32.21,24.98,36.84,52.52,6.78,949.43,mango
33.08,31.07,46.35,20.27,83.53,7.14,885.54,pomegranate
17.78,47.45,25.34,29.73,83.76,7.39,63.06,mungbean
15.79,17.56,14.36,28.69,88.53,7.04,941.3,orange
32.67,115.42,205.76,10.06,81.16,5.36,78.32,grapes
97.22,48.77,45.83,25.43,84.58,6.9,202.35,rice
41.42,62.61,26.63,30.86,52.4,7.26,53.37,mothbeans
30.61,27.59,32.37,33.49,55.89,7.13,109.18,mango
30.5,19.52,27.9,29.82,97.2,6.46,224.18,coconut
61.95,57.42,33.05,28.33,89.42,6.6,1553.79,rice
68.77,38.14,23.98,24.51,68.6,8.32,919.67,sorghum
101.6,92.37,45.54,29.38,72.68,6.21,83.41,banana
40.01,68.98,68.69,23.09,30.38,6.08,46.72,chickpea
102.84,15.52,56.24,31.46,98.62,6.87,362.28,muskmelon
24.5,80.98,52.6,25.01,56.15,7.14,471.92,soybean
28.04,40.87,18.26,32.42,87.52,7.21,374.43,mungbean
20.07,67.29,20.91,17.7,71.96,6.52,42.08,lentil
121.88,15.71,51.8,25.7,94.55,6.65,363.82,muskmelon
63.7,65.5,15.65,20.08,61.59,6.21,109.96,maize
33.15,70.28,75.03,19.77,14.74,8.6,543.69,chickpea
13.97,32.46,20.16,26.54,79.92,6.52,350.0,mungbean
89.79,48.31,45.23,22.64,88.09,5.88,177.9,rice
34.83,41.19,15.0,22.95,50.8,9.5,58.61,mothbeans
97.92,96.25,50.32,30.29,84.69,5.96,771.71,banana
28.64,54.52,23.19,25.43,63.56,7.12,384.98,lentil
14.8,10.37,34.81,26.65,97.01,6.08,176.1,coconut
97.1,53.16,44.9,36.4,78.09,7.17,238.63,jute
123.36,25.15,44.26,25.77,99.28,6.95,24.02,muskmelon
85.92,17.13,36.41,27.58,71.74,6.98,191.27,coffee
74.46,38.02,37.36,27.56,94.52,6.09,323.77,rice
28.32,125.32,211.5,20.3,90.28,5.42,128.35,apple
17.82,59.22,18.48,25.71,66.26,6.88,77.74,mothbeans
32.57,71.21,24.21,16.78,20.63,5.8,112.62,kidneybeans
43.85,86.05,26.6,35.73,59.19,6.96,80.71,blackgram
25.94,24.08,34.56,30.53,96.17,5.57,1718.95,coconut
40.35,68.24,22.22,24.12,62.69,7.01,756.54,blackgram
36.77,17.36,14.91,30.57,87.37,8.07,1014.63,orange
56.13,42.08,34.83,26.95,78.69,6.94,2194.75,jute
69.17,45.83,54.72,23.34,97.79,7.12,187.8,papaya
42.5,67.27,26.98,24.06,63.34,7.54,34.61,lentil
53.83,46.26,41.85,24.66,92.65,6.52,1231.56,papaya
22.23,20.59,27.81,26.44,94.36,5.81,2262.37,coconut
23.05,144.42,213.09,14.26,89.06,5.61,63.73,grapes
28.72,14.76,33.52,21.13,80.86,5.64,102.51,pomegranate
36.17,47.34,17.14,31.17,82.4,6.44,65.82,mungbean
57.69,69.01,55.2,45.12,99.48,6.31,221.98,papaya
20.41,13.27,33.0,22.14,99.7,6.34,956.33,pomegranate
98.89,49.97,38.68,19.1,77.68,6.3,2800.0,rice
102.75,16.59,56.11,26.35,79.44,5.83,43.82,watermelon
39.32,74.14,22.62,26.92,71.1,5.93,52.44,lentil
25.27,60.07,13.8,15.25,24.08,5.64,118.88,kidneybeans
34.0,45.61,32.36,22.9,59.83,7.44,599.49,pigeonpeas
102.34,53.23,20.95,26.8,58.78,5.8,830.79,maize
14.48,122.41,215.51,20.94,89.14,5.4,1250.5,apple
40.82,140.69,213.68,21.56,78.02,6.4,784.7,grapes
40.04,19.53,48.14,21.9,89.07,7.36,111.71,pomegranate
22.93,17.9,17.0,12.65,93.91,7.77,1060.18,orange
124.99,28.09,47.27,28.86,90.91,6.53,350.0,muskmelon
96.3,76.57,53.75,23.92,80.82,6.0,967.27,banana
47.31,61.44,20.45,34.21,60.4,7.06,469.63,pigeonpeas
63.34,61.61,51.96,26.42,97.44,6.88,1604.98,papaya
65.06,48.71,51.46,35.77,89.39,6.48,1930.81,papaya
43.12,35.19,21.6,33.23,87.31,6.46,394.47,mungbean
42.16,62.53,21.58,26.16,59.35,6.32,81.89,pigeonpeas
37.46,142.7,206.14,25.03,91.11,5.62,133.89,apple
51.89,64.62,88.78,14.71,21.91,7.41,585.24,chickpea
98.76,33.2,43.13,22.15,88.56,7.41,2800.0,rice
36.72,73.35,71.91,15.79,32.3,6.19,774.98,chickpea
114.2,59.15,68.25,24.82,70.61,7.54,1095.43,sugarcane
78.59,34.3,53.46,17.36,69.01,7.32,59.31,wheat
30.74,38.46,23.64,27.01,82.01,6.82,467.95,mungbean
84.3,55.41,45.72,28.43,43.1,6.35,751.77,cotton
64.2,30.06,52.29,27.98,55.21,6.95,120.45,sorghum
40.66,16.92,33.65,28.29,86.7,5.69,2184.9,coconut
70.47,49.06,57.84,23.61,91.52,7.08,1713.05,papaya
75.59,83.59,56.08,30.14,87.46,6.4,754.52,banana
67.09,37.25,48.69,33.95,60.67,7.72,1082.6,sorghum
120.05,37.96,29.32,23.82,50.52,7.28,1109.96,cotton
14.02,123.83,207.71,24.57,97.89,5.54,846.47,apple
26.12,24.67,30.52,29.92,96.31,6.1,1257.74,coconut
17.92,29.53,29.01,28.02,99.55,5.64,2264.81,coconut
94.45,22.39,26.18,23.33,56.52,7.03,1501.86,coffee
35.77,62.95,14.18,29.3,56.17,7.64,1011.34,pigeonpeas
85.95,26.1,55.22,30.25,91.35,6.42,30.4,muskmelon
115.83,21.24,46.18,27.85,91.34,6.26,588.36,watermelon
19.48,145.67,205.43,30.97,80.5,5.6,563.94,grapes
22.23,61.95,63.13,16.34,28.15,6.23,743.4,chickpea
88.17,59.35,25.1,33.7,59.37,6.13,910.08,sorghum
33.66,27.04,14.54,23.14,88.83,6.02,114.4,orange
18.06,9.31,33.12,30.21,93.69,6.67,248.07,coconut
70.64,62.65,44.69,39.97,95.12,6.52,1294.47,papaya
77.94,54.58,23.03,21.77,71.48,8.39,68.66,cotton
50.57,79.44,16.37,31.47,71.44,6.65,509.81,blackgram
15.24,78.6,17.71,28.14,69.01,8.03,51.82,lentil
33.83,62.29,26.02,32.73,88.56,6.22,53.66,mungbean
37.23,49.39,21.87,30.29,42.74,7.34,66.47,mothbeans
52.27,65.17,48.94,32.03,95.44,6.59,1421.35,papaya
20.65,21.08,34.17,26.13,47.37,4.4,803.26,mango
15.18,29.74,12.67,33.47,97.64,6.83,128.61,orange
30.39,150.34,192.77,21.6,87.52,6.55,1098.66,apple
97.67,43.37,33.84,26.73,88.11,6.61,2111.96,rice
87.34,37.38,36.03,18.09,56.47,5.87,63.1,wheat
15.17,63.66,26.22,19.35,71.33,7.01,473.83,lentil
15.48,82.59,23.56,22.95,74.51,6.32,932.97,pigeonpeas
34.24,34.08,30.2,29.54,53.71,5.43,108.52,mango
127.26,94.65,53.14,28.4,77.43,6.63,1145.37,banana
38.36,134.26,202.81,17.66,82.5,6.35,672.38,grapes
97.07,52.32,39.54,36.75,49.23,6.11,417.34,sorghum
68.04,53.02,48.14,31.11,79.76,6.92,311.55,jute
25.46,60.52,19.13,33.59,83.43,6.67,590.11,mungbean
29.15,21.74,17.99,21.84,87.75,5.88,97.84,orange
72.04,55.16,55.48,25.95,93.78,6.77,1087.83,papaya
86.12,57.04,47.3,14.38,42.51,7.47,38.75,wheat
25.53,64.82,86.16,24.56,18.41,6.14,102.98,chickpea
42.12,40.7,16.99,28.41,91.21,7.13,43.13,mungbean
122.69,10.95,55.19,26.48,89.89,5.98,25.96,muskmelon
30.81,26.11,26.18,26.3,53.41,5.6,79.51,mango
16.26,70.04,25.77,24.04,27.98,5.69,643.01,kidneybeans
28.76,130.15,205.81,35.84,77.04,5.72,543.51,grapes
24.91,128.97,187.67,20.0,99.44,6.52,1140.04,apple
29.99,115.07,183.54,33.78,88.75,6.46,811.2,grapes
62.61,59.19,16.68,26.24,66.26,7.57,58.13,blackgram
16.06,83.54,14.79,33.42,46.22,8.42,79.4,pigeonpeas
32.89,57.64,19.15,23.44,65.83,6.94,52.41,mothbeans
27.55,30.09,21.21,22.84,96.18,8.24,972.27,orange
154.76,85.98,100.59,29.67,75.44,7.88,156.13,sugarcane
49.24,81.9,38.64,29.74,69.78,5.62,66.47,pigeonpeas
23.0,41.47,21.81,27.18,92.63,6.03,569.69,mungbean
125.36,13.65,44.59,23.95,84.56,6.7,604.62,watermelon
16.36,85.62,14.88,30.36,66.85,5.96,38.32,lentil
71.34,27.44,20.14,34.38,66.58,5.95,536.37,sorghum
15.43,127.89,204.88,29.05,80.45,5.98,74.05,grapes
102.32,59.38,31.55,27.15,57.03,6.66,108.66,maize
23.4,37.96,19.95,24.3,38.4,6.68,532.09,mothbeans
139.91,45.71,16.48,25.97,66.53,7.97,770.49,cotton
64.59,73.55,14.11,24.19,65.87,7.9,491.29,blackgram
79.76,44.83,44.11,27.17,93.79,6.92,1414.69,rice
50.89,53.18,25.74,24.05,65.06,7.17,63.74,blackgram
94.99,14.42,23.02,24.67,52.25,6.59,1033.76,coffee
14.86,148.51,192.71,23.39,87.08,6.41,111.33,apple
25.74,29.88,34.55,34.45,45.39,6.99,797.15,mango
35.11,35.18,26.57,29.47,77.43,7.39,50.95,mungbean
154.25,55.46,94.48,38.2,69.89,7.94,2645.93,sugarcane
16.62,62.88,15.12,32.63,67.46,5.89,607.28,pigeonpeas
115.77,61.89,91.92,27.45,82.55,6.89,197.73,sugarcane
93.74,55.24,39.95,27.37,96.39,6.52,307.94,jute
99.19,65.78,43.35,37.57,50.55,7.82,1271.35,cotton
25.53,24.71,41.64,17.98,98.81,5.64,95.8,pomegranate
23.25,25.93,36.02,24.58,88.17,6.33,106.51,pomegranate
100.51,14.09,23.34,25.7,69.76,7.12,999.8,coffee
57.71,84.09,17.76,34.75,60.34,7.41,462.11,blackgram
23.34,72.83,78.76,19.22,26.69,8.09,100.01,chickpea
42.04,70.78,19.1,23.02,24.45,5.98,114.17,kidneybeans
70.22,31.13,24.11,39.2,55.32,6.31,1246.73,cotton
73.77,32.72,24.2,20.69,41.36,6.79,90.82,wheat
57.09,61.62,55.64,40.37,92.16,6.52,151.4,papaya
98.44,37.45,47.73,35.96,34.77,6.35,117.18,sorghum
13.99,21.79,29.8,23.78,96.81,5.43,2150.82,coconut
34.47,86.06,33.78,21.98,68.07,7.49,672.89,pigeonpeas
86.61,12.7,58.62,26.98,92.68,6.06,36.78,watermelon
21.19,66.02,36.12,22.68,64.2,5.81,99.25,soybean
31.97,14.01,42.27,22.16,91.13,6.62,898.56,pomegranate
78.84,35.04,32.52,25.53,54.89,6.05,200.25,coffee
19.99,75.1,90.07,16.61,28.29,8.6,350.0,chickpea
15.15,64.69,24.32,31.94,41.42,7.61,350.0,mothbeans
121.7,36.64,35.01,27.09,60.05,7.32,1408.71,coffee
26.94,69.1,73.35,20.09,16.03,8.2,489.59,chickpea
16.29,57.84,25.66,25.7,64.25,8.39,50.16,mothbeans
21.17,53.7,18.08,18.61,26.37,6.02,130.42,kidneybeans
127.92,36.23,35.04,19.92,70.99,6.42,482.7,wheat
90.81,62.45,23.57,32.97,40.34,6.97,70.13,cotton
41.92,78.47,13.84,27.42,68.97,7.21,56.13,lentil
92.84,18.47,26.73,24.45,65.41,7.3,1112.72,coffee
16.14,144.06,186.14,25.18,89.75,5.96,123.45,apple
20.8,124.04,214.02,22.82,95.78,6.36,819.87,apple
99.84,26.15,23.02,35.41,43.1,5.86,909.08,sorghum
38.6,61.83,20.69,36.54,71.9,7.7,756.71,blackgram
36.66,11.84,33.39,28.85,91.52,5.46,2192.89,coconut
55.05,74.67,70.91,18.85,25.67,7.44,64.89,chickpea
15.42,20.46,11.2,21.72,88.71,7.45,119.52,orange
40.84,82.98,31.71,28.06,48.53,7.7,175.74,soybean
34.47,26.48,34.74,19.72,90.35,7.26,96.9,pomegranate
39.25,45.19,15.6,33.49,41.25,5.0,34.06,mothbeans
28.81,55.27,32.18,30.4,66.39,7.42,1224.87,pigeonpeas
31.64,23.44,35.66,23.22,85.25,6.25,814.3,pomegranate
73.99,41.6,34.85,28.16,88.92,5.7,2393.39,rice
30.83,69.94,65.67,25.08,21.92,7.88,666.46,chickpea
29.26,13.45,39.25,24.09,98.77,6.64,894.67,pomegranate
94.54,28.45,43.54,28.25,92.9,6.28,350.0,muskmelon
33.93,62.88,88.81,15.95,16.39,7.96,69.68,chickpea
94.48,33.2,36.98,21.95,66.02,6.8,1379.92,coffee
34.44,35.74,21.47,29.14,81.33,6.85,48.13,mungbean
100.2,24.31,25.47,23.96,66.44,7.4,123.46,coffee
21.72,143.96,182.34,24.13,90.16,5.83,838.88,apple
91.25,14.15,31.11,24.98,72.29,6.79,162.27,coffee
108.61,51.7,37.61,13.82,53.75,7.72,533.98,wheat
68.18,45.81,51.49,39.8,89.5,6.37,2286.21,papaya
84.99,44.17,18.13,23.26,75.18,6.62,708.9,maize
38.22,142.5,196.54,19.5,84.11,5.86,59.51,grapes
99.94,34.68,33.19,24.76,48.53,6.69,1554.18,coffee
79.33,68.19,27.44,16.83,70.43,7.62,357.33,wheat
74.76,26.1,26.8,25.27,58.94,6.76,157.27,coffee
134.09,33.54,32.57,34.36,50.35,8.67,1251.48,cotton
22.56,113.77,187.34,34.08,79.86,6.6,69.71,grapes
44.81,57.06,79.49,21.88,28.16,8.58,91.26,chickpea
30.44,36.17,25.88,30.78,44.62,5.86,111.98,mango
38.99,74.51,20.5,28.17,64.67,6.53,350.0,lentil
35.7,62.12,18.91,27.03,59.24,7.55,69.55,blackgram
23.68,28.28,30.72,35.0,53.87,5.41,99.99,mango
79.56,28.26,46.53,27.27,88.44,5.97,18.32,muskmelon
13.83,9.4,16.78,11.94,95.74,7.75,1140.01,orange
63.27,62.32,17.52,36.34,57.75,7.0,55.64,blackgram
32.11,61.05,19.45,23.36,26.21,6.14,94.25,kidneybeans
66.61,27.82,19.24,27.57,57.4,8.14,182.72,cotton
27.07,43.74,26.18,30.01,49.41,9.5,427.16,mothbeans
36.34,66.67,22.08,22.11,68.91,7.46,49.96,lentil
58.43,76.78,46.29,19.59,50.65,6.72,166.69,soybean
23.62,20.13,37.27,34.57,53.48,5.65,1069.42,mango
108.13,30.84,44.44,26.96,85.59,6.39,47.98,watermelon
64.06,32.75,31.79,17.99,62.03,7.49,675.2,maize
99.29,39.2,36.99,23.02,95.88,7.19,266.16,rice
20.23,141.02,191.41,22.98,95.83,6.61,124.53,apple
38.34,126.04,195.36,24.68,88.55,5.61,136.41,apple
17.79,148.3,212.47,30.81,82.33,6.46,61.18,grapes
84.62,58.03,41.54,19.04,81.66,5.39,1963.36,rice
18.92,66.82,19.5,24.51,63.61,7.34,509.83,lentil
121.36,11.75,46.34,28.15,89.74,6.05,24.91,muskmelon
83.98,44.22,39.0,22.15,51.41,5.9,39.78,wheat
27.83,58.95,24.53,19.49,23.97,5.52,152.11,kidneybeans
102.92,53.2,38.32,20.9,96.3,5.91,2800.0,rice
16.22,84.8,21.68,19.85,63.88,5.96,44.04,lentil
83.72,34.32,46.64,37.13,96.55,5.89,320.4,jute
28.37,134.94,212.16,17.89,83.95,5.96,613.01,grapes
125.15,32.46,35.5,27.65,72.4,7.01,1485.8,coffee
30.96,63.0,15.75,27.9,70.15,7.24,56.49,lentil
96.38,11.37,50.69,29.27,97.48,6.43,350.0,muskmelon
88.95,65.13,59.27,24.85,86.54,5.58,1002.87,banana
18.58,23.48,25.18,28.39,92.01,5.41,1246.27,coconut
80.04,35.87,34.77,25.77,95.13,6.2,193.45,jute
28.15,11.98,15.39,32.33,94.26,8.07,972.92,orange
73.78,68.28,52.96,25.11,73.49,5.74,1255.21,banana
100.97,22.16,28.43,28.86,49.42,6.34,1925.54,coffee
24.49,91.43,38.25,30.51,57.68,6.44,1116.3,pigeonpeas
45.98,53.81,32.88,35.64,79.61,7.09,129.64,soybean
32.23,21.74,36.11,21.46,88.94,5.54,125.75,pomegranate
31.91,119.05,209.31,24.02,76.93,5.71,81.67,grapes
163.58,57.81,95.15,32.53,79.45,8.23,267.2,sugarcane
17.27,126.55,199.4,20.76,92.72,5.92,1125.79,apple
117.72,14.78,33.58,22.77,50.0,6.97,1267.55,coffee
26.74,85.79,14.7,26.03,22.05,5.46,1184.49,kidneybeans
149.93,55.47,55.58,33.71,58.08,6.33,2311.61,sugarcane
62.65,78.69,22.07,28.15,68.38,7.74,500.14,blackgram
52.05,72.46,23.03,34.15,67.22,7.83,66.48,pigeonpeas
132.98,66.86,65.85,27.32,61.83,6.53,270.65,sugarcane
75.21,54.34,41.44,24.12,85.6,5.49,1850.02,rice
37.19,74.57,24.54,28.29,67.84,7.83,68.39,blackgram
23.59,73.8,20.63,23.91,61.7,5.98,503.83,lentil
145.5,40.14,43.8,37.07,45.0,8.46,1407.63,cotton
88.75,48.51,44.46,26.71,81.12,7.14,239.98,jute
68.09,33.06,16.78,19.44,55.58,7.27,83.49,maize
29.83,49.76,16.63,32.75,78.93,7.32,596.22,mungbean
15.38,84.08,22.79,36.16,42.77,8.26,1197.07,pigeonpeas
155.52,57.96,86.59,32.62,70.34,7.91,268.15,sugarcane
26.88,63.45,21.65,25.24,47.85,5.75,42.98,mothbeans
35.22,12.75,47.92,21.0,91.05,7.18,125.49,pomegranate
76.93,9.25,52.09,26.54,76.21,6.75,48.88,watermelon
113.94,40.99,24.02,20.88,71.23,7.05,46.47,wheat
39.96,60.38,26.81,26.66,61.79,7.13,430.94,lentil
36.84,56.38,22.5,34.24,69.06,6.63,570.17,pigeonpeas
121.26,78.63,43.42,28.64,82.06,5.78,100.63,banana
132.48,76.17,100.22,35.26,64.58,8.11,2425.63,sugarcane
105.38,40.26,37.45,22.19,43.96,8.18,1330.07,cotton
56.48,64.61,17.13,34.26,66.6,6.91,69.96,blackgram
40.54,83.12,16.43,25.35,28.17,5.8,953.5,kidneybeans
83.84,10.74,53.77,26.88,89.75,6.33,631.03,watermelon
112.61,38.77,40.59,30.28,41.23,6.31,98.37,sorghum
117.9,23.61,46.99,27.72,88.67,6.41,27.79,muskmelon
108.0,15.56,56.74,24.36,88.34,5.94,42.47,watermelon
25.9,72.82,16.91,29.0,69.14,7.73,418.94,lentil
109.92,58.81,28.33,27.47,41.92,6.61,794.59,cotton
42.89,28.84,41.54,26.0,95.16,7.01,922.18,pomegranate
17.74,18.77,20.02,17.53,93.65,7.87,118.87,orange
102.44,58.99,44.63,20.83,98.75,6.2,2266.11,rice
30.26,48.75,25.87,28.69,91.25,6.47,595.18,mungbean
67.85,51.12,47.55,22.89,99.35,5.5,2058.33,rice
56.7,47.72,46.28,45.33,97.96,6.33,1605.24,papaya
56.38,63.73,43.3,35.06,90.73,6.89,1100.56,papaya
14.95,17.91,44.69,25.42,98.41,7.12,815.0,pomegranate
46.72,42.2,45.27,29.27,52.98,6.09,373.34,sorghum
31.36,145.0,218.02,22.78,90.44,5.78,1153.12,apple
28.46,142.86,214.18,21.9,80.05,6.61,520.0,grapes
96.97,39.13,44.31,33.16,93.61,5.88,2800.0,jute
59.77,52.53,31.31,35.3,49.34,8.37,55.99,sorghum
96.39,31.68,32.37,26.34,64.74,6.63,1893.06,coffee
39.03,60.76,16.99,27.27,73.16,6.81,552.36,blackgram
78.6,68.75,53.9,31.46,81.93,5.69,1107.71,banana
81.48,33.23,43.68,26.26,90.3,5.54,334.19,rice
30.07,11.83,41.92,24.07,85.51,5.51,1136.49,pomegranate
129.56,86.99,49.61,29.16,82.36,6.64,114.99,banana
74.52,47.86,31.16,19.04,45.23,7.33,743.61,wheat
20.46,121.43,199.81,22.0,95.09,6.64,100.19,apple
192.05,62.32,83.6,27.54,74.01,6.3,198.89,sugarcane
57.34,65.68,56.59,45.02,96.11,6.75,1908.0,papaya
26.95,20.8,32.12,35.25,56.03,5.05,76.51,mango
25.44,20.79,34.33,20.91,97.73,6.4,98.73,pomegranate
125.16,31.24,23.19,29.09,61.1,7.71,1135.5,coffee
15.47,30.69,29.43,33.78,44.17,6.67,78.22,mango
17.82,14.25,42.61,25.9,89.41,5.4,819.28,pomegranate
83.43,35.44,43.5,36.83,97.3,6.8,310.11,jute
96.26,61.82,19.93,34.32,45.76,5.92,160.76,sorghum
40.57,112.92,186.19,21.68,99.07,6.61,1085.46,apple
24.26,30.01,35.58,24.15,99.82,6.27,242.27,coconut
38.46,29.89,31.84,36.72,43.13,5.45,88.1,mango
88.25,27.06,52.81,26.69,91.5,6.74,30.33,muskmelon
16.66,135.36,193.22,20.84,93.61,6.01,833.46,apple
119.51,19.49,31.64,22.59,56.97,6.13,200.89,coffee
96.74,32.76,42.97,33.01,70.11,5.99,107.46,sorghum
117.74,40.86,39.22,22.0,60.63,6.75,587.68,wheat
35.28,42.81,42.58,35.0,97.21,7.16,179.5,papaya
24.83,56.09,25.54,32.56,92.68,6.28,44.31,mungbean
28.4,151.21,187.1,31.88,79.79,5.88,76.0,grapes
124.69,37.66,38.37,17.47,48.69,6.97,498.19,wheat
23.16,14.93,23.73,25.48,96.56,5.34,1598.99,coconut
127.45,35.79,33.86,26.54,69.46,5.82,111.66,coffee
14.83,59.33,26.78,21.64,19.12,5.61,97.36,kidneybeans
35.91,22.8,34.58,24.04,87.64,6.29,126.29,pomegranate
94.06,33.95,43.46,30.27,97.27,6.87,201.1,jute
64.96,35.67,30.03,21.34,56.47,6.68,856.4,maize
80.62,56.83,44.14,23.67,94.37,7.04,2296.24,rice
35.33,30.75,29.41,28.36,85.92,5.43,1827.47,coconut
115.23,20.89,33.57,23.68,72.7,6.35,1583.06,coffee
120.89,21.47,28.43,25.56,68.87,6.02,1006.22,coffee
116.32,68.46,46.07,26.6,84.33,5.62,127.67,banana
34.98,49.85,48.27,24.46,86.37,6.69,131.77,papaya
21.55,26.12,11.28,10.01,94.36,6.36,115.66,orange
23.53,44.63,15.56,26.84,89.03,7.18,40.86,mungbean
42.45,75.58,22.87,29.06,59.23,7.9,722.33,blackgram
102.69,57.47,47.57,20.95,90.35,7.04,237.73,rice
28.71,58.21,19.52,29.44,78.64,7.2,56.8,mungbean
27.28,39.08,25.51,30.89,57.96,7.41,630.63,mothbeans
18.45,66.39,23.36,28.42,64.36,6.78,52.11,lentil
41.78,14.39,48.1,24.93,84.72,6.63,114.56,pomegranate
62.94,40.54,46.74,19.46,89.74,5.42,1767.15,rice
38.69,69.29,43.55,38.91,98.32,6.91,2085.32,papaya
43.88,62.8,88.99,20.53,16.29,7.89,642.56,chickpea
35.6,141.79,187.97,20.27,93.81,6.22,122.67,apple
18.95,81.74,17.47,30.15,66.8,7.76,519.35,lentil
92.57,41.14,34.37,23.02,80.15,6.73,2000.74,rice
107.94,33.62,39.2,20.64,96.73,6.54,1716.94,rice
97.63,25.69,54.52,23.93,78.57,6.76,64.55,watermelon
43.67,67.77,52.58,24.43,87.15,7.18,265.4,papaya
24.06,77.16,35.76,34.77,60.06,7.33,969.34,pigeonpeas
35.61,55.8,21.04,31.81,85.22,7.4,495.07,mungbean
98.93,63.65,27.38,27.61,57.97,6.51,1008.19,sorghum
63.82,39.2,15.83,17.73,73.35,6.27,914.72,maize
54.72,54.11,43.73,23.77,88.77,6.45,200.59,papaya
77.87,52.95,35.15,39.4,67.64,5.94,729.18,cotton
107.46,21.04,51.57,27.16,93.92,6.39,30.97,muskmelon
57.38,34.21,24.41,37.21,36.25,7.56,789.03,sorghum
100.27,22.5,54.46,26.96,87.63,6.62,27.79,muskmelon
37.29,71.92,34.16,32.48,51.59,7.75,166.58,pigeonpeas
45.48,68.49,75.86,18.24,17.42,8.13,774.6,chickpea
41.3,37.45,28.75,34.47,56.51,6.92,83.01,mango
15.1,59.93,14.47,27.83,85.28,6.72,56.09,mungbean
99.76,27.11,34.59,25.06,70.6,7.35,181.17,coffee
36.5,16.23,19.99,35.7,94.29,8.21,768.25,orange
90.86,51.7,36.68,26.17,89.15,6.94,173.13,rice
20.69,49.99,17.96,31.22,76.06,6.73,569.48,mungbean
23.49,55.73,24.06,29.55,89.34,6.06,37.93,mungbean
78.38,29.83,39.63,38.36,60.64,6.67,540.17,sorghum
81.3,90.49,57.66,24.21,73.99,6.69,784.01,banana
18.66,50.74,15.76,31.76,40.32,4.58,52.29,mothbeans
80.26,25.63,54.03,28.69,92.42,5.89,350.0,muskmelon
17.72,57.74,15.93,27.17,61.89,6.59,54.27,lentil
34.3,12.76,13.45,11.51,94.13,7.98,129.23,orange
131.72,55.87,41.16,22.18,41.13,6.42,509.06,cotton
16.46,61.23,19.27,28.57,61.48,6.7,36.61,lentil
41.84,54.58,22.01,24.88,29.28,5.55,158.86,kidneybeans
129.57,72.6,54.47,27.75,86.21,5.69,122.24,banana
106.34,15.3,56.5,29.01,98.97,6.41,31.46,muskmelon
128.13,9.37,44.6,27.67,95.62,6.37,350.0,muskmelon
57.64,79.74,51.36,35.3,68.85,7.49,813.95,soybean
42.3,58.61,53.2,35.98,94.58,6.68,1910.85,papaya
71.15,51.0,32.0,18.98,65.34,6.9,622.01,maize
28.83,48.18,16.67,27.13,92.3,6.9,65.29,mungbean
56.72,32.73,34.07,28.26,87.26,6.03,313.39,jute
56.09,47.34,49.9,41.92,88.51,6.31,1960.99,papaya
24.0,20.42,25.59,28.59,88.17,5.82,2343.82,coconut
17.52,45.46,19.47,23.41,42.97,4.34,423.92,mothbeans
88.79,55.08,33.92,27.38,66.5,8.38,136.72,cotton
16.76,16.69,23.17,25.94,51.03,6.88,724.76,mango
59.13,50.5,43.89,26.95,84.49,6.21,193.35,jute
46.5,47.41,58.33,29.95,86.49,6.59,1951.45,papaya
51.29,68.66,40.49,32.98,69.59,7.74,134.56,pigeonpeas
25.0,61.63,44.96,25.75,52.5,6.42,1131.87,soybean
15.78,13.53,20.32,14.16,98.38,7.35,126.38,orange
41.12,138.79,218.12,31.44,77.17,5.65,75.14,grapes
35.38,22.34,19.4,19.66,87.18,5.92,101.5,orange
28.3,48.85,79.42,19.23,27.55,8.52,697.15,chickpea
87.45,41.77,21.71,28.98,42.37,8.21,460.68,sorghum
36.71,84.01,24.26,27.36,77.91,7.61,459.93,soybean
40.57,47.39,91.53,20.22,17.11,7.04,478.47,chickpea
88.63,49.27,49.49,22.3,57.68,6.08,357.45,wheat
16.01,36.15,25.22,31.74,54.48,4.81,90.16,mango
93.67,28.27,46.33,31.49,91.39,6.49,350.0,muskmelon
28.65,30.14,35.92,25.13,95.05,6.47,101.16,pomegranate
25.16,26.94,14.65,11.38,97.97,6.58,103.02,orange
37.88,61.48,86.13,15.12,15.15,7.81,820.01,chickpea
67.68,47.03,45.33,25.5,92.26,7.26,321.29,jute
81.75,10.91,49.33,27.04,85.28,6.75,418.42,watermelon
64.8,63.17,41.32,36.8,70.89,6.35,567.8,cotton
37.21,111.59,180.37,22.68,92.83,6.26,1104.16,apple
89.45,56.16,30.75,26.86,66.41,6.66,595.07,maize
26.19,31.56,30.43,32.52,46.68,6.16,107.6,mango
60.84,57.89,46.14,33.19,87.46,7.1,1933.87,papaya
35.08,32.88,23.64,29.37,47.65,8.3,350.0,mothbeans
14.42,13.31,47.16,25.9,94.61,7.16,749.23,pomegranate
34.79,63.47,72.91,15.1,29.49,8.74,603.59,chickpea
62.13,53.23,14.77,32.57,67.93,7.2,546.55,blackgram
33.53,27.71,31.9,30.56,52.14,6.18,747.81,mango
84.2,37.42,43.89,21.9,97.25,6.27,238.52,rice
172.07,84.66,64.53,38.84,81.08,8.13,2123.01,sugarcane
35.38,64.77,21.89,20.54,60.28,6.57,45.95,lentil
148.22,39.73,19.7,38.79,60.4,7.68,70.54,cotton
28.61,123.02,215.42,11.35,76.5,6.68,72.26,grapes
73.08,30.6,48.26,33.8,55.97,6.82,724.81,sorghum
33.78,47.57,18.07,24.99,46.36,3.69,437.08,mothbeans
85.86,51.13,20.5,27.78,60.15,7.12,501.75,maize
31.83,22.29,36.11,27.54,95.28,6.16,1493.07,coconut
60.33,59.83,31.08,18.38,71.75,7.71,98.31,maize
25.33,61.64,24.67,31.04,60.42,8.57,565.35,mothbeans
20.4,47.04,26.98,29.9,82.04,6.38,432.15,mungbean
57.21,54.36,43.77,35.91,95.36,7.61,186.37,jute
29.39,79.79,55.37,25.7,54.57,6.15,123.85,soybean
66.91,42.66,33.72,30.23,90.85,7.16,218.03,jute
29.0,83.81,22.94,25.81,27.04,5.95,899.16,kidneybeans
31.14,43.15,22.42,34.23,54.64,6.64,1076.54,pigeonpeas
27.65,50.52,23.3,28.22,67.7,7.75,47.51,mothbeans
27.57,23.92,23.68,24.36,87.03,5.44,1581.85,coconut
49.02,59.5,19.93,27.76,69.95,7.97,69.14,blackgram
40.4,82.65,20.86,28.53,74.09,6.85,1186.13,pigeonpeas
33.24,15.25,24.05,31.58,47.21,6.41,893.34,mango
100.73,81.44,51.64,25.46,71.33,5.98,120.81,banana
27.32,64.36,25.49,21.17,61.37,7.27,396.57,lentil
73.8,52.79,22.94,22.71,60.11,6.4,786.88,maize
116.35,49.57,26.22,14.14,64.14,7.27,350.0,wheat
127.71,56.93,74.03,27.56,73.6,7.9,2244.22,sugarcane
28.75,113.76,184.48,21.03,99.31,6.11,114.06,apple
42.06,54.36,23.83,30.71,68.53,7.41,801.29,blackgram
18.51,35.89,15.32,25.76,76.22,7.18,56.56,mungbean
116.08,59.04,23.8,31.18,42.95,7.89,1199.59,cotton
180.17,54.59,66.21,26.99,64.65,6.76,114.68,sugarcane
40.94,69.52,89.39,18.74,30.67,8.17,47.83,chickpea
33.45,42.99,17.18,32.11,87.44,6.09,33.7,mungbean
56.71,43.33,36.94,37.14,94.91,7.57,207.12,jute
23.61,43.8,14.81,29.82,57.97,8.69,638.0,mothbeans
57.74,73.12,63.63,19.68,34.73,6.25,628.6,chickpea
21.81,49.75,39.98,39.54,43.42,7.05,143.69,pigeonpeas
62.19,64.36,16.69,24.23,64.03,6.99,55.09,blackgram
15.62,30.76,19.73,35.48,95.66,7.04,92.78,orange
34.24,134.92,200.15,42.08,83.86,5.55,565.0,grapes
31.97,20.47,35.98,21.75,93.67,7.0,100.9,pomegranate
75.21,29.7,55.72,26.31,88.49,6.41,350.0,muskmelon
126.25,50.84,40.62,18.59,50.42,7.32,42.64,wheat
33.1,30.88,14.73,14.82,89.26,7.7,925.82,orange
22.55,9.6,36.46,29.88,94.65,5.81,128.27,coconut
42.38,33.27,16.28,31.37,61.71,3.89,47.47,mothbeans
79.07,33.09,26.41,24.71,56.02,5.93,2044.21,coffee
25.91,59.93,21.29,20.77,22.96,5.93,955.08,kidneybeans
58.22,34.45,48.48,28.73,62.59,6.83,156.88,sorghum
91.79,41.31,34.08,28.25,77.44,6.06,1571.18,rice
77.71,36.46,21.5,37.79,74.64,6.58,937.23,cotton
45.66,52.05,14.87,29.17,65.2,7.94,60.07,blackgram
33.52,64.63,22.95,23.16,70.02,6.0,49.71,lentil
22.94,29.63,34.81,20.68,93.48,6.49,1142.22,pomegranate
102.83,33.13,35.54,23.15,66.72,6.95,182.6,coffee
90.41,9.23,44.53,25.95,92.73,6.87,25.8,muskmelon
26.73,18.33,34.85,30.93,96.49,6.52,205.34,coconut
42.88,49.73,37.41,25.25,41.11,6.39,134.74,pigeonpeas
32.97,74.26,17.31,29.49,66.46,7.93,36.81,lentil
23.3,21.46,26.97,36.73,45.77,6.84,99.42,mango
47.64,74.05,52.91,40.65,98.31,6.66,2297.58,papaya
56.12,56.94,45.81,29.53,93.77,6.69,1457.62,papaya
32.72,9.97,26.35,27.22,87.02,5.52,1091.98,coconut
105.09,36.03,28.9,25.65,37.43,7.65,705.12,sorghum
