N,P,K,temperature,humidity,ph,rainfall,label
55.99,32.02,22.19,21.39,68.71,6.41,1673.45,ragi
205.77,84.62,161.36,23.37,65.74,7.51,1560.15,banana
241.37,72.32,75.9,35.78,63.33,7.27,2363.88,sugarcane
112.76,44.84,37.04,26.18,77.21,5.59,3019.44,rice
16.07,75.95,18.24,38.46,63.41,6.15,702.29,pigeonpeas
85.41,58.01,33.65,21.9,53.21,7.61,717.09,wheat
119.2,74.57,65.66,32.51,76.04,6.27,713.79,tomato
60.54,37.6,35.12,25.52,75.22,6.71,1963.57,ragi
41.09,29.17,37.12,26.2,82.62,5.86,2378.41,mango
24.32,24.29,31.91,31.09,68.62,6.58,893.19,orange
94.35,55.51,113.13,19.23,60.82,6.75,659.47,tomato
44.09,119.81,182.53,27.41,50.02,7.64,659.28,grapes
49.16,28.56,20.31,34.42,54.17,7.58,700.5,bajra
33.92,26.83,30.91,21.94,81.73,5.46,2099.94,mango
31.56,48.76,57.24,17.72,23.92,6.7,546.08,chickpea
19.38,93.01,168.99,26.91,67.12,7.32,803.61,grapes
148.05,50.13,71.49,21.41,49.06,6.41,811.61,tomato
52.97,32.73,24.7,37.79,57.04,7.42,703.99,sorghum
38.21,20.61,33.61,35.26,67.02,5.72,3030.77,mango
95.24,47.63,33.82,38.1,56.39,8.65,528.79,sorghum
28.49,29.18,66.19,30.16,34.58,7.89,455.58,pomegranate
77.19,45.91,64.16,20.79,55.82,6.94,619.7,onion
43.79,76.59,166.19,24.83,69.53,7.54,772.75,grapes
61.41,33.95,31.55,33.14,56.15,7.39,675.82,bajra
21.25,72.76,39.16,25.77,56.3,7.56,602.58,groundnut
57.92,25.11,43.71,24.51,35.42,8.0,425.9,sorghum
34.76,101.92,169.17,22.44,72.48,7.29,817.54,grapes
161.51,81.85,100.15,39.27,56.03,6.58,949.8,sugarcane
20.82,46.49,53.5,24.88,31.0,6.76,586.13,chickpea
88.04,47.8,29.01,25.48,48.84,7.27,676.83,maize
24.83,17.13,35.3,24.93,69.3,5.42,2442.29,cashew
51.69,44.25,29.91,35.49,42.07,6.48,882.47,orange
29.85,23.38,74.77,33.91,88.17,5.6,3748.48,coconut
41.87,51.98,22.45,38.04,66.89,5.92,1061.79,pigeonpeas
94.59,57.22,41.74,21.27,57.96,7.06,717.64,wheat
61.85,41.69,56.5,38.6,65.36,7.34,995.36,sweet_lime
26.29,48.97,34.38,34.52,73.89,6.99,606.07,soybean
33.47,28.9,51.63,30.12,69.01,7.69,821.6,sweet_lime
100.67,64.86,53.22,23.86,48.4,7.26,895.6,onion
42.62,26.82,34.17,24.8,71.08,6.9,1551.11,ragi
53.08,25.08,61.46,22.21,53.74,7.48,587.24,pomegranate
179.41,92.46,116.69,37.77,85.19,6.62,1052.91,sugarcane
135.32,83.72,68.54,25.3,49.47,6.16,544.1,tomato
23.44,49.48,37.42,30.58,50.16,6.86,638.89,groundnut
44.69,29.73,26.0,37.74,53.03,7.38,363.34,bajra
38.71,38.41,46.75,22.2,57.85,7.82,971.11,soybean
59.95,31.66,34.31,25.41,60.37,7.62,966.03,sweet_lime
120.9,33.5,25.64,35.29,63.06,7.69,893.75,cotton
41.17,61.17,57.5,29.43,69.78,7.36,694.6,groundnut
99.18,59.7,52.55,18.51,46.65,7.97,675.32,wheat
51.56,31.89,67.96,29.74,64.82,6.85,862.08,sweet_lime
46.7,33.65,109.18,32.54,77.9,5.7,1657.29,coconut
20.12,75.06,30.8,30.28,57.2,7.41,1006.36,pigeonpeas
132.97,55.98,64.55,32.62,57.95,6.02,792.18,tomato
47.57,37.89,34.62,30.27,43.31,7.19,575.55,groundnut
121.41,40.06,21.35,38.67,63.84,8.56,1093.38,cotton
38.67,66.03,63.29,16.39,39.09,6.73,487.02,chickpea
35.56,27.3,25.32,25.87,89.32,6.22,2258.06,ragi
261.44,83.25,117.27,37.12,70.93,7.5,1546.01,sugarcane
20.24,18.37,20.52,23.02,81.18,6.3,2121.02,cashew
57.26,30.34,36.05,29.57,80.19,5.1,3204.59,ragi
45.45,30.73,44.2,34.8,64.63,5.57,3517.24,mango
59.66,41.26,29.94,31.81,30.33,7.27,588.51,bajra
245.71,66.3,131.35,36.07,84.15,6.65,851.86,sugarcane
138.49,54.11,184.18,27.54,65.6,7.18,1183.16,banana
140.7,70.17,99.64,31.22,50.56,7.33,940.43,tomato
28.84,50.91,30.84,33.35,48.9,7.92,701.04,soybean
95.04,55.7,45.22,28.17,83.33,6.86,2438.07,rice
22.94,77.44,46.32,29.9,68.22,7.82,990.38,soybean
26.92,71.27,26.96,32.01,73.12,6.22,995.56,soybean
19.03,69.82,28.91,27.38,46.85,7.55,486.37,groundnut
44.23,78.62,33.18,30.58,76.83,7.58,851.15,soybean
57.13,33.94,66.16,28.52,52.96,6.48,566.68,pomegranate
112.04,48.54,31.24,16.42,64.48,6.62,759.23,wheat
52.94,85.04,165.12,26.97,41.98,8.05,671.85,grapes
252.94,57.52,132.49,22.4,80.92,8.31,1549.32,sugarcane
30.12,78.98,36.31,36.25,55.74,6.73,838.94,pigeonpeas
51.5,22.51,41.42,19.79,70.99,5.24,1665.65,ragi
43.4,77.87,46.04,25.08,74.71,6.07,779.26,soybean
24.82,42.86,73.33,24.63,34.99,7.73,596.51,pomegranate
121.25,68.35,21.66,38.16,46.11,7.24,994.69,cotton
87.8,53.69,87.51,20.08,57.15,7.46,639.31,tomato
45.09,82.11,27.91,28.04,44.88,8.33,653.56,pigeonpeas
121.14,61.04,43.63,14.03,49.18,7.67,641.4,wheat
204.6,72.9,108.52,31.81,88.28,8.1,2312.05,sugarcane
124.82,40.36,36.57,16.52,63.98,6.87,613.12,wheat
61.87,36.24,61.88,24.23,61.62,7.77,1054.07,orange
65.92,44.7,42.23,27.46,54.27,7.02,536.08,bajra
137.18,47.86,50.64,21.58,46.9,6.87,687.41,maize
38.94,28.72,37.38,25.07,82.49,5.97,2692.39,cashew
36.94,37.14,36.79,24.16,77.95,6.69,3161.24,ragi
33.82,36.83,64.93,25.66,31.35,6.78,471.09,pomegranate
62.08,66.59,49.56,17.76,52.35,5.94,914.96,onion
97.47,39.25,43.21,23.92,63.7,7.0,618.67,wheat
53.3,29.58,104.17,27.91,84.57,7.19,2361.92,coconut
23.99,61.52,61.82,16.04,28.39,6.8,485.88,chickpea
110.73,63.31,45.93,26.14,37.66,7.38,507.15,wheat
40.39,49.97,35.56,28.11,69.15,6.5,658.68,soybean
48.37,22.8,35.57,36.68,78.7,5.05,3221.51,cashew
43.15,71.1,38.67,25.31,44.56,6.5,833.08,groundnut
21.23,51.47,44.33,34.56,46.58,5.92,582.37,groundnut
94.03,50.35,41.24,16.41,59.17,8.04,494.22,wheat
33.84,99.73,142.54,30.18,43.6,6.46,842.5,grapes
50.37,28.62,41.16,32.44,69.65,5.68,2472.13,cashew
42.02,75.73,59.76,17.63,18.44,7.45,784.51,chickpea
62.42,28.22,61.54,22.19,52.77,7.3,970.87,sweet_lime
42.68,43.31,40.47,35.03,45.41,7.67,694.48,orange
36.27,64.41,77.14,20.74,40.65,8.12,739.48,chickpea
95.94,73.18,58.85,19.57,58.61,7.41,746.81,tomato
51.01,39.62,40.74,31.12,73.94,6.21,1139.85,soybean
41.93,45.57,47.61,22.77,43.55,6.37,494.92,chickpea
40.8,42.35,50.94,25.15,43.49,7.45,777.01,groundnut
48.7,37.76,18.84,30.71,50.01,6.83,893.16,soybean
156.36,60.64,40.2,33.89,69.29,7.21,1053.85,cotton
41.94,122.98,167.34,29.01,39.28,6.87,525.03,grapes
119.67,52.67,29.61,15.12,57.13,7.02,639.42,wheat
44.42,39.99,39.08,37.63,39.61,8.16,1138.43,orange
194.05,99.21,85.36,30.46,78.03,7.45,991.43,sugarcane
28.46,26.45,63.77,33.18,87.59,6.4,2449.97,coconut
124.3,64.97,20.45,32.77,64.15,6.88,729.4,cotton
93.39,64.2,37.54,36.8,48.27,7.95,985.61,cotton
49.05,45.48,54.78,32.95,58.41,7.68,802.78,pomegranate
80.33,40.52,60.33,20.55,62.58,7.7,466.23,onion
80.06,46.32,54.98,29.83,83.69,6.05,3607.91,rice
54.88,37.02,46.51,33.15,64.23,7.99,1030.62,orange
50.24,23.2,34.37,28.58,53.93,8.19,582.1,bajra
116.53,56.52,31.01,26.82,49.29,8.09,647.54,wheat
91.49,63.11,43.91,32.22,62.24,7.28,499.7,onion
64.43,39.89,30.18,31.79,54.93,8.48,478.88,bajra
140.18,60.76,96.35,35.27,81.68,6.49,1345.67,banana
81.43,44.37,33.37,33.92,40.86,8.49,660.79,bajra
43.07,24.4,90.58,34.39,89.32,5.54,3023.82,coconut
174.91,82.8,116.25,28.46,74.12,8.32,1942.04,sugarcane
56.31,34.14,34.84,25.13,64.85,6.5,1158.92,orange
55.04,20.3,67.14,25.22,67.33,6.29,1588.03,coconut
18.24,56.45,23.15,35.95,47.62,7.45,961.31,pigeonpeas
40.47,27.78,36.6,23.76,61.29,7.12,627.42,bajra
101.33,46.53,72.82,22.15,65.03,7.06,615.87,onion
123.34,50.49,36.66,22.62,61.58,6.54,531.25,wheat
40.97,72.62,28.43,36.19,42.27,6.41,850.14,pigeonpeas
46.5,61.42,64.45,20.84,34.87,6.33,676.43,chickpea
108.88,44.46,26.78,36.22,72.93,6.88,1096.86,cotton
43.38,67.41,54.44,26.45,59.61,6.01,791.47,groundnut
209.95,89.96,88.31,28.79,56.98,7.03,1880.14,sugarcane
25.28,47.21,42.69,28.34,56.0,6.67,668.25,groundnut
35.04,43.71,60.27,31.95,64.31,8.2,420.51,pomegranate
130.68,85.78,145.38,39.16,86.48,7.88,998.37,banana
93.91,38.23,30.65,32.8,63.59,7.54,759.62,cotton
80.16,60.87,49.88,23.96,90.64,6.29,1129.03,rice
41.64,72.1,32.27,22.18,67.51,6.99,463.94,groundnut
157.68,83.39,102.08,34.17,79.74,7.94,2036.95,sugarcane
76.09,53.06,46.52,21.76,67.55,6.95,416.67,wheat
54.55,47.91,49.77,30.99,38.95,6.78,457.93,sorghum
89.38,58.43,31.51,26.83,48.22,8.07,959.07,cotton
36.32,62.89,49.86,16.92,44.92,7.01,476.2,chickpea
36.05,42.13,124.68,23.15,79.36,6.25,3150.45,coconut
50.78,17.33,33.35,34.13,71.71,6.92,2570.79,mango
138.95,66.38,24.55,37.5,44.54,8.13,1177.49,cotton
47.38,19.13,40.23,29.69,82.82,5.94,2733.62,ragi
74.05,20.92,30.43,33.92,34.37,7.82,696.5,bajra
61.36,39.83,99.74,25.78,71.46,6.95,1700.16,coconut
117.75,59.69,57.8,23.96,63.18,6.84,665.21,maize
27.41,84.5,14.94,39.36,65.28,8.11,843.51,pigeonpeas
35.8,46.78,35.32,38.89,52.86,6.46,896.87,sweet_lime
60.73,39.86,48.01,23.95,69.96,7.22,956.83,orange
81.86,48.19,45.48,39.27,57.96,7.91,527.32,sorghum
126.77,68.45,40.38,20.06,71.14,6.78,871.6,maize
52.5,22.98,41.93,35.32,58.35,6.78,446.9,bajra
52.71,100.97,161.33,16.73,64.96,6.45,496.93,grapes
37.08,15.95,25.78,33.21,65.12,5.17,2673.01,cashew
86.48,48.51,81.25,29.2,55.78,6.6,950.6,tomato
39.76,33.53,28.82,28.08,89.31,6.49,1673.56,ragi
24.75,47.13,74.25,35.89,57.73,6.98,602.88,pomegranate
96.88,40.61,44.16,14.34,46.28,6.53,406.77,wheat
45.2,113.88,172.48,19.22,66.27,8.15,595.79,grapes
101.5,59.43,56.36,21.8,78.06,7.18,3573.0,rice
32.86,33.98,19.49,25.79,66.28,5.92,1991.7,ragi
128.75,57.13,53.51,25.87,71.03,5.78,746.94,maize
187.19,63.02,102.91,35.11,52.95,7.04,847.59,sugarcane
60.03,20.45,24.39,30.19,64.67,5.26,2233.04,ragi
23.93,69.69,56.1,25.77,23.11,6.93,527.36,chickpea
30.63,67.13,61.76,25.23,46.67,7.22,576.6,chickpea
49.48,29.18,62.52,39.23,64.91,8.05,1157.66,orange
47.49,105.24,163.81,24.82,60.45,7.63,680.37,grapes
37.19,19.3,24.28,24.95,83.96,5.53,3561.6,cashew
41.18,24.91,60.06,38.89,55.66,6.9,626.75,sweet_lime
109.09,44.48,35.46,32.39,93.87,5.85,1307.33,rice
102.29,63.87,60.82,24.53,43.47,7.54,524.44,onion
113.45,48.61,38.5,18.19,35.89,7.51,385.82,wheat
80.25,49.82,39.84,22.28,65.97,7.43,581.45,wheat
85.05,46.1,56.23,27.78,43.54,7.41,656.86,onion
57.16,40.56,65.75,38.96,39.36,7.81,664.56,pomegranate
54.31,34.31,62.07,34.56,82.84,5.44,1625.36,coconut
185.35,88.15,79.31,33.74,85.63,7.07,2341.78,sugarcane
121.46,61.99,109.5,29.0,54.43,6.12,680.93,tomato
33.74,36.29,40.81,31.53,83.86,6.22,3677.41,mango
109.2,59.17,60.8,19.65,54.36,7.21,674.53,onion
26.58,26.82,37.18,29.34,89.95,5.57,3595.41,mango
148.17,37.78,35.49,28.55,61.68,7.15,1041.64,cotton
99.05,36.01,57.57,22.25,92.26,5.39,1907.99,rice
36.68,44.76,57.07,22.67,51.51,7.08,462.6,pomegranate
108.64,40.37,39.41,32.72,92.77,7.13,2281.02,rice
33.18,34.19,36.69,36.42,44.46,6.39,738.97,orange
22.59,69.63,45.04,31.78,50.85,7.29,1073.21,soybean
166.37,67.33,110.47,22.72,64.62,6.45,1280.53,sugarcane
57.12,32.96,43.81,25.81,41.39,7.04,914.86,sweet_lime
56.01,24.73,52.51,32.28,54.03,7.56,599.92,sweet_lime
59.92,68.19,58.33,17.82,56.43,6.89,658.65,onion
104.09,52.2,40.74,31.87,91.79,7.28,2494.76,rice
163.03,75.51,175.78,37.71,64.69,7.59,1014.07,banana
79.04,54.63,60.26,21.86,69.71,6.62,850.38,onion
163.65,82.95,82.12,38.61,76.95,7.0,1885.23,sugarcane
142.77,66.47,19.98,34.96,56.04,7.31,725.57,cotton
34.49,76.71,180.01,25.94,57.14,8.08,671.66,grapes
83.24,44.76,57.8,32.27,78.35,5.8,1998.89,rice
27.82,20.71,57.21,27.56,65.31,5.42,3354.11,mango
109.32,58.3,55.0,32.16,93.47,6.69,3341.85,rice
143.1,64.93,98.84,17.74,56.05,6.41,948.14,tomato
46.36,83.45,134.07,34.04,58.67,6.91,766.46,grapes
70.29,45.31,42.37,39.4,34.47,7.96,414.42,bajra
42.45,36.19,21.61,33.76,39.67,7.21,505.62,bajra
33.89,88.76,131.81,31.2,62.38,7.9,504.9,grapes
99.45,62.91,41.39,32.39,84.48,5.82,2460.65,rice
47.01,35.95,19.4,26.3,84.78,6.43,1566.04,ragi
28.48,68.54,30.65,33.19,50.78,7.04,461.6,groundnut
57.03,40.42,29.35,20.32,69.57,5.49,1836.4,ragi
45.0,29.9,34.82,26.09,90.83,6.78,2625.7,ragi
33.81,24.1,34.59,33.27,69.52,8.03,945.67,orange
118.86,55.84,18.72,26.67,63.37,7.56,1223.97,cotton
115.5,56.9,50.58,15.1,37.55,7.63,637.35,wheat
34.43,53.36,31.33,30.96,62.84,7.77,570.9,pigeonpeas
31.96,108.31,133.64,26.38,52.89,6.77,784.64,grapes
77.26,44.17,40.35,30.26,72.91,5.82,2982.61,rice
166.08,58.42,102.31,37.78,74.96,7.78,1016.47,sugarcane
22.29,29.83,21.92,35.37,78.93,5.22,3762.25,cashew
197.1,93.05,124.97,24.94,69.05,7.38,1373.3,banana
151.37,54.3,166.13,38.77,65.26,6.68,1480.88,banana
24.43,15.13,37.13,24.63,77.07,5.4,1698.64,cashew
57.35,30.63,56.63,21.47,43.85,7.52,700.85,pomegranate
105.77,39.59,39.69,20.71,51.1,7.48,743.11,wheat
60.05,42.87,35.26,23.98,42.37,7.28,1068.62,orange
28.96,40.13,23.48,30.38,75.3,5.84,2160.64,ragi
46.02,46.31,57.79,24.67,44.02,7.94,744.65,orange
24.85,40.38,41.12,31.13,49.86,7.19,841.38,orange
78.32,51.79,53.33,22.82,90.05,7.04,2021.12,rice
74.15,32.96,42.04,23.76,50.87,6.9,587.23,sorghum
73.17,60.35,70.11,22.38,53.2,5.97,613.09,onion
101.36,59.47,39.93,32.98,67.88,7.16,1020.57,cotton
87.12,40.32,41.19,34.47,48.5,8.44,424.99,sorghum
40.35,119.82,180.23,22.47,47.12,7.64,688.93,grapes
23.92,30.31,76.14,26.34,62.79,8.12,653.94,pomegranate
32.0,33.7,38.76,24.03,39.52,7.61,495.89,pomegranate
23.97,20.33,47.28,37.7,46.75,6.72,719.15,orange
25.38,42.5,55.08,23.93,18.93,6.77,737.06,chickpea
32.87,25.58,34.5,30.59,60.78,5.14,2789.07,cashew
95.28,67.43,37.75,20.68,57.41,7.64,598.09,wheat
114.27,55.91,34.99,34.44,76.72,5.92,1745.57,rice
52.28,37.39,57.51,37.0,54.73,7.72,748.45,sweet_lime
105.72,39.85,57.1,23.25,89.85,6.37,1907.13,rice
106.37,61.38,29.3,18.99,64.11,6.11,916.59,maize
110.31,63.05,68.36,30.02,51.24,6.4,740.6,onion
33.23,74.48,28.78,28.35,72.67,7.15,648.18,soybean
45.07,24.39,31.12,30.61,70.71,7.0,1045.52,orange
61.76,35.12,66.52,26.33,85.07,7.31,2063.83,coconut
130.31,80.28,113.74,26.49,51.98,6.16,876.7,tomato
36.32,76.53,29.0,26.95,53.09,6.12,1097.66,soybean
21.51,78.62,22.31,24.17,42.27,6.24,984.63,pigeonpeas
190.18,94.7,180.09,23.34,83.12,7.08,1132.49,banana
34.26,116.76,114.54,16.88,50.6,7.99,781.04,grapes
221.22,87.66,110.85,28.77,60.14,6.79,1887.16,sugarcane
28.92,46.91,54.83,28.83,50.34,8.12,1093.01,orange
52.94,25.7,120.53,32.59,77.39,6.26,3411.37,coconut
150.08,63.9,34.25,27.1,41.47,7.57,1065.84,cotton
98.67,61.34,96.48,21.59,57.4,5.89,671.73,tomato
55.76,35.83,125.78,32.33,82.38,7.23,3116.79,coconut
63.35,37.42,25.19,29.88,36.53,7.09,666.09,bajra
113.47,38.22,52.37,28.56,81.9,5.57,1563.22,rice
133.07,33.37,30.33,35.68,71.45,7.83,1011.81,cotton
33.73,30.44,39.36,38.33,38.71,6.52,817.42,sweet_lime
26.34,74.04,32.08,33.66,49.69,6.87,720.73,groundnut
115.05,84.26,110.98,32.51,65.2,6.04,514.37,tomato
30.72,66.98,44.13,24.07,58.06,7.59,474.99,groundnut
88.37,82.69,81.19,17.6,56.69,6.76,618.76,tomato
42.57,19.98,25.17,24.66,86.74,6.84,2442.86,ragi
150.07,73.14,32.34,35.89,61.65,8.69,634.74,cotton
32.66,87.67,119.23,22.13,47.53,7.44,665.93,grapes
82.12,25.53,28.38,36.2,57.75,7.31,611.23,bajra
101.05,40.79,52.2,23.89,52.23,7.3,801.71,wheat
250.46,94.96,77.85,37.18,64.8,6.99,942.82,sugarcane
100.24,40.08,48.92,25.69,37.6,7.5,584.01,sorghum
35.75,21.22,51.59,31.18,68.96,6.53,946.38,orange
55.17,37.91,94.2,33.64,92.41,5.52,1854.9,coconut
52.22,18.99,25.53,25.78,68.68,5.28,1846.23,cashew
26.07,74.35,43.18,33.69,60.97,6.14,1073.33,soybean
70.78,36.1,40.75,34.19,83.31,6.73,1808.35,rice
44.0,43.42,46.41,29.09,60.87,6.38,798.06,orange
52.46,49.72,30.3,21.93,71.46,6.4,1182.3,soybean
46.17,18.72,40.2,30.87,64.0,5.88,3497.27,mango
39.1,24.91,32.29,24.69,45.04,7.84,481.04,bajra
60.07,19.31,43.65,26.73,60.75,6.84,732.96,orange
106.38,40.3,39.82,33.81,87.27,6.36,1927.75,rice
66.85,43.31,71.82,22.37,67.32,6.15,816.88,onion
85.88,50.74,102.12,30.55,59.02,6.18,628.13,tomato
102.06,60.47,64.63,24.57,50.81,7.69,874.93,onion
262.77,70.35,82.46,35.94,67.66,7.89,1841.79,sugarcane
125.29,58.38,180.11,24.06,84.5,6.28,1386.05,banana
87.23,52.02,36.89,29.06,56.03,7.35,763.18,maize
62.8,40.2,34.28,29.84,84.62,6.65,2175.47,ragi
47.87,32.12,61.51,32.53,70.44,5.9,3154.81,coconut
57.95,24.72,59.03,34.87,68.96,7.21,620.05,sweet_lime
78.98,55.09,63.67,31.3,63.76,6.93,548.28,onion
48.79,30.55,30.35,21.68,87.77,6.35,1919.53,ragi
44.27,19.92,23.78,27.08,35.42,7.42,346.65,bajra
62.89,27.3,118.7,25.19,71.12,6.0,1600.21,coconut
35.72,68.21,70.8,24.75,37.16,7.31,743.15,chickpea
87.63,41.91,28.94,14.19,49.3,7.36,491.4,wheat
116.65,49.88,39.43,23.2,60.89,6.65,728.49,maize
41.72,47.52,57.49,32.89,45.86,7.56,1015.82,sweet_lime
80.3,72.13,25.9,34.51,60.55,7.97,640.1,cotton
27.68,17.0,44.41,26.25,90.68,5.54,3603.8,mango
23.46,63.54,51.14,19.98,27.7,7.96,615.21,chickpea
40.48,24.1,38.59,22.46,65.16,6.46,1420.45,ragi
32.15,26.05,37.9,21.99,82.81,6.74,3716.21,mango
89.59,53.62,50.51,21.36,93.7,6.94,2957.36,rice
96.08,52.04,83.68,25.28,59.94,5.97,536.9,tomato
34.5,35.67,77.54,33.86,76.76,6.9,3503.06,coconut
27.55,17.56,30.95,24.72,62.57,6.98,2607.92,mango
93.57,34.82,28.33,32.43,55.78,8.61,736.05,sorghum
71.2,60.38,68.86,28.03,71.35,6.42,557.49,onion
28.85,63.82,78.2,20.36,36.33,7.87,654.29,chickpea
35.98,41.85,35.19,33.51,59.53,7.48,513.28,groundnut
26.13,70.34,75.33,25.69,19.39,8.24,688.49,chickpea
52.13,29.05,57.65,23.87,60.45,8.49,779.02,pomegranate
37.97,53.8,26.3,33.08,57.76,6.37,628.26,soybean
63.11,21.8,30.29,27.35,61.36,7.6,579.53,bajra
86.33,36.32,36.53,31.23,34.48,6.94,588.66,sorghum
80.05,43.53,38.43,14.95,49.45,6.94,513.62,wheat
48.8,36.04,72.73,27.95,52.41,7.88,733.39,pomegranate
61.84,28.4,121.52,28.66,71.31,5.63,1570.34,coconut
42.41,100.85,135.72,14.91,48.08,7.04,719.9,grapes
42.83,40.12,69.85,33.35,68.13,6.96,2896.74,coconut
31.52,71.37,62.9,17.06,42.31,8.03,542.26,chickpea
39.09,72.55,45.37,29.9,59.68,6.86,1181.17,soybean
25.24,41.93,40.22,35.28,49.42,6.43,553.94,groundnut
32.76,23.47,40.8,28.46,82.83,5.99,3671.44,mango
28.92,67.01,49.73,23.63,43.95,6.32,420.45,chickpea
131.48,65.39,154.91,24.46,61.09,7.07,815.19,banana
56.99,39.79,42.96,29.54,59.15,7.57,1170.89,orange
20.69,17.96,41.87,30.34,82.93,5.75,1983.46,mango
23.16,118.36,153.94,19.36,69.65,7.16,778.91,grapes
30.45,21.12,60.44,24.67,48.97,8.53,735.2,pomegranate
52.01,44.03,54.69,25.76,41.42,7.49,798.6,sweet_lime
31.5,32.58,55.41,25.54,67.54,6.65,1005.39,sweet_lime
39.65,110.08,185.11,36.01,55.06,6.53,675.64,grapes
47.5,74.76,49.09,16.25,24.71,7.83,472.89,chickpea
40.49,29.84,77.04,21.7,32.5,8.37,696.46,pomegranate
19.15,56.78,45.76,30.11,64.9,6.02,1058.09,soybean
134.86,76.54,133.61,31.16,85.68,7.29,1547.55,banana
112.92,63.02,46.19,18.05,65.68,7.36,738.39,wheat
27.61,122.42,135.58,16.05,52.09,6.95,759.52,grapes
37.1,125.08,178.95,26.63,51.37,7.65,768.06,grapes
55.07,26.97,19.29,29.72,77.43,6.11,2058.23,ragi
75.86,46.12,41.26,38.38,43.25,7.78,623.66,bajra
83.71,42.28,37.28,24.3,49.27,7.84,329.18,bajra
28.78,19.74,101.7,31.01,75.28,6.23,1870.62,coconut
129.13,63.17,54.68,28.2,72.32,6.78,583.49,maize
27.59,62.52,27.92,37.63,49.73,7.44,740.07,pigeonpeas
127.54,48.48,122.76,31.64,83.28,7.05,965.55,banana
258.19,70.58,101.86,29.98,76.68,6.72,1187.09,sugarcane
61.67,34.68,46.26,27.57,53.33,6.99,835.63,sorghum
63.99,39.54,29.32,30.83,29.57,7.16,452.24,bajra
92.38,64.66,37.42,16.04,34.24,7.63,807.44,wheat
87.63,61.96,20.45,38.11,56.67,8.1,815.84,cotton
77.65,51.18,41.67,31.83,34.41,7.46,482.7,sorghum
88.88,47.31,30.43,24.59,58.71,6.11,716.69,maize
64.55,56.79,61.94,32.13,57.65,6.01,744.36,onion
140.81,60.47,21.77,39.08,61.73,8.17,969.97,cotton
25.54,45.42,47.76,22.65,45.53,6.31,782.59,chickpea
134.58,57.51,97.84,23.0,72.65,6.28,788.65,tomato
28.16,43.86,64.95,18.82,35.13,6.94,715.57,chickpea
41.81,20.66,32.5,29.46,76.53,6.03,2305.71,cashew
35.73,63.63,60.16,17.36,17.56,8.37,423.93,chickpea
142.19,79.42,158.46,24.81,76.36,7.84,986.98,banana
49.76,40.34,44.71,24.2,72.7,7.62,1036.26,orange
57.57,28.03,35.99,27.04,62.54,7.41,806.78,sweet_lime
234.0,68.83,127.29,39.26,67.02,7.86,1659.46,sugarcane
44.27,34.27,20.73,30.38,37.93,7.12,652.64,bajra
24.05,44.23,63.22,31.22,44.39,7.83,723.09,orange
44.61,65.24,50.01,31.85,48.86,6.15,798.75,groundnut
69.36,60.06,71.73,21.31,61.69,6.52,621.93,onion
122.92,56.07,51.98,15.94,55.37,7.35,719.77,wheat
97.01,31.97,28.5,24.34,53.25,6.72,747.99,sorghum
49.19,29.57,59.29,30.66,90.41,6.41,1388.42,coconut
44.88,42.03,23.07,25.87,80.17,5.63,2870.71,ragi
35.74,79.56,24.33,29.81,65.75,6.95,597.1,pigeonpeas
23.2,25.55,51.68,33.98,63.48,5.45,3439.12,mango
145.92,90.66,143.15,35.2,81.28,6.31,1356.01,banana
28.48,40.42,51.27,27.24,58.36,7.69,948.08,orange
35.96,44.7,66.66,25.54,46.55,8.01,534.61,chickpea
18.28,65.38,26.39,28.42,68.25,7.92,1089.35,pigeonpeas
63.07,43.94,49.63,20.67,46.15,6.2,514.89,onion
194.58,74.28,76.76,36.96,71.74,6.4,1178.36,sugarcane
134.77,58.73,116.31,20.16,52.6,5.96,986.54,tomato
44.27,80.67,22.77,23.97,71.94,7.86,1050.28,pigeonpeas
46.31,14.9,39.62,27.61,63.44,6.77,1960.32,mango
83.09,53.74,28.81,31.88,55.38,5.71,800.04,maize
129.59,69.87,75.92,20.29,62.62,6.41,794.28,tomato
56.08,23.13,41.4,21.37,89.43,5.95,2222.7,ragi
51.72,16.65,42.82,27.22,68.07,6.45,1941.48,mango
18.92,75.17,17.48,35.21,58.33,6.22,582.43,pigeonpeas
34.51,48.47,35.51,27.14,56.13,6.89,988.41,soybean
70.87,48.82,46.17,31.06,50.35,7.39,812.38,onion
121.59,45.19,49.65,31.61,47.17,7.17,509.31,maize
33.56,84.7,152.97,31.81,54.78,7.23,673.06,grapes
67.65,46.28,34.31,28.32,39.18,7.77,646.31,sweet_lime
121.74,42.89,37.21,24.01,33.84,8.13,687.05,wheat
106.72,64.76,64.22,21.18,46.83,7.47,663.95,onion
98.13,66.12,37.76,19.83,59.03,7.18,795.78,wheat
23.04,105.46,170.58,26.09,41.6,7.14,750.22,grapes
140.14,52.26,28.07,29.66,54.89,7.31,869.28,cotton
24.74,78.09,38.28,28.0,60.75,6.71,1090.62,soybean
58.66,22.12,61.0,29.81,50.0,7.88,1003.95,orange
30.98,36.22,29.02,24.66,76.99,5.75,1528.37,ragi
33.01,80.84,173.33,15.66,58.07,7.72,585.55,grapes
21.96,14.6,29.04,29.38,70.56,5.49,3413.85,mango
39.91,26.78,37.48,26.63,84.44,5.75,2120.25,ragi
35.48,51.07,44.59,23.39,66.29,6.59,948.6,soybean
81.82,53.39,47.85,23.14,73.2,5.95,510.0,maize
51.77,37.35,74.98,30.73,46.95,6.85,699.78,pomegranate
27.48,40.07,49.48,29.77,55.41,6.5,868.71,groundnut
108.97,68.27,110.87,22.34,62.13,5.93,794.95,tomato
29.17,34.33,62.58,23.97,66.54,6.56,730.34,pomegranate
123.0,40.07,43.22,16.79,60.92,6.54,490.11,wheat
23.17,70.95,29.24,27.44,62.51,6.54,623.75,groundnut
76.3,43.33,48.05,15.2,47.56,7.11,539.87,wheat
53.88,45.53,61.01,31.61,38.72,8.03,1120.31,orange
200.21,68.77,112.69,25.88,61.64,7.55,1613.78,banana
109.28,41.49,51.93,22.65,81.78,6.82,2229.71,rice
25.93,78.83,70.39,17.83,23.15,6.35,624.63,chickpea
39.08,27.8,18.96,26.45,81.92,6.41,2211.98,cashew
32.34,18.82,73.24,24.13,43.25,7.99,599.22,pomegranate
49.28,17.27,27.93,25.92,85.87,5.49,2462.12,cashew
71.35,31.07,37.39,31.18,34.24,7.71,348.82,bajra
78.73,35.53,36.84,38.54,53.72,7.01,773.01,sorghum
54.72,42.91,31.3,23.81,40.6,7.11,383.83,bajra
30.39,29.36,34.87,37.01,82.32,5.03,2916.25,cashew
133.8,78.25,76.64,22.66,54.31,6.7,871.16,tomato
37.08,27.45,51.02,29.77,59.56,7.52,774.29,orange
89.07,44.54,36.76,32.88,57.56,7.82,961.87,cotton
94.65,68.77,37.05,24.86,71.74,8.63,831.28,cotton
28.7,33.57,22.53,20.89,89.49,5.84,3063.02,ragi
254.71,73.31,113.08,30.37,71.74,6.8,1999.21,sugarcane
55.52,48.75,26.15,29.6,44.96,8.29,675.33,sorghum
71.22,63.16,35.81,32.93,72.95,6.63,1451.34,rice
78.08,47.66,38.17,29.74,55.85,7.29,831.59,maize
207.89,74.33,189.2,35.3,86.24,7.38,1195.74,banana
42.2,24.92,35.95,37.65,62.25,7.27,993.04,orange
52.05,33.22,51.14,29.67,64.46,7.48,885.16,sweet_lime
90.78,54.5,30.89,38.7,60.81,8.13,1140.21,cotton
42.54,42.83,31.68,23.32,50.65,7.54,627.84,soybean
124.78,65.15,43.38,16.88,63.77,8.05,427.2,wheat
37.91,100.47,157.7,34.28,48.11,6.69,615.31,grapes
91.7,52.03,44.57,23.65,93.02,6.27,1879.31,rice
51.56,39.98,43.45,39.25,61.75,8.02,511.56,pomegranate
58.51,21.53,62.95,34.02,73.88,6.21,2696.99,coconut
37.53,43.38,51.38,17.07,31.8,8.33,415.24,chickpea
50.96,84.89,178.69,22.83,54.65,7.06,736.33,grapes
28.4,71.29,38.85,34.13,66.21,6.02,799.38,soybean
32.74,56.54,31.16,37.28,40.1,7.71,835.65,pigeonpeas
71.97,38.93,52.85,27.86,61.44,7.81,814.52,onion
30.25,26.05,27.99,30.72,85.99,5.87,2010.33,cashew
37.09,62.96,16.13,31.87,58.96,7.43,1103.65,pigeonpeas
110.73,39.89,34.25,22.64,76.67,6.86,1560.45,rice
83.85,57.28,48.57,26.38,47.56,6.29,764.91,maize
96.67,63.39,62.06,26.9,52.25,7.36,571.46,onion
31.93,65.52,23.64,24.46,51.89,6.51,607.58,soybean
156.59,53.68,16.38,32.94,67.85,8.67,782.12,cotton
33.45,29.34,56.99,32.42,63.9,6.82,3245.2,mango
63.4,45.08,50.49,21.43,52.53,7.43,652.46,sweet_lime
96.18,44.97,39.47,32.75,80.0,6.18,3659.39,rice
51.62,40.36,32.43,23.5,48.4,8.13,598.73,bajra
30.21,41.3,21.56,26.64,81.81,5.16,2515.4,ragi
29.89,28.71,74.13,30.48,80.87,5.68,3457.28,coconut
124.82,40.55,41.82,20.16,38.34,6.4,524.09,wheat
252.72,69.87,109.91,24.48,63.69,8.12,1990.44,sugarcane
20.19,73.74,49.41,16.53,42.67,8.41,714.56,chickpea
28.27,79.0,19.31,30.72,59.09,7.8,936.09,soybean
59.71,36.29,35.64,34.62,47.47,8.26,335.24,bajra
45.66,47.03,51.13,22.19,43.49,7.6,727.56,sweet_lime
49.23,46.71,63.85,28.12,30.46,6.67,531.82,pomegranate
31.81,61.3,35.73,27.68,46.08,6.26,823.02,groundnut
98.32,43.89,50.97,29.15,62.5,6.05,500.77,onion
114.98,57.39,88.4,26.66,51.35,7.58,525.06,tomato
56.6,47.39,31.31,35.82,43.14,8.13,737.08,orange
26.41,30.02,40.31,37.91,67.3,7.57,1077.96,orange
63.11,27.36,48.36,32.0,66.04,8.15,548.4,sorghum
48.91,30.01,23.72,21.2,64.8,6.56,3043.75,cashew
153.52,84.45,110.5,33.32,71.9,6.63,1506.62,banana
53.02,44.96,64.4,21.84,41.18,7.1,762.51,pomegranate
83.13,51.64,33.35,21.84,72.84,5.86,535.74,maize
93.76,46.62,51.56,21.27,60.29,7.6,488.38,onion
20.48,117.22,163.0,30.02,65.41,7.85,800.36,grapes
27.51,115.0,171.14,15.23,39.94,7.5,599.86,grapes
25.18,104.27,175.37,29.69,63.07,8.0,713.29,grapes
37.06,16.36,23.22,29.94,68.26,5.54,3842.99,cashew
33.43,76.71,169.33,22.08,52.77,8.03,498.77,grapes
51.57,20.36,19.24,29.89,70.75,6.83,2652.18,ragi
31.69,78.33,31.32,23.94,48.0,6.93,768.68,pigeonpeas
88.09,79.72,102.44,19.72,66.22,6.73,698.4,tomato
22.72,67.48,39.3,26.69,54.98,6.83,948.14,soybean
24.31,48.56,46.11,24.17,59.56,6.7,889.59,groundnut
43.62,27.2,88.87,25.01,75.59,6.45,3377.82,coconut
30.61,72.82,44.61,22.19,44.43,6.17,840.61,groundnut
14.24,64.31,30.35,33.18,61.47,8.18,623.77,pigeonpeas
58.36,27.0,122.99,35.28,84.61,5.73,2415.4,coconut
51.88,69.29,41.35,30.88,71.0,6.33,1060.15,soybean
156.12,54.39,27.25,37.06,72.97,8.27,948.04,cotton
94.18,56.69,43.61,24.38,71.73,7.85,911.15,onion
60.63,32.33,26.32,25.56,85.81,5.12,3143.52,ragi
88.69,50.33,32.11,26.75,63.92,7.48,437.26,sorghum
30.89,55.88,77.73,21.39,40.45,8.5,443.93,chickpea
44.12,35.08,54.62,33.01,46.85,8.06,662.46,pomegranate
138.14,64.51,79.55,30.56,62.29,6.51,708.26,tomato
110.63,46.88,37.91,28.38,47.75,5.71,573.12,maize
30.01,47.28,74.8,23.42,27.28,8.09,767.78,chickpea
57.51,24.58,58.07,38.8,34.53,7.01,789.33,pomegranate
136.32,49.94,25.24,34.49,44.91,8.75,856.56,cotton
94.87,60.26,34.68,29.39,87.22,6.21,3448.24,rice
21.65,38.9,43.28,22.09,72.13,7.53,993.94,soybean
186.14,75.59,86.89,28.35,71.78,6.6,1218.25,sugarcane
123.74,68.3,99.08,32.47,65.94,6.66,1438.69,banana
59.99,20.42,63.16,24.07,43.98,6.88,622.07,sweet_lime
83.56,56.26,71.14,32.16,46.97,6.5,473.3,onion
38.77,58.47,24.89,36.71,48.51,6.89,1113.93,pigeonpeas
33.78,64.83,33.74,37.3,47.81,8.29,1027.97,pigeonpeas
165.02,79.19,89.42,26.79,59.11,7.18,1979.3,sugarcane
94.9,67.09,50.6,14.65,45.01,6.43,402.89,wheat
46.84,24.19,42.12,37.21,84.66,6.58,1820.23,cashew
54.83,37.2,37.66,28.77,86.6,6.18,3301.47,ragi
145.16,50.49,87.14,31.11,73.79,5.89,584.2,tomato
62.03,37.72,79.02,28.63,83.73,5.58,3613.64,coconut
77.82,24.11,19.16,35.81,62.29,6.47,689.93,bajra
75.86,60.49,56.38,29.94,89.12,7.49,1119.05,rice
28.27,22.42,113.32,31.91,73.71,7.4,2985.85,coconut
41.7,29.67,79.51,31.54,69.93,6.84,3517.86,coconut
169.66,58.26,111.45,26.16,61.02,6.52,2131.74,sugarcane
48.03,127.09,115.28,34.88,60.61,6.91,846.01,grapes
52.12,46.55,47.87,32.99,48.06,7.96,660.78,sorghum
138.49,57.26,28.75,36.52,41.99,7.35,1104.36,cotton
62.49,26.72,33.98,22.44,76.45,5.78,2286.07,ragi
40.83,65.48,42.09,33.14,51.9,6.75,743.05,groundnut
64.05,23.61,44.48,37.05,39.19,6.81,616.46,sorghum
53.06,49.0,49.1,25.36,33.64,7.63,445.05,sorghum
129.33,73.43,91.61,19.62,62.12,7.03,693.52,tomato
26.24,42.49,73.51,26.43,53.23,6.79,480.77,pomegranate
94.28,67.43,36.97,32.14,64.29,7.08,650.92,cotton
19.23,21.09,21.23,28.05,64.57,5.81,2457.76,cashew
33.06,30.81,95.97,28.97,84.8,6.56,1777.78,coconut
109.13,50.56,38.41,24.06,65.02,6.75,396.09,wheat
127.45,65.74,27.28,27.32,49.78,7.95,710.13,cotton
38.69,29.47,51.48,25.7,48.07,6.61,818.66,sweet_lime
29.19,28.3,38.12,30.28,72.85,6.32,2802.78,mango
37.94,78.83,20.47,31.81,53.1,6.83,965.42,soybean
29.27,41.93,65.03,31.51,86.03,6.08,3129.86,coconut
181.55,61.63,77.1,22.46,77.35,8.14,1371.69,sugarcane
120.04,40.78,43.12,25.09,65.75,7.43,741.93,wheat
93.68,36.88,35.45,34.6,88.68,7.21,3293.04,rice
23.0,68.15,32.71,33.81,65.11,6.4,812.57,groundnut
38.15,19.42,24.23,32.2,69.79,6.57,1252.03,ragi
57.45,41.3,46.11,21.17,57.84,7.27,906.35,orange
75.43,25.69,24.06,30.8,40.41,8.05,679.89,sorghum
101.32,39.98,37.34,20.8,56.83,7.54,465.57,maize
43.16,25.21,40.34,33.03,53.44,7.17,498.65,bajra
140.95,56.88,99.37,18.11,51.93,7.3,516.4,tomato
87.19,57.35,30.01,29.96,69.33,5.92,678.74,maize
50.34,41.18,72.04,33.72,74.57,5.5,1402.92,coconut
52.32,37.09,40.36,26.94,47.11,6.75,454.56,pomegranate
32.31,42.35,106.18,33.3,70.21,6.19,1426.25,coconut
194.99,78.59,76.6,24.33,71.79,6.92,1843.72,sugarcane
34.24,59.43,35.02,34.44,43.41,8.08,790.91,pigeonpeas
51.14,26.18,36.29,31.02,70.34,7.18,2656.17,mango
114.66,61.83,110.24,20.64,76.91,7.22,704.57,tomato
81.29,47.86,25.99,33.75,36.06,7.88,850.25,sorghum
44.99,47.12,53.54,35.18,52.5,7.68,796.79,sweet_lime
32.63,25.53,40.55,24.3,74.03,5.12,3445.73,cashew
69.07,66.42,46.21,29.55,46.26,6.6,648.65,onion
88.16,48.58,43.89,21.03,60.63,6.61,779.45,onion
257.15,64.0,109.87,24.44,63.05,7.23,2185.38,sugarcane
41.5,20.45,34.59,29.6,74.52,6.01,2233.45,cashew
137.32,57.0,38.5,26.67,55.21,6.72,1214.06,cotton
31.35,47.02,33.72,34.13,66.12,7.38,486.75,groundnut
39.32,69.1,64.59,24.04,28.27,7.14,390.11,chickpea
29.54,54.92,72.05,22.9,42.76,8.06,727.97,chickpea
56.27,20.88,64.95,36.96,68.23,6.97,971.95,sweet_lime
49.68,49.94,22.22,34.4,70.7,6.81,645.93,soybean
114.62,51.12,62.95,32.26,69.65,6.92,984.35,tomato
74.5,58.06,51.92,28.86,60.2,6.52,736.01,onion
52.19,37.2,40.29,29.71,45.68,8.49,510.68,sorghum
48.88,95.15,113.85,13.52,69.1,7.82,729.33,grapes
128.56,84.63,97.71,30.47,57.15,7.18,608.9,tomato
28.33,106.9,168.13,15.08,53.58,7.75,824.94,grapes
104.5,63.26,38.43,35.04,51.6,8.75,701.09,cotton
27.83,15.84,21.68,25.95,70.41,5.11,3871.14,cashew
227.82,63.17,91.8,31.19,83.84,6.74,1385.46,sugarcane
38.34,76.93,151.11,17.5,71.97,7.89,786.48,grapes
34.83,49.28,43.31,29.76,66.59,7.81,1084.37,soybean
25.7,62.84,48.0,26.22,51.28,6.54,733.97,groundnut
25.24,72.73,60.13,19.51,22.71,6.5,645.41,chickpea
38.64,63.24,17.78,33.1,58.23,7.48,704.89,pigeonpeas
42.58,25.84,47.21,38.33,37.55,7.49,705.61,pomegranate
80.39,47.22,38.72,29.27,44.79,7.96,681.06,bajra
17.73,65.76,32.99,28.24,50.37,8.15,643.49,pigeonpeas
19.5,52.8,29.62,27.56,69.82,7.47,679.97,groundnut
38.65,39.52,119.62,30.08,83.55,7.04,1532.08,coconut
36.62,27.91,36.04,27.19,65.79,6.89,3191.49,ragi
28.02,64.97,23.34,34.53,70.84,8.0,581.29,pigeonpeas
29.22,15.15,42.21,31.91,79.6,5.64,2361.51,cashew
39.5,44.09,60.6,24.35,49.22,7.02,771.44,orange
30.9,40.08,38.57,26.86,70.15,7.92,960.78,sweet_lime
132.1,70.12,37.88,30.74,51.56,8.48,649.91,cotton
67.2,39.7,33.46,35.38,49.61,7.73,591.77,bajra
141.42,63.02,117.4,21.19,55.69,8.09,1164.95,sugarcane
84.57,33.37,54.76,24.34,80.95,5.62,3734.48,rice
99.98,59.06,94.97,28.07,73.63,7.36,1018.47,tomato
34.81,26.59,74.22,36.55,37.65,7.85,668.49,pomegranate
43.52,33.91,26.47,27.5,54.69,6.83,652.14,bajra
52.03,40.61,33.45,26.2,58.65,7.08,675.27,soybean
153.29,75.23,174.69,25.73,64.79,5.95,931.02,banana
86.77,66.04,29.02,28.28,63.12,5.84,729.45,maize
31.16,37.84,30.57,23.47,60.27,7.69,1056.34,orange
28.47,37.55,53.25,23.23,55.23,6.88,720.09,orange
116.05,73.07,120.91,28.31,73.02,7.72,1351.85,banana
101.42,53.61,39.97,19.41,57.0,6.53,717.3,onion
43.03,18.95,39.62,26.41,62.52,6.06,1823.3,ragi
54.86,25.69,51.24,36.04,65.21,7.93,806.54,pomegranate
27.39,95.59,128.52,15.08,64.7,7.96,824.47,grapes
28.03,59.99,37.97,26.27,44.63,6.79,673.98,groundnut
150.46,35.23,33.41,29.18,62.41,8.38,763.21,cotton
119.25,95.26,146.85,25.19,72.62,6.01,738.8,banana
120.69,59.55,161.79,24.07,62.11,6.89,985.39,banana
115.24,46.67,33.45,29.12,69.35,7.08,579.4,maize
55.94,40.58,21.87,19.92,90.73,6.15,2027.19,ragi
116.84,52.65,43.38,16.69,64.49,7.6,652.71,wheat
35.85,26.85,26.94,34.71,86.6,5.79,1936.97,cashew
36.69,39.97,73.6,31.75,77.6,5.57,3777.43,coconut
192.44,87.63,161.12,28.26,86.95,6.48,1268.71,banana
22.6,25.59,24.21,37.3,75.86,5.71,2251.84,cashew
31.35,98.01,154.52,35.06,70.9,7.59,796.55,grapes
38.45,56.86,70.07,20.41,22.78,7.71,585.18,chickpea
56.66,40.5,43.47,37.07,48.44,7.45,740.64,pomegranate
34.96,23.78,43.18,34.15,75.3,5.64,1891.0,mango
256.21,61.11,102.26,28.03,73.08,7.31,1001.7,sugarcane
47.1,44.9,58.93,37.54,50.95,7.65,1111.84,orange
87.77,44.64,56.21,34.09,90.31,6.35,3209.64,rice
65.24,58.1,71.77,24.71,67.46,6.19,867.26,onion
93.31,69.11,19.47,33.23,41.37,8.72,1145.38,cotton
117.61,63.44,152.19,25.74,59.59,7.15,890.97,banana
30.42,38.05,33.42,32.47,41.08,6.72,903.7,orange
124.85,48.63,14.22,38.79,57.85,6.92,958.75,cotton
40.89,47.01,31.8,31.9,71.16,7.79,916.32,orange
83.27,48.19,54.14,28.61,80.79,5.73,1655.57,rice
122.83,48.85,18.1,28.9,42.82,7.56,1201.68,cotton
137.28,89.42,141.78,28.42,69.37,7.13,945.37,banana
83.08,23.3,28.82,32.62,58.44,6.66,595.11,bajra
26.27,53.19,40.12,31.96,47.84,6.09,490.73,groundnut
100.26,56.68,33.59,27.98,79.26,6.49,2543.13,rice
169.72,55.65,101.0,24.15,75.31,6.54,1219.92,banana
60.42,41.84,67.98,29.41,55.59,7.4,706.71,sweet_lime
41.33,30.79,41.55,27.44,53.32,8.03,492.88,bajra
48.57,35.42,38.07,32.72,79.81,5.86,2286.76,ragi
45.09,55.06,54.95,24.97,21.36,6.09,682.73,chickpea
26.09,71.71,56.75,25.14,62.55,5.99,804.99,groundnut
33.91,21.99,45.09,25.71,46.1,7.14,866.59,sweet_lime
39.82,36.53,77.37,30.59,61.07,7.38,589.78,pomegranate
60.77,21.2,73.05,27.4,78.44,5.58,2794.4,coconut
89.09,58.95,46.39,20.28,45.27,6.59,371.96,wheat
126.48,53.12,98.14,24.52,73.57,6.9,891.53,banana
48.78,30.55,20.26,22.88,59.17,6.36,3318.05,cashew
18.85,22.67,56.33,22.25,73.49,7.11,1996.29,mango
68.81,37.36,55.63,24.72,85.24,7.48,2440.63,rice
36.35,24.99,111.16,28.17,77.99,7.26,2065.62,coconut
62.68,23.91,105.37,23.35,76.85,5.82,3630.93,coconut
28.35,43.07,20.07,34.6,70.83,6.24,819.09,soybean
30.93,64.59,39.45,31.04,58.28,6.73,1088.6,soybean
44.46,15.16,25.85,25.5,70.03,6.13,2764.56,cashew
63.07,22.39,24.36,23.32,90.23,6.28,1167.6,ragi
82.85,59.37,36.5,32.63,53.22,8.22,1219.12,cotton
47.63,20.69,26.21,22.98,78.35,5.67,3005.63,cashew
89.66,28.25,35.7,28.85,56.29,6.97,457.61,sorghum
162.36,63.07,127.3,32.0,83.22,6.85,1153.14,banana
50.81,32.13,41.08,36.9,65.54,7.32,813.69,sweet_lime
110.49,55.77,33.01,34.24,58.11,7.51,874.7,cotton
28.41,28.5,40.26,28.07,83.37,6.47,1606.75,ragi
147.57,48.44,94.81,18.74,60.32,7.08,807.57,tomato
87.82,48.95,95.91,20.02,69.06,6.82,631.2,tomato
43.85,37.61,40.81,25.07,36.87,8.42,720.59,pomegranate
38.36,39.88,40.92,28.28,72.08,7.83,849.58,soybean
147.71,67.72,117.7,29.67,69.72,7.45,2308.76,sugarcane
34.93,104.6,185.44,29.19,43.36,6.89,601.7,grapes
137.37,94.98,188.67,24.4,59.82,6.12,827.25,banana
44.43,124.83,189.92,20.63,59.89,6.39,619.79,grapes
138.82,69.11,107.09,20.07,63.7,6.43,523.61,tomato
21.65,48.35,18.52,24.55,49.64,5.93,868.68,pigeonpeas
24.28,37.27,59.74,37.22,58.08,6.95,1014.41,orange
21.72,78.36,25.2,39.06,70.42,7.66,700.21,pigeonpeas
123.41,74.49,69.8,20.35,60.32,6.47,1022.69,tomato
39.06,22.8,34.27,35.92,50.89,7.55,346.29,bajra
225.17,87.53,112.94,31.27,82.1,6.52,912.43,sugarcane
30.25,20.13,33.56,29.89,69.19,6.01,2019.52,ragi
53.69,33.14,36.26,26.78,31.77,8.3,347.53,bajra
83.13,42.13,23.06,28.88,46.53,6.91,813.43,cotton
67.15,23.43,26.58,35.51,37.56,8.6,520.82,bajra
58.14,63.19,53.42,23.75,47.25,6.74,870.96,onion
221.17,71.74,83.55,32.32,82.93,7.56,1649.99,sugarcane
54.88,40.38,38.05,27.26,58.61,6.5,847.25,sorghum
48.57,33.57,91.93,34.0,83.57,5.67,3419.2,coconut
48.98,53.86,19.48,32.28,71.18,6.24,1073.2,soybean
43.87,19.2,31.05,27.52,79.48,5.18,1877.06,cashew
32.06,21.44,28.07,29.5,85.43,6.1,1825.1,cashew
88.89,40.93,53.43,27.38,83.67,5.74,2961.69,rice
42.44,64.45,30.66,27.26,51.41,6.78,715.25,groundnut
27.29,23.41,39.12,20.97,56.16,6.65,825.43,orange
29.6,18.93,23.62,33.65,70.28,5.15,2887.29,cashew
34.46,36.48,54.12,22.93,45.56,8.02,755.34,pomegranate
21.78,39.56,46.92,33.35,77.2,6.78,1167.53,soybean
38.09,70.42,53.29,23.89,59.89,6.54,515.47,groundnut
49.21,34.76,52.99,31.11,54.95,7.17,913.62,orange
105.64,48.45,29.58,24.55,41.68,6.79,821.69,cotton
55.62,26.76,29.01,34.42,59.13,7.95,530.57,sorghum
113.11,52.75,41.51,25.55,92.67,6.49,1223.77,rice
31.54,70.3,48.29,26.23,62.96,6.74,635.35,groundnut
43.08,26.7,41.53,33.02,61.57,4.97,3101.46,cashew
233.79,93.71,76.75,27.37,53.87,7.22,2331.22,sugarcane
37.51,42.13,19.28,24.64,71.46,6.21,2578.7,ragi
36.6,109.23,125.95,33.56,68.03,7.99,734.8,grapes
35.37,76.97,50.2,20.01,18.51,6.66,383.5,chickpea
47.27,72.21,50.57,27.33,65.24,6.53,461.41,groundnut
39.38,46.8,57.53,20.19,68.1,7.55,999.24,orange
36.84,49.68,46.48,22.56,53.85,6.61,729.38,soybean
49.77,31.58,28.51,30.32,66.46,6.48,2779.39,ragi
34.55,37.25,126.61,27.95,85.68,6.28,2217.0,coconut
35.44,26.58,50.1,35.74,76.93,6.91,2247.16,mango
150.3,57.65,96.01,34.74,65.01,7.94,738.43,banana
100.11,84.15,81.25,29.29,71.98,6.25,616.35,tomato
46.55,25.57,59.08,24.56,34.18,8.08,614.91,pomegranate
53.88,31.91,36.49,26.4,43.16,8.35,719.31,sweet_lime
48.88,21.08,59.33,36.69,42.05,7.31,613.35,pomegranate
134.17,90.64,153.67,37.04,77.31,6.58,1409.28,banana
36.16,108.5,160.49,24.45,62.57,6.72,658.68,grapes
33.19,27.54,103.75,25.5,92.57,7.41,2991.43,coconut
25.14,43.59,20.1,31.63,65.91,7.44,1066.35,soybean
31.04,45.75,23.05,26.05,54.07,6.77,953.45,soybean
50.66,21.46,20.95,32.1,82.65,5.71,1941.74,ragi
31.23,108.45,177.23,29.1,51.94,6.72,785.33,grapes
41.87,16.24,33.47,35.93,63.08,6.21,2098.53,mango
24.9,27.97,47.86,28.81,66.87,6.5,2070.98,mango
32.85,35.82,63.5,26.3,62.52,7.16,572.97,pomegranate
102.32,40.9,53.92,32.34,81.05,5.72,1818.39,rice
39.41,30.7,101.25,33.01,71.79,6.67,2303.45,coconut
87.59,58.52,15.82,23.52,63.09,7.82,949.26,cotton
201.61,71.57,133.71,36.06,65.49,6.66,909.54,banana
96.78,29.19,50.65,34.04,45.2,7.77,490.84,sorghum
43.36,33.58,26.28,26.15,77.84,6.23,2964.3,ragi
97.19,57.67,59.85,28.8,64.15,6.87,818.15,tomato
110.01,55.09,36.03,23.56,34.86,7.15,804.83,wheat
51.66,25.33,32.43,23.62,59.14,5.22,2572.9,cashew
116.44,90.33,100.16,32.51,81.35,6.99,1472.16,banana
97.85,29.57,34.71,25.32,34.65,6.7,490.8,sorghum
40.58,69.99,43.98,32.57,67.85,7.63,962.09,soybean
132.31,58.33,37.41,23.22,61.96,7.68,753.01,cotton
127.98,75.63,71.03,21.7,66.17,6.17,987.76,tomato
42.78,53.53,53.19,32.27,49.31,7.3,850.96,groundnut
61.0,34.57,75.22,29.35,73.83,5.7,2976.38,coconut
33.36,19.73,40.48,22.05,77.21,6.35,2822.78,ragi
26.02,65.69,69.33,22.47,35.74,7.35,629.04,chickpea
33.09,56.81,32.04,25.85,65.51,7.69,754.9,soybean
20.17,20.36,36.01,26.3,87.91,6.14,2469.9,mango
50.53,23.67,55.63,25.85,63.95,5.61,2484.42,mango
102.76,59.56,35.52,23.09,48.82,6.6,732.23,wheat
30.66,23.85,95.45,24.17,92.55,7.36,3291.06,coconut
93.95,66.81,57.68,17.33,68.83,6.1,467.77,maize
161.55,53.27,160.06,28.26,75.71,6.31,1393.49,banana
30.16,76.42,55.8,20.79,39.89,8.41,529.34,chickpea
56.57,45.17,58.12,19.51,64.91,7.97,481.76,pomegranate
119.66,74.19,25.94,31.21,58.14,7.98,962.07,cotton
29.28,53.01,43.05,33.13,53.85,6.23,941.8,soybean
37.69,28.42,40.15,37.24,84.8,6.2,2573.83,cashew
45.5,119.96,117.24,29.81,70.63,8.1,566.03,grapes
50.1,17.54,48.08,36.22,66.56,6.16,2055.39,mango
47.23,54.68,26.05,30.61,69.45,6.73,930.9,soybean
39.95,38.88,34.25,28.24,81.96,5.77,1293.17,ragi
29.1,46.43,39.86,30.7,64.9,6.01,832.23,soybean
105.16,66.0,99.87,27.0,60.26,6.04,571.52,tomato
177.88,65.0,152.13,25.88,60.1,7.9,1181.25,banana
44.59,40.22,25.95,30.2,60.34,5.9,618.46,soybean
119.07,52.45,22.53,32.17,67.16,6.89,876.26,cotton
115.13,67.17,78.84,31.06,52.27,6.69,1005.3,tomato
43.49,23.83,49.34,25.45,57.74,7.18,1025.61,orange
113.35,58.37,50.26,22.1,61.3,6.47,627.14,wheat
60.72,53.35,43.74,19.6,66.36,7.49,867.21,onion
62.6,45.04,69.16,30.89,56.82,6.61,558.41,onion
37.86,23.33,21.68,26.43,30.26,7.17,330.99,bajra
44.16,45.29,24.66,39.18,58.68,6.75,513.11,bajra
36.63,56.7,26.41,38.32,66.65,7.64,785.36,pigeonpeas
22.73,64.49,63.96,16.56,32.54,6.42,745.03,chickpea
114.67,68.12,35.3,19.06,44.77,6.05,467.8,maize
102.94,43.24,33.69,25.35,49.76,8.62,843.97,cotton
53.45,39.05,42.04,27.44,70.86,5.12,3117.35,ragi
82.1,67.61,69.77,22.31,71.78,7.7,816.16,onion
105.59,59.9,47.36,24.88,66.6,6.87,811.72,onion
58.89,28.73,38.75,26.75,76.43,5.12,1998.5,ragi
26.36,75.34,30.0,32.04,72.23,6.37,1061.11,pigeonpeas
93.35,60.39,54.61,31.89,70.53,6.78,867.73,maize
96.08,66.49,31.37,21.42,52.43,6.62,856.89,maize
141.59,73.63,38.25,28.81,64.75,7.82,779.73,cotton
23.86,18.8,46.99,22.33,62.61,6.88,2255.83,mango
156.92,73.69,128.71,30.16,66.35,7.36,893.61,banana
135.63,82.76,94.52,31.37,70.09,7.57,738.05,tomato
141.21,68.27,28.16,34.0,56.96,7.93,1123.47,cotton
42.89,41.08,30.91,26.72,65.68,5.18,3201.83,ragi
47.36,31.23,56.18,20.17,53.21,7.17,985.27,orange
41.66,34.51,60.02,24.14,41.6,7.9,563.34,pomegranate
25.23,46.19,39.28,26.16,58.28,6.7,841.99,orange
35.56,67.77,29.55,21.52,63.04,6.09,867.48,groundnut
60.68,38.74,30.75,26.06,53.03,7.24,522.54,bajra
33.36,29.62,104.46,26.37,72.09,6.54,3408.51,coconut
130.24,70.18,15.46,31.97,72.68,7.35,601.37,cotton
67.1,29.39,44.0,38.82,46.48,6.65,659.43,sweet_lime
117.75,74.41,64.09,23.67,76.26,6.77,709.93,tomato
133.75,47.58,93.44,25.78,73.39,7.19,878.37,tomato
38.35,21.57,55.15,27.51,67.99,7.63,1009.53,sweet_lime
93.85,68.94,85.28,28.91,70.95,6.27,671.43,tomato
110.3,52.86,35.3,24.69,53.24,7.7,552.1,wheat
24.44,79.57,20.64,28.28,45.01,6.14,795.27,pigeonpeas
41.64,28.89,115.16,25.52,81.63,6.32,2507.85,coconut
31.19,33.95,110.29,33.4,72.73,5.99,2637.13,coconut
43.43,41.37,50.27,34.66,35.48,8.31,800.29,pomegranate
46.33,25.2,68.23,27.72,41.6,7.64,739.57,pomegranate
45.9,31.13,54.08,31.67,45.58,7.83,530.79,pomegranate
90.53,62.29,31.75,28.94,66.85,7.09,891.18,maize
85.28,76.93,95.57,27.06,77.71,6.07,579.48,tomato
51.18,42.14,28.22,35.87,38.27,8.0,609.76,bajra
19.19,56.04,18.62,23.39,40.5,6.52,650.28,pigeonpeas
56.7,30.12,42.03,28.98,30.27,8.31,453.49,pomegranate
44.81,24.43,28.02,27.16,32.76,8.2,401.88,bajra
36.74,43.38,30.77,21.56,68.25,7.18,905.84,orange
78.07,43.14,35.19,23.8,41.24,6.84,850.91,sorghum
16.79,80.91,17.82,29.26,44.65,6.1,655.9,pigeonpeas
180.48,54.77,130.97,34.68,78.27,6.26,1308.47,banana
111.97,50.64,41.69,30.27,74.28,6.82,2655.21,rice
20.27,68.43,36.21,27.45,51.52,7.44,902.8,groundnut
21.31,77.37,73.66,20.11,41.01,8.26,782.2,chickpea
97.5,52.13,48.27,17.43,49.26,6.49,556.06,onion
46.29,93.0,135.06,18.43,68.52,8.05,569.73,grapes
54.41,35.03,36.41,24.65,59.73,7.22,795.62,sweet_lime
23.31,89.41,156.89,14.61,55.78,6.79,691.87,grapes
18.85,66.39,47.26,26.16,70.78,6.88,1156.1,soybean
37.31,21.57,34.13,24.05,57.97,8.23,722.42,sweet_lime
79.97,25.79,42.65,29.11,57.85,6.76,618.02,sorghum
25.98,34.67,35.11,36.36,76.98,6.93,3463.08,mango
20.3,49.97,39.06,22.1,69.75,6.62,827.35,soybean
31.49,42.81,20.29,26.64,61.62,7.78,673.71,soybean
19.13,56.75,56.93,20.37,39.17,7.61,483.1,chickpea
47.0,31.14,45.7,22.48,57.11,6.99,891.59,orange
246.44,58.11,79.06,23.57,61.95,7.03,2113.74,sugarcane
108.74,40.71,34.81,18.65,53.64,7.8,698.75,wheat
122.95,49.85,50.39,28.52,73.04,6.99,821.7,maize
46.94,18.87,59.59,33.87,46.48,8.15,946.97,orange
29.51,23.83,117.79,30.21,84.56,7.06,2941.68,coconut
23.52,51.53,23.85,33.99,57.16,8.35,770.82,pigeonpeas
67.11,31.29,34.84,24.79,47.49,8.09,643.37,bajra
32.04,16.3,23.9,25.05,63.52,5.85,1984.1,cashew
50.58,30.23,28.53,23.22,90.25,5.21,1933.34,ragi
31.17,58.06,38.12,30.69,47.3,7.2,856.68,groundnut
28.79,73.09,32.58,29.51,55.24,6.46,999.02,soybean
46.49,59.12,53.71,30.52,61.81,6.03,858.13,groundnut
41.64,75.31,27.55,26.44,70.55,6.43,613.2,soybean
60.56,26.46,20.64,23.89,76.37,5.9,3376.24,ragi
76.11,43.02,41.76,25.65,40.72,7.99,718.79,sorghum
28.65,35.87,39.09,33.22,74.86,6.34,1135.64,ragi
82.31,38.63,33.01,24.15,48.53,6.98,1097.49,cotton
92.59,63.87,41.99,26.6,44.42,6.68,780.02,wheat
30.99,41.7,52.05,31.76,29.6,7.47,763.33,pomegranate
31.2,24.85,38.62,35.13,56.35,7.81,1005.81,sweet_lime
31.69,20.09,46.26,24.99,80.98,6.27,1911.46,mango
200.82,78.96,97.08,33.78,61.98,7.59,1728.17,sugarcane
159.19,81.95,151.86,37.36,88.32,7.12,1262.72,banana
127.98,84.0,68.77,29.73,58.18,7.13,527.17,tomato
34.86,61.15,49.8,20.74,39.23,8.44,526.71,chickpea
35.12,23.46,64.49,33.26,34.53,7.91,459.05,pomegranate
48.52,120.38,149.43,32.6,47.08,7.18,707.77,grapes
71.58,40.38,30.26,38.63,56.36,8.28,855.46,sorghum
36.8,67.35,31.05,31.53,59.67,7.08,1042.36,pigeonpeas
56.83,37.06,34.49,26.88,47.82,7.43,389.83,bajra
54.12,20.75,40.43,20.27,76.52,5.34,2436.63,ragi
57.8,34.55,39.94,32.51,67.49,6.66,695.26,sweet_lime
25.67,27.2,54.22,25.84,63.3,8.57,775.54,pomegranate
73.19,48.37,37.66,30.58,93.92,5.48,3464.86,rice
94.9,67.17,69.77,32.39,63.03,6.83,478.29,onion
95.0,39.7,50.79,19.69,54.17,7.8,646.09,wheat
21.18,77.99,26.74,29.81,65.86,5.98,919.08,soybean
181.37,69.42,137.04,31.77,77.1,7.28,1392.49,banana
199.77,70.24,134.12,39.51,66.86,7.68,1184.69,sugarcane
59.85,28.97,41.93,35.95,36.83,6.44,467.2,bajra
23.93,102.08,136.73,28.64,57.59,6.65,707.25,grapes
57.13,47.35,56.58,23.85,52.65,6.97,771.65,sweet_lime
33.27,103.43,179.59,16.25,67.73,8.07,492.24,grapes
89.41,64.0,31.25,24.2,60.68,6.62,880.79,maize
42.16,107.73,171.06,14.38,60.13,6.9,478.41,grapes
64.97,18.85,24.63,37.45,54.3,7.09,452.62,bajra
182.0,81.87,94.6,30.24,74.99,6.85,1119.56,sugarcane
30.59,65.62,49.47,20.78,40.59,6.63,435.68,chickpea
51.37,23.54,78.11,34.11,71.45,6.6,2640.01,coconut
85.7,78.26,76.35,29.26,63.46,6.62,853.92,tomato
71.17,25.19,23.02,24.12,45.1,7.58,648.99,bajra
109.7,39.85,40.81,26.13,52.55,8.05,440.22,wheat
48.54,23.8,39.71,26.61,64.06,7.14,621.16,sweet_lime
80.2,35.94,49.44,34.06,42.56,7.71,844.58,sorghum
221.44,77.39,123.82,37.37,78.64,7.88,895.43,sugarcane
45.22,37.08,62.32,21.63,69.61,7.38,640.06,sweet_lime
26.04,58.53,53.14,31.93,54.14,7.33,718.65,groundnut
30.23,20.53,29.37,35.2,86.17,7.33,3458.04,mango
62.11,25.03,30.05,32.26,68.99,5.43,2179.49,ragi
41.67,79.45,33.61,31.31,68.26,6.11,615.09,pigeonpeas
50.22,25.08,38.71,33.47,51.72,8.12,1042.86,orange
126.46,63.93,49.19,16.37,52.93,7.15,509.63,wheat
23.93,19.93,42.58,22.71,72.67,6.67,975.98,orange
34.27,33.28,37.79,34.79,43.49,7.46,736.52,orange
51.7,25.68,53.24,31.88,83.62,6.62,2230.55,mango
172.5,72.38,114.11,35.6,59.31,8.06,2176.73,sugarcane
44.16,30.83,47.5,30.81,86.76,7.1,3096.03,mango
105.05,36.67,15.84,38.27,70.45,7.85,997.02,cotton
167.66,98.33,80.83,29.28,66.97,8.12,1880.97,sugarcane
19.03,38.78,40.36,23.27,69.28,7.59,529.89,groundnut
76.99,55.23,45.29,23.04,55.83,7.83,595.23,wheat
31.4,25.44,23.01,19.62,74.22,5.58,2663.98,ragi
30.88,69.54,76.54,21.72,20.62,6.73,718.82,chickpea
80.4,38.65,33.4,30.21,78.24,6.62,2381.44,rice
61.25,45.01,41.25,34.37,36.78,7.38,678.51,sorghum
67.05,36.27,35.89,33.1,79.15,7.14,2570.86,rice
25.41,28.63,26.5,36.34,58.83,5.93,3160.79,cashew
204.46,82.05,160.3,35.07,83.59,7.65,1470.14,banana
60.75,64.11,44.83,19.04,67.02,6.05,686.67,onion
115.73,67.23,39.19,20.72,57.53,6.16,539.19,maize
26.99,69.82,29.54,22.09,75.87,7.08,938.91,soybean
163.43,85.06,140.8,36.6,81.6,5.93,1617.41,banana
50.92,23.85,46.49,36.01,85.4,6.62,2351.51,mango
96.25,60.74,44.43,22.5,60.37,6.46,507.37,onion
55.32,24.9,60.4,29.95,55.68,6.96,937.11,orange
62.28,46.94,67.55,30.42,63.92,7.56,680.53,sweet_lime
36.21,27.83,61.15,38.84,57.0,8.52,676.48,pomegranate
48.37,20.07,39.83,27.11,66.94,5.85,2962.16,mango
160.11,100.18,125.23,37.49,82.43,7.96,1777.11,sugarcane
37.03,27.2,19.46,23.64,85.03,6.04,3091.66,cashew
45.12,14.35,27.13,26.7,88.1,6.51,1907.25,cashew
53.77,21.9,45.96,24.94,60.07,8.24,837.13,sweet_lime
24.58,23.28,72.59,26.68,46.78,7.45,592.78,pomegranate
18.98,23.02,36.75,26.88,91.04,4.95,1934.43,cashew
84.1,50.43,39.56,23.16,87.71,6.54,1234.88,rice
50.98,23.63,29.84,38.05,63.85,7.78,761.45,orange
110.81,67.44,58.51,30.8,50.5,6.8,861.66,onion
37.7,58.36,78.72,25.21,26.78,6.11,578.18,chickpea
49.46,29.61,38.67,21.63,83.99,6.75,1918.44,mango
96.12,40.2,37.3,31.37,89.51,7.32,1284.97,rice
58.52,28.7,61.38,31.12,50.91,7.79,838.68,sweet_lime
168.27,65.65,82.12,37.7,80.27,6.92,2200.35,sugarcane
25.3,85.22,171.87,36.4,66.68,8.13,750.75,grapes
142.85,43.57,19.91,31.96,55.37,8.44,1095.18,cotton
144.27,93.49,129.97,29.45,70.44,6.53,1740.55,sugarcane
70.52,50.94,37.33,28.59,48.18,7.72,845.66,sorghum
32.97,16.95,20.44,37.09,75.12,5.02,2231.27,cashew
46.71,20.42,27.06,20.88,89.98,6.17,1727.83,ragi
108.31,42.84,47.45,27.71,87.33,7.12,2945.04,rice
62.13,24.95,30.01,24.43,74.7,6.92,2825.49,ragi
139.88,79.33,70.29,24.48,50.97,6.91,517.1,tomato
93.57,33.34,47.64,25.94,51.87,7.97,602.3,sorghum
24.65,24.33,79.1,26.49,65.25,7.19,473.27,pomegranate
71.85,37.86,20.24,26.25,36.82,7.71,413.14,bajra
47.23,40.36,47.82,22.06,54.55,7.17,779.48,pomegranate
76.85,40.68,36.86,35.69,57.96,7.67,670.14,bajra
72.94,19.18,41.26,30.28,61.02,7.91,505.38,bajra
28.71,43.38,51.6,38.75,59.52,6.52,1019.94,orange
82.22,53.81,54.9,30.0,76.6,6.95,3527.33,rice
28.12,73.28,51.01,27.92,50.36,7.24,693.67,groundnut
86.31,59.46,94.14,18.13,49.79,6.54,992.89,tomato
49.65,15.25,47.1,23.74,86.66,6.99,2259.89,mango
99.17,43.54,43.47,30.54,51.1,7.81,511.26,sorghum
45.78,40.03,19.13,28.03,62.68,7.71,1077.36,soybean
143.0,49.26,84.44,31.85,70.83,7.6,835.84,tomato
146.94,89.85,123.35,36.91,87.25,8.33,2033.27,sugarcane
15.74,47.41,27.91,23.87,54.53,8.16,724.98,pigeonpeas
90.92,51.8,44.77,27.82,77.67,6.92,3346.95,rice
109.46,58.72,48.05,32.85,86.76,6.15,3375.19,rice
31.42,37.32,68.16,39.32,45.29,6.72,717.72,sweet_lime
104.39,81.29,95.31,30.24,66.78,6.15,550.28,tomato
102.61,67.57,30.01,24.89,60.78,6.85,850.1,maize
89.72,59.88,36.45,30.1,71.86,7.27,761.08,maize
44.85,67.27,74.71,25.06,24.81,7.5,668.61,chickpea
23.8,26.57,28.84,22.27,82.08,5.05,3667.11,cashew
87.23,71.96,63.18,25.5,63.92,7.42,853.23,tomato
36.81,31.31,24.98,34.68,62.4,5.85,3442.49,cashew
57.88,30.52,38.22,33.82,35.52,7.2,697.1,sorghum
36.08,38.58,41.43,27.28,49.99,6.34,834.13,soybean
56.21,34.03,20.2,30.64,63.82,6.68,1730.81,ragi
41.11,57.56,30.92,23.4,68.99,7.4,953.86,soybean
40.82,39.48,39.43,27.28,66.93,7.42,761.23,groundnut
204.4,59.8,90.77,32.67,71.15,6.52,984.54,sugarcane
27.65,14.56,22.29,24.67,63.73,5.74,1806.82,cashew
45.12,35.73,41.49,23.55,66.14,8.36,720.86,sweet_lime
75.95,50.33,49.06,28.64,49.36,7.41,849.63,sorghum
162.55,70.93,140.65,34.66,88.05,6.68,864.1,banana
96.52,50.99,68.08,25.48,47.66,7.55,610.71,onion
101.67,67.45,46.43,30.64,58.74,6.91,823.46,maize
41.36,26.55,45.67,37.18,61.04,7.17,566.41,pomegranate
38.51,45.25,40.43,31.3,67.52,6.6,623.25,pomegranate
123.5,51.79,104.84,26.63,51.1,7.23,695.74,tomato
44.81,30.64,27.8,37.3,55.8,8.36,644.3,bajra
153.33,47.69,24.95,37.52,46.44,7.68,1063.49,cotton
42.87,66.62,45.57,24.98,70.93,6.59,840.67,soybean
124.51,65.58,44.82,13.82,58.08,6.46,623.83,wheat
48.68,39.79,32.14,22.79,63.17,7.83,808.39,soybean
48.07,67.86,32.08,24.98,67.86,6.11,1016.57,soybean
117.55,57.19,33.91,21.3,36.32,7.47,506.27,wheat
209.95,58.73,172.25,32.55,71.03,6.67,869.45,banana
207.81,87.52,98.79,36.24,65.5,6.52,1553.36,sugarcane
82.31,66.06,31.71,15.46,57.41,7.54,610.51,wheat
73.36,25.62,40.42,24.96,56.12,6.69,704.98,sorghum
105.25,38.85,55.65,25.24,44.35,6.95,643.14,onion
26.92,111.48,168.05,33.06,70.46,7.08,851.57,grapes
61.06,27.91,37.24,32.92,34.43,6.49,681.77,sorghum
44.18,44.13,67.06,23.71,36.11,6.32,747.6,chickpea
36.18,54.59,30.9,29.26,71.6,6.42,737.17,groundnut
85.18,63.08,33.78,25.29,68.88,6.9,836.33,maize
88.88,61.63,28.31,24.51,53.84,8.72,1114.9,cotton
48.32,40.44,122.21,32.69,68.31,6.95,2687.6,coconut
45.88,63.66,15.67,35.8,50.79,7.03,954.7,pigeonpeas
37.7,16.42,46.54,30.79,90.68,6.56,3716.71,mango
45.1,121.52,143.73,21.46,69.69,7.28,707.7,grapes
97.87,53.4,43.19,24.14,75.37,6.73,2157.99,rice
43.97,87.7,148.98,14.93,48.62,7.67,580.26,grapes
110.57,64.36,37.24,21.4,43.94,6.41,773.14,wheat
86.85,44.16,42.86,26.9,60.95,7.9,512.62,wheat
27.61,64.11,35.87,28.51,56.35,6.67,758.45,soybean
23.41,59.82,34.44,38.66,42.98,6.29,1120.32,pigeonpeas
86.68,36.18,37.29,25.03,51.2,7.56,648.29,sorghum
28.69,34.87,54.95,27.4,76.01,5.48,3071.29,mango
58.81,24.32,38.27,27.12,80.41,6.5,2100.56,ragi
39.91,16.17,19.72,37.33,59.75,6.07,3257.02,cashew
44.36,32.17,63.63,25.18,80.96,6.18,2220.34,coconut
69.7,39.34,45.46,29.74,44.72,8.34,636.67,sorghum
25.39,42.24,37.99,31.04,66.56,7.01,807.97,groundnut
42.6,20.72,37.18,30.31,86.79,5.2,2223.03,ragi
48.46,26.34,49.3,33.79,61.6,7.89,712.6,orange
87.66,62.32,30.59,29.02,62.6,6.62,767.96,maize
59.63,31.9,39.99,38.92,65.56,6.43,706.66,sweet_lime
47.58,61.91,50.02,19.12,36.07,6.13,450.84,chickpea
98.29,47.33,34.54,37.2,53.5,8.54,471.12,sorghum
50.48,80.4,178.56,29.39,61.36,6.7,824.78,grapes
29.31,35.22,67.86,23.62,55.44,7.69,426.13,pomegranate
94.41,61.64,38.21,30.23,47.95,6.68,1221.3,cotton
30.21,40.11,34.91,22.72,51.87,7.1,779.32,groundnut
24.0,77.99,27.46,25.88,67.85,6.06,831.14,soybean
50.11,80.4,130.51,24.08,38.9,6.45,684.0,grapes
43.95,40.84,37.98,32.78,45.16,6.37,829.39,groundnut
143.06,69.03,132.03,24.25,82.28,6.16,752.82,banana
27.74,69.25,59.41,26.37,27.03,6.3,609.16,chickpea
26.09,68.69,62.46,16.19,32.01,6.11,603.19,chickpea
38.42,79.53,142.58,31.83,46.01,8.12,632.58,grapes
31.06,79.23,62.21,21.77,30.93,6.15,479.93,chickpea
80.24,52.22,40.09,25.39,72.32,7.27,3286.12,rice
49.98,21.3,35.19,22.12,79.79,5.8,1301.87,ragi
33.47,41.94,81.42,26.79,82.64,6.24,2897.4,coconut
64.96,38.83,38.15,31.28,69.95,7.81,702.77,sweet_lime
29.32,18.85,49.18,29.64,69.72,5.72,2409.46,mango
29.95,45.87,47.96,31.88,44.97,7.98,1086.61,orange
197.21,53.06,126.72,34.84,66.86,6.8,1254.74,banana
81.62,59.63,28.28,32.8,65.94,6.83,578.7,maize
111.31,40.74,42.53,26.54,48.19,6.05,614.24,maize
33.64,69.55,60.36,15.88,37.59,7.62,560.1,chickpea
146.12,58.2,94.09,20.06,62.6,7.07,892.16,tomato
78.32,25.39,24.63,32.81,30.51,6.44,601.18,bajra
77.77,34.73,22.35,32.0,54.06,7.65,331.72,bajra
41.06,26.01,42.46,34.92,61.97,8.32,866.7,sweet_lime
94.9,51.04,39.54,38.57,44.67,7.74,772.63,sorghum
111.92,36.87,43.98,34.46,75.48,7.0,2183.64,rice
129.04,65.48,68.6,26.14,73.12,6.35,657.29,tomato
55.4,26.54,19.5,33.55,48.81,6.78,536.06,bajra
91.85,38.56,37.87,30.26,77.67,5.69,2816.98,rice
54.04,26.41,30.36,38.97,44.25,8.4,492.3,sorghum
65.04,49.94,38.33,24.33,33.62,8.45,730.85,sorghum
145.13,62.67,85.55,31.42,71.07,7.57,817.49,tomato
16.76,54.82,15.38,34.59,64.26,7.53,1003.55,pigeonpeas
83.79,49.56,71.01,27.79,61.75,6.18,807.14,onion
49.39,111.95,130.99,29.57,58.21,7.65,833.54,grapes
47.32,27.97,35.74,30.24,65.14,6.41,1390.01,ragi
25.5,52.81,31.93,38.02,45.75,6.15,863.77,pigeonpeas
154.96,37.69,28.03,31.7,41.4,7.24,1079.76,cotton
51.77,36.57,123.33,28.65,88.92,6.41,1736.19,coconut
100.37,49.36,17.24,26.44,66.62,8.69,1205.34,cotton
203.99,58.24,147.5,24.43,76.78,6.45,1543.12,banana
46.89,20.66,64.31,31.42,74.36,7.12,3118.02,coconut
74.02,49.86,31.66,36.32,50.61,7.1,583.34,sorghum
67.55,50.32,34.75,29.09,36.58,6.96,473.67,sorghum
32.2,59.52,41.44,23.86,60.28,7.05,718.08,groundnut
99.87,49.6,49.45,24.59,59.57,6.09,787.78,onion
161.55,82.59,109.54,38.6,77.05,6.63,1117.18,sugarcane
95.44,66.36,88.61,24.48,76.38,7.24,565.34,tomato
51.5,99.63,137.93,13.66,68.33,7.79,679.35,grapes
77.2,54.4,37.07,22.72,64.43,7.39,495.51,maize
67.51,40.55,46.74,29.32,46.71,7.7,900.68,sweet_lime
72.71,29.09,23.83,39.26,29.28,8.14,405.97,bajra
23.5,17.3,32.3,27.56,68.21,5.65,1866.11,mango
108.12,55.43,20.31,29.46,56.05,7.24,949.0,cotton
80.87,37.57,49.04,31.49,39.2,7.25,563.83,sorghum
44.82,76.1,159.31,33.92,42.27,7.07,677.2,grapes
125.66,66.71,95.04,27.01,59.32,7.89,1230.99,banana
110.99,44.19,23.18,29.77,73.21,8.77,1229.96,cotton
58.22,31.0,96.18,31.26,83.56,7.57,3010.77,coconut
147.93,54.1,131.92,38.88,68.96,5.91,1429.62,banana
51.79,31.32,51.31,20.36,63.36,7.87,616.78,pomegranate
92.38,27.34,36.39,28.89,34.88,6.39,501.66,sorghum
40.45,73.17,36.82,22.46,51.98,7.0,530.91,groundnut
72.62,42.54,24.58,24.68,34.69,8.53,360.72,bajra
61.58,28.09,35.42,25.41,65.96,5.98,2759.47,ragi
42.84,25.15,32.05,32.17,87.53,5.49,3316.58,ragi
20.88,32.28,44.68,31.02,66.81,7.33,3655.31,mango
116.77,60.91,73.91,18.62,51.57,6.64,805.21,tomato
28.39,35.78,57.57,38.6,68.88,7.45,973.71,sweet_lime
72.43,37.71,64.93,18.3,52.37,6.1,903.81,onion
38.44,38.77,120.74,34.24,74.72,7.09,1448.3,coconut
38.78,39.8,49.83,34.15,42.07,7.48,744.27,pomegranate
23.13,60.74,68.42,23.83,22.9,7.16,408.33,chickpea
52.88,37.34,34.2,26.42,80.21,5.12,1680.2,ragi
80.69,34.9,36.1,31.8,32.21,7.05,508.75,bajra
46.86,20.03,47.3,33.15,63.19,6.53,3660.27,mango
79.92,61.18,47.53,32.21,81.15,6.65,2907.62,rice
116.14,50.09,54.62,32.63,50.28,6.84,790.24,maize
121.45,62.11,33.61,24.43,53.88,7.73,755.46,wheat
155.37,81.25,113.64,35.62,81.84,7.84,748.03,banana
24.7,36.58,53.99,31.64,45.31,7.48,714.63,pomegranate
65.11,39.68,68.21,20.83,53.58,7.18,629.15,onion
76.41,64.41,35.1,30.77,51.19,7.37,596.22,maize
36.14,34.4,36.58,27.63,68.33,6.19,2735.69,ragi
117.66,51.66,58.25,26.52,56.13,6.39,794.65,maize
65.95,55.52,43.96,29.99,92.95,5.73,2431.3,rice
32.47,38.51,41.22,31.11,63.84,7.68,836.4,orange
27.4,66.58,36.03,25.12,45.89,7.29,625.98,pigeonpeas
47.24,17.75,33.61,28.41,58.98,5.59,1789.47,cashew
54.9,25.47,67.6,29.05,45.34,7.27,927.19,sweet_lime
96.97,40.02,37.57,39.01,56.34,6.82,1006.67,cotton
42.6,50.64,19.29,30.02,57.63,6.46,746.19,soybean
40.85,24.84,39.58,23.47,76.99,6.53,2698.47,mango
44.2,42.7,42.9,27.68,47.68,6.69,666.92,sweet_lime
118.44,88.51,153.09,25.64,86.08,6.07,1011.6,banana
41.37,32.25,40.59,23.81,79.64,5.8,1472.17,ragi
45.94,21.04,96.36,26.55,86.38,6.8,1497.67,coconut
36.21,68.34,18.52,28.0,45.88,6.83,838.92,pigeonpeas
43.26,45.3,34.57,34.6,55.59,6.62,1001.02,sweet_lime
32.25,43.48,40.81,23.6,58.3,6.93,466.47,groundnut
29.8,23.07,50.95,24.35,74.8,6.21,2135.61,mango
154.29,72.3,14.44,36.63,73.84,8.41,1145.8,cotton
33.12,58.27,33.4,37.73,62.53,8.35,1116.61,pigeonpeas
89.03,30.31,33.26,30.34,66.62,6.63,546.8,sorghum
96.51,50.72,62.71,26.38,46.77,7.28,810.39,onion
92.25,30.97,46.17,24.6,57.89,7.26,742.73,sorghum
27.02,19.84,38.02,26.38,68.03,5.24,1978.35,cashew
26.43,20.61,41.2,32.52,67.07,5.76,3059.42,cashew
23.73,61.11,76.54,23.35,44.59,6.72,757.02,chickpea
134.96,34.09,26.46,37.56,63.7,7.69,863.18,cotton
40.85,58.25,16.81,32.65,58.82,7.12,738.08,pigeonpeas
46.05,32.06,50.01,28.21,59.29,7.4,959.25,sweet_lime
31.6,15.93,35.75,34.92,90.37,5.65,1998.53,mango
129.69,89.69,180.34,35.01,65.99,6.13,944.13,banana
83.9,35.54,31.25,29.5,54.76,8.22,478.94,bajra
93.09,75.41,81.79,19.6,60.16,6.97,937.48,tomato
61.48,22.28,45.53,25.7,51.85,7.56,940.59,orange
51.43,26.59,60.88,20.19,58.83,6.79,742.21,pomegranate
55.94,37.23,44.62,31.22,34.04,6.61,797.64,sorghum
234.23,85.25,119.67,32.13,86.29,7.81,2190.41,sugarcane
44.05,91.07,118.22,34.05,68.52,7.12,762.53,grapes
30.52,60.22,52.5,25.4,23.82,7.38,560.49,chickpea
55.26,26.41,24.83,30.32,36.59,7.63,375.23,bajra
127.96,58.96,36.02,19.15,67.59,6.76,858.75,maize
53.83,39.87,90.21,24.51,72.88,6.08,3103.93,coconut
122.44,82.43,166.95,37.06,58.85,6.36,1506.22,banana
24.0,43.72,66.15,22.49,39.46,6.7,566.12,chickpea
79.02,41.31,32.64,15.09,66.85,7.43,562.88,wheat
57.79,30.42,55.23,31.48,57.35,6.58,775.23,sweet_lime
37.76,74.33,72.0,23.95,45.94,7.53,791.29,chickpea
45.13,71.2,77.61,21.58,41.73,6.17,715.06,chickpea
58.37,27.54,35.96,33.23,65.41,7.84,1132.01,orange
71.83,35.26,42.37,36.39,42.33,7.0,445.91,sorghum
97.93,35.28,29.14,38.6,74.05,7.03,1109.46,cotton
168.02,55.94,182.69,32.91,61.56,6.79,1229.37,banana
43.47,18.66,40.25,37.2,63.27,5.72,3843.32,cashew
23.32,22.11,32.39,23.06,89.85,4.94,2085.29,cashew
90.7,57.3,48.16,26.51,65.2,6.96,429.44,wheat
53.27,39.64,76.74,25.37,54.5,7.57,743.82,pomegranate
126.71,58.48,181.46,35.36,64.47,7.44,1426.24,banana
40.89,70.03,27.18,26.47,59.17,7.0,859.39,soybean
137.56,46.07,39.82,27.36,43.95,6.87,947.2,cotton
32.08,33.66,51.15,36.22,54.38,7.03,828.5,sweet_lime
40.88,36.05,24.1,25.31,37.38,8.59,477.64,bajra
41.17,40.68,28.17,29.59,66.41,5.73,3346.17,ragi
38.64,38.95,48.41,34.14,38.63,6.8,978.94,sweet_lime
65.51,28.38,56.48,22.26,67.38,7.04,804.58,sweet_lime
101.94,36.35,30.44,23.39,41.71,8.16,877.51,cotton
47.16,77.31,45.34,27.21,59.19,7.31,926.15,soybean
66.81,44.71,54.5,36.6,46.75,7.1,863.3,sweet_lime
123.3,68.54,138.16,30.06,85.13,6.6,1551.22,banana
79.71,51.68,38.53,14.88,36.69,7.56,613.51,wheat
26.94,78.01,18.28,37.66,53.85,6.43,786.12,pigeonpeas
45.02,60.67,73.32,17.45,25.09,8.19,609.05,chickpea
31.32,59.74,44.39,33.11,43.27,6.8,898.8,groundnut
59.33,44.44,39.16,34.81,67.11,8.43,636.74,sorghum
16.68,62.84,17.91,28.57,41.05,6.89,840.97,pigeonpeas
92.94,35.45,49.38,34.01,52.04,8.22,623.06,sorghum
16.54,63.27,17.92,38.97,44.74,6.85,772.41,pigeonpeas
92.81,47.71,47.83,32.34,73.49,7.45,2641.2,rice
117.22,50.8,30.63,30.26,61.62,5.9,602.2,maize
36.75,36.41,67.8,32.73,88.78,5.63,2302.58,coconut
32.42,46.31,77.66,18.19,41.81,6.58,499.73,chickpea
25.24,64.11,53.7,24.51,71.96,6.33,585.36,groundnut
38.99,25.31,37.2,22.92,69.66,7.0,3593.26,mango
71.55,47.25,36.6,31.21,75.47,7.42,2002.16,rice
43.89,52.31,29.06,21.71,54.0,6.58,814.95,groundnut
70.6,22.13,24.86,32.42,49.94,7.43,542.14,bajra
120.82,48.4,33.69,25.22,36.26,7.37,535.19,wheat
219.22,60.44,120.84,27.66,68.93,7.11,2034.05,sugarcane
89.28,26.15,50.45,35.2,48.57,8.36,470.61,sorghum
66.48,40.59,38.04,29.09,41.54,7.99,658.22,bajra
93.32,68.08,51.23,28.28,44.24,7.6,839.07,onion
47.13,51.95,37.18,24.88,55.25,7.96,735.95,soybean
89.04,74.78,67.03,29.53,61.8,5.88,687.38,tomato
28.04,80.25,15.69,28.42,40.74,8.22,838.3,pigeonpeas
120.41,34.68,17.44,23.73,69.85,8.49,773.86,cotton
51.4,33.31,24.7,29.15,67.6,5.94,1636.59,ragi
67.87,58.01,47.68,28.67,74.2,6.08,1402.94,rice
22.1,50.14,37.13,22.01,70.87,7.82,994.71,soybean
35.79,44.65,54.02,24.15,45.73,7.13,742.17,orange
37.34,15.37,31.13,37.26,76.28,5.48,2570.35,cashew
29.95,54.07,16.54,31.35,55.41,5.92,879.47,pigeonpeas
52.35,20.07,28.82,35.06,61.19,7.66,697.76,bajra
31.97,56.4,41.57,26.72,66.82,6.3,610.92,groundnut
86.4,60.06,67.51,20.5,59.28,6.4,794.25,tomato
194.21,93.13,171.86,33.37,84.78,7.79,1420.89,banana
103.28,46.16,38.78,21.47,56.65,7.66,672.0,wheat
104.77,53.77,22.91,37.43,42.12,7.14,1088.08,cotton
62.51,32.51,44.85,22.35,50.06,7.34,1128.69,orange
47.63,29.05,100.51,29.68,74.19,7.31,2498.53,coconut
48.61,38.52,19.39,36.04,61.99,6.62,390.58,bajra
24.29,77.35,158.53,35.89,68.96,7.66,587.79,grapes
47.66,64.05,42.94,26.43,50.48,7.04,868.76,groundnut
19.07,58.81,43.37,28.71,57.9,6.9,547.91,groundnut
201.73,93.65,144.8,28.89,84.16,7.48,783.71,banana
65.63,19.16,24.74,35.0,49.6,7.9,612.94,bajra
105.47,61.85,37.07,34.51,62.8,7.16,1116.41,cotton
85.04,39.52,44.65,23.37,85.97,6.79,3013.34,rice
39.92,67.87,56.09,32.18,63.76,7.63,683.8,groundnut
46.45,41.67,57.53,34.95,70.13,6.51,460.84,groundnut
95.97,45.36,37.34,33.23,76.22,5.7,3204.84,rice
34.51,33.55,42.81,29.09,58.4,6.49,864.69,sweet_lime
31.12,44.99,76.09,20.05,39.0,6.1,380.65,chickpea
41.64,112.45,121.47,25.19,61.48,8.14,814.8,grapes
62.73,39.29,28.65,25.39,62.38,8.56,661.3,bajra
49.92,26.41,26.11,21.3,63.35,6.44,3349.46,cashew
18.89,54.4,33.59,29.45,69.04,7.81,748.26,pigeonpeas
49.32,39.7,46.27,25.41,67.08,6.98,1049.56,soybean
33.44,55.83,23.97,26.97,44.45,7.31,665.46,pigeonpeas
113.01,60.86,157.16,38.7,88.1,6.91,1614.18,banana
55.93,40.13,60.19,36.72,55.41,7.71,864.72,orange
91.31,66.95,42.03,28.81,52.95,5.71,641.5,maize
39.96,39.1,44.84,32.4,59.08,6.48,604.43,groundnut
51.18,86.33,139.57,21.28,60.6,6.99,680.05,grapes
18.37,84.15,27.84,23.49,63.01,7.2,594.21,pigeonpeas
22.24,61.92,45.32,30.47,53.64,5.94,734.57,soybean
47.39,34.41,30.32,22.96,82.92,6.37,2190.09,mango
99.18,28.36,25.54,33.0,51.55,8.45,679.02,sorghum
84.5,67.44,43.78,16.38,42.13,7.73,421.1,wheat
102.43,66.47,20.18,37.64,65.99,6.85,1105.87,cotton
29.24,49.15,20.24,31.61,59.05,7.44,1089.09,soybean
52.06,28.14,39.82,25.08,65.57,5.84,2093.84,mango
20.82,27.91,35.26,23.19,62.15,6.14,2937.0,cashew
150.78,65.51,18.84,27.94,45.83,6.79,600.07,cotton
96.87,53.45,36.02,22.96,65.95,7.54,624.55,maize
48.65,66.42,19.06,24.66,54.96,6.8,773.4,soybean
26.63,37.86,42.08,26.89,65.21,7.29,1168.99,orange
51.38,18.81,21.84,26.92,46.12,7.91,351.57,bajra
85.29,41.11,44.78,16.27,51.27,6.37,719.76,wheat
43.45,36.61,62.73,22.87,55.98,7.17,707.78,pomegranate
100.33,58.76,35.19,22.02,60.17,6.89,399.18,wheat
22.92,55.05,38.87,23.15,66.72,6.04,605.61,soybean
55.14,35.0,29.79,32.0,48.19,7.75,1060.45,orange
72.26,34.87,19.65,25.78,36.42,6.47,641.2,bajra
156.79,60.84,115.4,26.91,83.34,6.42,1644.26,sugarcane
146.75,80.55,69.26,27.56,69.6,7.4,875.7,tomato
31.62,62.99,60.74,15.94,28.73,8.46,800.83,chickpea
120.32,50.71,93.77,21.55,53.77,6.34,774.98,tomato
101.49,35.4,44.23,22.6,77.48,6.85,1713.48,rice
88.26,53.12,76.16,22.31,68.98,6.65,998.26,tomato
48.12,44.75,77.43,24.67,32.65,6.88,502.76,pomegranate
66.04,33.63,28.29,39.35,61.27,6.66,454.07,bajra
33.16,75.75,169.14,28.27,64.43,7.93,568.63,grapes
59.54,30.81,56.1,28.08,56.06,6.49,1019.3,sweet_lime
41.84,19.33,63.51,35.23,59.23,7.72,1095.64,orange
202.25,64.28,141.97,36.16,63.46,7.17,879.32,banana
161.9,77.3,115.32,28.95,60.01,7.73,1447.29,banana
20.49,31.1,55.73,36.36,66.77,6.88,2737.54,mango
168.28,96.49,77.98,22.2,62.61,7.89,1150.8,sugarcane
50.54,32.44,41.44,24.06,80.61,6.13,1963.2,mango
50.08,28.92,88.89,28.62,90.44,7.12,1663.49,coconut
49.89,39.29,32.02,24.92,81.24,6.32,2853.28,ragi
139.76,52.99,154.12,31.4,66.86,6.71,1448.09,banana
24.69,49.38,38.53,21.16,69.54,6.69,565.0,groundnut
27.32,57.13,47.99,24.6,38.13,7.94,505.09,chickpea
43.65,63.85,35.13,23.96,71.51,7.94,976.49,soybean
39.52,26.36,50.57,32.31,79.77,6.52,3294.24,mango
19.54,64.33,28.54,34.19,62.62,8.14,1045.65,pigeonpeas
103.59,51.21,51.16,29.93,90.77,7.15,1419.21,rice
96.74,58.56,34.46,17.34,62.91,8.15,582.16,wheat
79.78,64.14,67.79,18.18,57.22,6.51,821.43,onion
66.46,25.89,34.82,33.59,38.93,8.2,587.97,bajra
89.58,50.27,61.12,23.07,64.04,6.7,882.1,tomato
23.09,124.47,185.91,24.11,49.64,6.44,714.99,grapes
42.34,54.54,43.73,24.02,53.89,6.72,1011.36,soybean
84.31,51.84,54.5,22.55,77.54,7.28,2888.35,rice
96.78,81.31,76.43,17.76,74.46,7.27,982.05,tomato
196.93,74.4,86.3,21.42,72.35,6.79,1823.26,sugarcane
41.16,32.77,44.93,33.04,52.62,8.13,1126.24,orange
37.36,25.03,62.49,35.14,38.58,6.66,738.16,sweet_lime
47.71,19.01,28.7,22.37,81.32,6.65,3163.12,ragi
45.67,76.61,25.23,39.24,40.16,6.13,972.6,pigeonpeas
175.3,49.81,188.18,31.64,83.45,6.17,981.85,banana
40.46,30.24,36.39,32.44,63.38,6.31,3018.08,mango
110.82,52.89,43.22,25.55,47.14,7.5,798.84,maize
25.46,54.93,30.11,24.47,62.25,6.24,868.67,pigeonpeas
55.02,31.14,44.41,36.78,60.75,7.4,653.41,pomegranate
109.5,45.73,33.9,23.24,79.87,7.49,2571.67,rice
29.67,40.41,20.25,22.99,78.63,6.81,2351.97,ragi
42.66,29.35,24.35,28.59,66.31,5.96,2518.81,cashew
72.07,39.75,33.71,26.99,83.34,5.84,2778.84,rice
136.96,42.62,50.33,30.85,66.44,6.0,581.83,maize
27.62,57.12,35.38,32.25,56.72,6.88,746.09,groundnut
102.82,46.09,34.0,26.69,43.09,8.52,794.81,cotton
35.62,19.71,28.29,36.21,39.21,7.42,1054.92,orange
33.24,35.48,25.9,19.24,75.86,5.6,1503.2,ragi
99.26,50.57,70.09,17.56,70.59,6.4,897.97,onion
40.22,19.37,37.86,30.69,69.88,6.09,2934.71,cashew
95.23,59.8,41.76,33.76,85.17,5.49,1513.75,rice
19.07,70.38,60.58,18.56,29.76,7.77,479.17,chickpea
117.65,58.41,54.5,25.74,73.1,6.82,646.14,maize
50.5,26.5,27.59,22.75,85.73,6.5,1929.26,cashew
28.38,16.19,31.95,33.94,75.71,5.7,2339.92,mango
78.59,44.81,48.3,34.51,94.21,6.73,3643.68,rice
43.63,32.82,32.42,24.6,70.7,5.14,2755.21,ragi
62.97,22.86,49.26,25.65,60.56,6.83,905.96,orange
109.52,64.9,42.55,25.77,44.84,7.39,653.55,maize
31.08,26.46,51.72,21.66,65.45,6.53,3028.55,mango
45.93,24.73,23.77,31.05,80.06,6.24,2061.16,cashew
20.55,68.27,33.51,35.22,69.4,7.39,862.56,groundnut
39.88,28.32,25.38,22.53,88.27,5.66,1788.88,cashew
139.66,33.35,35.3,37.03,68.03,8.35,834.95,cotton
83.57,43.13,20.71,27.29,54.47,7.8,786.58,cotton
129.96,56.3,187.99,31.54,86.76,5.9,925.61,banana
23.39,119.34,178.18,20.53,52.44,7.53,680.96,grapes
34.21,74.12,15.28,38.97,51.65,8.26,866.41,pigeonpeas
29.71,51.73,34.59,27.76,60.2,7.72,676.59,soybean
35.33,53.95,55.86,17.81,30.33,6.77,668.09,chickpea
40.49,20.0,24.18,29.73,67.12,6.39,1353.18,ragi
43.68,76.7,55.9,26.08,40.71,8.53,808.9,chickpea
110.97,58.64,91.72,18.74,50.2,6.29,746.88,tomato
60.26,54.31,67.88,23.58,63.55,6.78,469.65,onion
39.1,55.73,29.47,33.52,57.07,7.36,1028.07,soybean
127.13,46.37,31.41,17.88,58.35,5.74,722.19,maize
236.14,69.32,123.49,29.29,87.86,7.27,1852.65,sugarcane
103.76,57.07,60.95,20.25,56.94,6.05,529.5,tomato
32.39,67.96,70.43,22.65,39.96,7.6,453.82,chickpea
23.66,25.57,35.05,22.13,83.97,6.48,1700.36,cashew
42.11,38.01,78.93,25.14,93.44,7.21,1595.4,coconut
43.07,38.89,89.41,28.18,88.11,5.59,3775.85,coconut
98.74,40.7,51.18,22.02,66.54,6.53,560.47,wheat
152.29,61.19,127.46,32.66,72.92,7.52,1808.05,sugarcane
87.83,59.85,35.23,18.85,62.79,6.72,596.97,maize
95.93,38.92,38.34,26.73,71.71,7.58,577.71,onion
94.14,38.71,47.14,24.28,64.68,6.04,763.57,maize
60.48,37.29,48.04,32.44,51.4,7.68,956.65,sweet_lime
62.85,28.29,37.99,38.56,70.02,6.72,760.95,sweet_lime
44.06,36.55,29.93,29.51,75.68,6.96,3418.65,mango
186.97,81.39,88.6,33.19,57.13,7.72,2128.44,sugarcane
214.2,72.73,80.58,36.9,53.59,7.01,2129.7,sugarcane
107.87,56.49,52.44,14.26,53.47,7.62,498.55,wheat
89.36,73.81,22.57,36.21,54.04,8.12,661.87,cotton
247.43,62.36,86.45,26.77,82.67,7.24,2025.59,sugarcane
51.82,16.16,26.76,31.02,84.63,5.96,2325.54,cashew
19.01,28.89,41.97,32.3,79.73,6.49,1949.44,mango
162.95,93.22,127.59,27.43,69.39,7.47,1781.72,sugarcane
84.69,49.7,52.99,33.15,60.48,7.24,789.39,maize
33.69,77.62,26.62,38.08,53.7,6.2,604.8,pigeonpeas
157.96,35.76,21.56,30.89,50.4,7.62,1065.53,cotton
33.05,59.48,16.84,37.27,60.62,7.92,815.19,pigeonpeas
44.85,65.43,55.76,25.34,59.52,7.31,625.48,groundnut
84.22,48.77,48.92,19.55,49.4,5.75,506.12,maize
88.16,57.96,35.01,33.8,72.5,6.02,2787.56,rice
107.12,45.54,37.54,21.98,84.62,7.43,1415.84,rice
51.04,27.7,35.72,26.17,42.18,7.85,435.9,bajra
31.32,29.09,34.92,32.53,70.17,6.74,1457.54,ragi
99.72,49.94,29.76,37.26,42.19,7.51,828.48,sorghum
26.12,58.64,19.54,28.68,44.13,6.25,764.18,pigeonpeas
62.84,64.2,51.36,30.91,64.49,6.97,598.55,onion
128.39,75.58,115.07,29.89,71.46,6.21,978.42,tomato
108.39,47.18,24.5,33.27,42.85,8.1,935.02,cotton
139.2,58.7,134.42,38.96,83.99,7.56,1594.03,banana
36.63,58.03,29.12,26.37,67.49,6.32,850.22,soybean
37.77,72.7,39.53,25.72,56.2,7.38,537.6,groundnut
26.81,64.38,60.08,25.76,31.32,7.3,511.04,chickpea
35.4,28.83,36.65,33.74,74.49,5.8,2521.82,cashew
114.4,57.02,38.3,34.91,75.26,6.61,3471.46,rice
55.31,38.95,67.76,30.86,50.55,7.33,663.52,pomegranate
116.45,53.17,43.24,35.34,87.29,7.04,2217.32,rice
54.58,29.21,37.81,32.3,89.68,6.12,1260.26,ragi
117.6,55.3,37.89,22.72,65.96,8.04,741.13,wheat
23.12,39.25,25.79,34.86,56.09,6.21,621.75,soybean
40.85,21.97,30.15,26.1,85.7,5.8,2725.92,cashew
61.53,45.4,57.89,20.32,66.85,7.9,1021.56,orange
22.45,60.07,43.76,21.37,61.31,6.31,676.28,groundnut
191.77,94.29,117.19,36.42,58.66,6.56,2085.03,sugarcane
141.94,81.51,84.69,23.54,70.98,6.95,883.17,tomato
82.95,45.79,30.27,18.44,74.45,6.09,584.74,maize
21.38,101.76,118.83,21.12,68.36,7.57,693.19,grapes
27.54,22.57,30.53,29.86,84.02,5.31,2821.92,cashew
43.47,46.03,36.34,23.66,44.37,7.15,494.84,groundnut
89.73,61.53,62.62,17.46,64.92,6.7,941.95,tomato
26.09,63.55,51.75,21.16,44.17,7.32,720.94,chickpea
74.76,29.6,39.72,29.98,45.23,8.56,852.99,sorghum
54.94,40.36,39.98,24.53,43.44,6.95,722.68,pomegranate
61.5,64.73,50.01,22.05,44.62,7.93,891.4,onion
55.04,39.03,60.01,27.55,50.03,7.72,750.84,pomegranate
52.99,75.23,180.96,20.92,40.13,6.98,805.81,grapes
87.48,62.91,29.26,30.15,73.85,6.05,694.56,maize
33.16,30.48,124.67,34.26,71.63,5.42,1922.5,coconut
98.85,55.96,38.7,31.76,60.32,7.3,740.07,cotton
52.72,40.35,72.56,25.72,81.42,7.07,2524.51,coconut
76.94,33.67,39.57,31.58,67.04,7.15,679.69,sorghum
25.2,54.19,68.97,24.75,44.97,7.31,749.04,chickpea
97.44,44.99,28.23,33.12,61.5,7.56,540.21,sorghum
39.99,73.6,56.47,20.12,22.38,8.23,688.1,chickpea
30.35,99.31,120.07,16.37,40.36,6.84,717.9,grapes
125.34,66.58,87.29,22.45,56.1,7.25,712.53,tomato
98.51,51.49,48.48,26.87,65.42,6.95,455.56,wheat
30.61,40.23,27.58,29.81,49.87,5.99,938.36,soybean
93.2,64.59,46.65,17.7,59.34,6.76,891.17,onion
92.46,39.39,37.12,17.92,50.9,6.53,508.15,wheat
43.27,100.59,164.5,23.43,65.18,7.94,758.72,grapes
122.19,53.33,53.55,19.13,61.85,7.06,585.72,maize
41.85,80.0,32.62,30.57,47.26,6.67,915.8,pigeonpeas
203.68,51.27,139.56,31.32,73.24,6.16,1344.72,banana
237.37,87.22,85.83,36.23,57.39,6.48,1487.68,sugarcane
32.17,60.03,29.78,24.89,67.76,6.74,525.95,groundnut
24.16,49.85,77.66,17.2,22.83,8.28,799.57,chickpea
193.39,94.04,135.29,26.48,85.95,6.94,1465.49,banana
112.06,53.45,42.86,23.56,52.51,7.54,834.42,maize
147.67,81.3,80.09,27.02,71.8,6.8,600.88,tomato
54.47,39.57,52.79,35.07,35.17,8.07,805.68,pomegranate
94.0,41.5,41.71,30.41,67.55,6.56,773.52,onion
83.75,43.51,24.82,38.01,53.13,8.57,422.19,bajra
38.73,27.19,55.34,32.01,38.92,7.65,840.92,orange
31.95,75.57,46.15,24.83,71.37,7.75,997.13,soybean
30.29,15.2,32.64,25.41,83.44,6.01,3294.68,mango
37.9,39.56,44.03,28.78,65.38,7.55,842.53,sweet_lime
91.48,57.67,39.22,24.89,51.45,7.72,733.97,onion
32.1,19.7,113.18,27.12,73.86,7.41,2028.17,coconut
117.95,80.6,70.75,18.18,74.33,6.07,656.77,tomato
31.29,39.1,67.76,25.12,49.71,7.54,809.46,sweet_lime
30.5,53.21,33.51,24.56,53.81,7.13,755.81,pigeonpeas
44.11,65.58,57.94,33.32,54.35,7.47,803.86,groundnut
219.62,57.09,76.93,28.82,61.3,6.91,1120.6,sugarcane
110.36,68.1,33.73,36.83,61.67,7.12,910.14,cotton
29.78,69.22,65.83,19.46,39.04,6.15,646.17,chickpea
43.05,44.64,64.79,31.76,38.76,8.19,826.75,sweet_lime
25.95,37.48,55.65,38.56,61.82,7.22,1050.94,orange
153.53,72.99,104.13,35.81,72.78,6.47,1411.1,banana
51.04,34.15,30.11,34.74,48.08,7.41,746.41,orange
69.6,43.44,32.38,33.98,65.35,7.58,802.9,sorghum
49.18,25.01,38.74,27.05,72.2,5.46,3350.55,cashew
75.07,34.36,41.04,23.34,92.09,6.99,3611.49,rice
213.34,91.56,101.22,28.47,60.48,7.88,1334.49,sugarcane
63.74,27.35,42.38,32.31,60.61,8.33,818.86,sweet_lime
95.4,57.09,23.61,23.81,57.31,7.53,894.59,cotton
23.33,47.03,68.37,22.17,38.36,8.34,790.38,chickpea
45.5,40.4,94.53,29.67,91.46,6.22,1866.14,coconut
26.5,22.4,57.04,24.14,47.98,7.77,834.75,orange
32.31,38.87,56.53,30.21,92.94,7.22,1632.3,coconut
249.41,78.34,117.01,23.72,60.69,7.97,1715.2,sugarcane
144.97,40.41,35.84,28.74,48.17,7.74,729.23,cotton
99.1,27.07,44.71,25.25,58.62,6.46,494.91,sorghum
113.23,51.42,140.69,38.74,69.35,6.88,1276.08,banana
77.55,45.64,33.78,35.94,39.52,7.01,551.07,bajra
79.24,38.34,36.72,36.52,50.73,7.37,484.35,sorghum
37.73,73.66,56.28,22.58,71.1,5.9,680.88,groundnut
112.58,40.88,69.43,32.44,60.53,7.93,672.68,onion
51.23,23.77,38.23,36.05,53.89,8.39,625.11,bajra
92.88,54.59,84.33,23.67,60.22,6.86,922.54,tomato
42.5,39.81,58.81,36.32,54.34,8.02,507.26,pomegranate
98.27,51.19,41.41,24.6,59.01,8.17,612.57,sorghum
71.36,57.78,53.57,27.09,70.36,6.08,621.97,onion
41.96,34.99,81.84,34.48,75.6,5.96,2721.01,coconut
55.55,41.79,33.86,37.39,42.06,8.06,592.6,sorghum
37.17,121.5,184.42,18.95,49.39,6.79,849.33,grapes
29.92,30.12,42.26,31.63,67.26,5.34,1778.48,ragi
81.86,63.36,40.49,22.67,45.14,6.56,742.33,maize
128.08,53.97,85.83,26.01,61.74,6.75,812.47,tomato
197.4,82.53,186.3,30.33,58.44,7.37,957.12,banana
26.44,28.62,37.75,27.74,64.95,5.16,2930.13,cashew
34.82,101.4,127.94,34.32,67.33,7.29,812.03,grapes
47.75,33.92,61.96,38.56,35.73,7.33,710.65,pomegranate
53.07,36.8,22.19,32.08,84.12,5.16,1464.58,ragi
98.61,66.74,40.76,23.51,73.39,5.85,889.62,maize
21.95,70.65,25.87,34.59,40.18,8.23,844.09,pigeonpeas
36.39,76.66,150.83,32.25,56.0,7.5,760.77,grapes
43.27,18.03,24.14,24.88,84.69,6.48,1709.74,cashew
109.03,66.94,40.39,21.9,69.74,7.53,538.96,maize
38.28,56.95,62.47,16.27,29.36,8.55,435.52,chickpea
68.77,34.06,49.34,23.09,53.9,7.63,883.67,sweet_lime
20.2,74.05,34.62,32.92,68.1,7.12,632.08,groundnut
32.38,59.02,20.38,33.05,66.68,7.89,989.66,soybean
29.22,76.42,41.1,33.62,64.99,6.53,751.3,soybean
253.27,62.11,76.47,30.03,81.78,7.82,1550.92,sugarcane
148.49,49.28,30.96,33.45,70.68,8.54,729.94,cotton
108.55,64.93,35.45,26.39,69.46,6.83,505.09,maize
43.8,46.6,25.93,35.16,41.7,6.57,450.17,bajra
117.43,52.8,43.4,29.9,65.07,6.91,812.18,maize
42.55,39.45,44.64,30.61,42.84,7.7,909.14,sweet_lime
48.97,32.25,114.3,26.94,69.76,7.44,1655.41,coconut
25.49,33.78,53.59,32.95,88.4,6.29,2420.22,mango
112.36,48.97,22.54,34.45,65.0,6.81,1215.0,cotton
30.3,43.01,70.85,20.92,25.11,7.98,768.04,chickpea
102.29,65.92,45.3,25.19,56.05,6.38,769.17,wheat
201.31,67.68,86.36,32.59,67.61,8.16,1944.32,sugarcane
95.8,33.6,57.86,30.5,85.18,6.28,1554.19,rice
44.5,38.88,22.78,24.44,43.15,7.21,390.85,bajra
53.54,32.96,35.73,27.41,56.11,8.19,460.42,sorghum
206.3,87.96,129.76,34.5,83.4,8.22,1165.04,sugarcane
43.76,119.44,131.36,32.4,56.48,7.72,468.39,grapes
24.58,17.63,35.81,34.72,88.74,5.91,3774.84,cashew
239.74,100.09,121.16,36.57,58.08,7.42,2237.32,sugarcane
47.94,33.38,81.84,28.67,68.78,6.16,2384.01,coconut
31.93,20.29,47.21,38.67,61.11,7.33,730.29,sweet_lime
183.71,85.05,100.67,33.14,86.51,6.39,1937.66,sugarcane
143.63,49.65,98.11,19.8,73.79,6.49,690.2,tomato
84.06,41.1,43.54,25.77,77.22,6.88,2973.35,rice
73.07,41.08,40.03,24.16,51.06,8.53,571.45,sorghum
29.26,25.96,56.84,34.06,63.0,8.36,537.62,pomegranate
63.6,35.73,45.8,26.25,62.79,7.9,1097.89,orange
47.27,43.81,49.66,36.9,46.29,6.89,597.48,pomegranate
47.17,38.4,33.22,31.64,57.38,6.59,1120.79,soybean
39.87,20.52,28.6,26.75,65.62,6.77,1183.72,orange
80.52,40.7,65.16,32.92,57.22,7.66,705.32,onion
32.35,17.7,33.98,28.37,70.25,6.6,1954.09,mango
38.54,63.06,43.55,32.41,61.75,6.1,956.21,soybean
40.49,52.59,35.88,32.71,62.65,7.24,1051.46,soybean
21.03,70.12,40.78,35.29,52.1,6.76,541.06,groundnut
47.73,30.81,30.07,35.59,55.59,8.46,519.01,bajra
34.36,51.13,61.17,21.26,18.58,7.47,510.09,chickpea
22.57,74.51,63.82,17.49,28.69,7.4,376.16,chickpea
119.23,48.36,33.67,28.29,70.33,7.76,1103.47,cotton
122.59,46.43,51.82,19.92,47.51,8.06,666.63,wheat
32.03,45.6,64.71,32.62,62.02,7.32,879.5,sweet_lime
218.68,84.82,134.94,27.59,80.57,8.16,1858.05,sugarcane
253.7,73.71,84.58,26.2,87.93,7.1,1920.12,sugarcane
33.24,16.05,40.41,25.4,84.15,5.84,2918.04,mango
30.18,57.8,26.63,24.8,69.21,6.54,1112.08,pigeonpeas
88.4,38.01,45.75,37.23,58.32,7.59,768.67,sorghum
122.24,47.85,149.34,32.41,62.95,6.44,1265.4,banana
168.25,57.68,137.88,27.81,59.54,6.13,1324.62,banana
104.18,68.84,44.42,25.52,55.28,5.91,812.67,onion
186.15,68.49,127.41,38.21,77.36,7.6,1125.04,sugarcane
20.06,58.41,26.96,33.6,74.58,6.09,646.14,soybean
43.83,90.73,177.39,16.57,40.24,6.4,552.69,grapes
88.86,48.32,38.94,18.73,58.72,7.67,799.06,onion
37.48,27.05,37.33,24.6,62.83,6.31,3017.9,cashew
53.71,47.64,29.13,30.38,66.65,7.17,787.01,orange
31.16,32.69,102.98,25.85,73.02,7.49,2887.67,coconut
35.8,27.21,37.82,23.1,65.74,5.3,3440.92,ragi
45.55,75.9,31.07,30.86,58.26,6.99,618.14,pigeonpeas
82.53,56.45,30.96,19.67,37.92,7.8,542.25,wheat
59.39,26.14,37.01,26.23,55.72,6.97,662.09,sorghum
89.8,68.53,28.93,24.69,35.57,8.15,615.71,wheat
47.06,57.31,75.34,15.45,33.58,8.21,800.4,chickpea
46.63,48.45,75.46,21.17,38.47,7.86,601.65,chickpea
76.45,27.48,30.38,23.74,32.3,7.9,515.02,bajra
207.24,78.29,121.9,34.08,57.11,7.17,1496.28,sugarcane
153.3,65.02,91.76,35.0,75.22,7.09,1765.16,sugarcane
128.61,64.2,73.3,29.67,59.31,7.48,601.9,tomato
250.37,77.9,113.53,37.12,81.6,7.46,2360.69,sugarcane
127.3,60.04,30.57,32.1,57.68,7.1,508.27,maize
93.13,59.72,52.4,24.9,84.01,7.09,2935.59,rice
57.22,39.76,53.08,23.49,41.45,7.19,447.84,pomegranate
60.91,34.99,32.43,31.05,59.01,6.86,616.08,bajra
26.91,60.19,57.54,21.9,38.41,6.51,424.55,chickpea
98.0,70.29,20.77,27.15,52.05,7.16,808.54,cotton
21.43,59.8,63.16,22.67,20.42,7.22,672.64,chickpea
32.17,40.77,28.8,34.02,65.69,6.35,760.67,groundnut
36.51,32.67,41.18,22.92,42.23,7.38,806.33,pomegranate
51.55,44.37,28.3,20.48,60.77,7.37,837.75,orange
189.97,60.53,149.99,31.69,64.71,6.97,805.4,banana
86.84,27.58,26.06,30.33,37.66,7.32,687.86,sorghum
21.52,53.75,47.45,27.27,75.25,7.79,844.14,soybean
20.79,58.64,46.13,28.18,46.63,6.7,607.88,groundnut
53.1,46.5,66.67,19.67,63.01,7.4,732.16,pomegranate
124.68,50.62,50.79,15.76,61.64,8.0,476.78,wheat
61.01,40.83,44.48,37.36,45.53,7.96,847.72,sorghum
44.06,21.05,40.15,25.81,91.15,6.36,2142.94,ragi
191.82,72.99,120.51,32.22,63.34,7.53,1312.44,sugarcane
123.14,70.07,169.06,28.63,64.99,6.48,1553.78,banana
45.0,73.78,24.49,21.34,64.72,6.68,863.53,soybean
67.57,46.5,62.73,25.26,42.89,7.88,605.57,sweet_lime
248.6,73.52,84.27,28.53,62.5,6.58,1880.44,sugarcane
48.59,34.49,46.63,24.72,45.45,6.85,1050.34,orange
36.52,45.17,62.83,24.79,54.43,6.76,743.06,orange
41.31,82.72,15.24,29.63,56.59,6.31,1018.92,pigeonpeas
36.5,73.81,19.07,31.49,39.25,6.98,836.57,pigeonpeas
116.73,36.03,31.19,34.38,54.01,8.01,665.93,cotton
27.32,35.67,58.75,37.94,65.79,7.6,1105.95,orange
26.84,22.55,29.42,23.71,67.79,5.41,3345.36,cashew
49.79,46.73,26.48,21.29,50.06,6.47,780.0,soybean
39.58,27.29,66.43,23.86,67.25,8.23,983.57,sweet_lime
26.45,31.64,77.75,27.21,40.07,7.11,670.19,pomegranate
78.14,28.08,41.33,37.58,54.79,7.41,444.98,bajra
58.2,41.67,34.94,19.88,80.38,5.35,2213.41,ragi
109.95,50.45,93.45,22.14,54.36,7.05,728.63,tomato
20.47,69.62,39.2,34.74,44.41,7.0,606.83,groundnut
174.14,73.43,159.26,27.36,59.76,7.93,985.16,banana
101.86,40.52,63.02,33.21,48.74,7.82,700.32,onion
43.81,46.78,31.03,34.04,38.88,6.93,566.61,bajra
85.91,49.9,45.43,24.22,38.91,7.44,807.02,wheat
60.14,19.11,24.98,23.52,85.54,6.59,1375.13,ragi
100.3,57.03,18.85,38.61,63.02,6.94,683.96,cotton
95.62,33.65,37.58,38.48,70.05,7.02,735.5,cotton
26.18,34.86,48.19,25.29,70.42,5.63,2307.06,mango
45.71,49.36,26.84,26.65,70.31,8.33,770.98,pigeonpeas
37.29,43.23,25.41,24.65,66.71,7.61,739.91,soybean
100.13,46.28,38.58,27.09,62.88,7.86,806.07,sorghum
36.64,35.01,70.38,22.22,51.1,7.51,459.49,pomegranate
20.65,14.87,31.64,36.75,73.42,4.92,1923.53,cashew
142.86,73.56,116.35,33.24,64.46,6.67,661.22,tomato
44.42,72.04,27.19,33.94,68.57,6.9,1095.12,pigeonpeas
42.42,16.23,22.05,26.52,72.98,6.29,3308.07,cashew
46.61,43.03,76.98,21.43,33.82,7.54,669.23,chickpea
34.93,16.83,48.12,32.42,65.38,6.79,2384.64,mango
36.07,29.57,35.14,23.63,65.24,6.3,1423.86,ragi
36.85,15.02,32.61,28.86,85.94,5.58,1857.18,cashew
75.11,66.87,62.59,18.64,51.54,7.22,808.66,onion
148.27,56.3,93.06,17.85,72.37,5.93,566.08,tomato
92.77,83.56,82.94,26.38,72.51,7.17,735.5,tomato
26.31,20.08,28.54,27.95,77.03,6.23,3561.71,mango
61.47,33.01,92.17,23.92,72.07,6.94,1670.39,coconut
31.76,72.28,56.32,18.45,37.94,6.89,799.38,chickpea
109.97,46.51,41.47,28.21,66.4,5.72,566.33,maize
58.1,31.92,39.72,24.06,56.66,7.0,792.65,sorghum
40.93,43.86,41.43,22.57,61.58,7.22,651.7,sweet_lime
46.83,50.47,51.78,30.93,59.93,6.84,595.53,groundnut
113.46,54.4,53.8,31.1,72.53,7.15,2685.59,rice
209.83,94.66,125.03,38.99,68.96,7.59,2354.28,sugarcane
30.32,34.74,32.27,35.36,79.97,5.88,3584.71,mango
48.63,25.51,40.77,34.06,40.42,6.99,924.59,orange
116.18,36.01,49.32,32.12,88.87,7.29,2969.72,rice
158.37,65.37,116.59,36.85,59.7,6.9,1159.21,sugarcane
99.13,39.88,44.62,35.54,64.77,7.86,432.15,sorghum
54.98,33.28,42.58,23.0,47.25,8.19,545.54,pomegranate
122.16,63.22,42.94,29.53,54.61,7.28,906.47,maize
31.6,31.43,68.9,27.4,70.08,6.46,2071.24,coconut
59.41,30.93,21.1,23.93,85.75,5.19,2239.27,ragi
30.13,66.2,30.63,26.16,49.56,6.84,955.54,soybean
57.18,24.52,60.71,31.74,53.54,6.65,1098.43,orange
32.89,42.39,44.61,27.32,50.69,6.14,514.72,groundnut
34.91,56.05,36.79,31.63,62.22,7.46,657.14,soybean
179.97,92.75,122.05,32.82,70.66,6.14,1003.5,banana
89.25,56.42,60.33,31.3,64.59,6.31,528.28,onion
77.39,46.04,50.27,25.85,67.45,6.5,551.35,sorghum
52.73,26.84,34.31,29.57,44.91,7.84,718.8,sorghum
121.04,34.77,31.88,37.87,41.44,7.82,725.17,cotton
123.5,75.12,146.01,27.05,67.95,7.28,1004.78,banana
38.1,43.07,38.97,32.45,71.34,6.57,827.44,groundnut
45.23,76.53,64.66,20.6,27.47,8.09,623.62,chickpea
52.84,63.31,46.28,28.79,77.87,6.0,963.44,soybean
87.56,48.99,43.73,21.33,54.78,7.61,547.38,onion
85.32,28.21,37.74,30.52,54.73,7.09,496.56,sorghum
30.73,72.96,67.59,26.41,46.0,6.67,789.0,chickpea
45.72,18.48,38.85,26.28,68.89,5.85,2511.59,mango
131.95,64.55,67.83,27.74,72.19,6.72,540.02,tomato
37.16,63.11,56.93,30.75,49.09,6.49,872.71,groundnut
24.26,19.66,79.07,32.59,61.88,8.47,769.85,pomegranate
52.77,18.27,43.9,21.91,83.67,5.6,3354.02,mango
95.64,56.07,41.04,14.7,44.43,7.73,790.2,wheat
42.96,21.68,35.56,26.15,69.92,6.06,2428.54,mango
108.49,52.72,39.25,21.44,67.36,6.38,859.66,maize
61.17,20.49,31.23,27.62,75.7,6.88,2970.8,ragi
61.07,36.76,26.78,35.57,59.21,7.59,800.93,sorghum
25.33,61.81,21.79,30.46,59.92,7.57,971.1,pigeonpeas
183.05,87.94,117.65,24.56,66.38,7.21,769.67,banana
28.6,35.24,49.9,38.72,51.62,7.89,981.61,orange
32.9,24.62,39.94,27.71,72.12,8.05,1137.65,orange
21.86,15.31,37.73,31.3,61.01,6.23,2439.94,cashew
24.17,58.57,63.68,19.78,29.88,6.39,581.95,chickpea
37.63,126.39,125.46,19.64,65.57,7.26,712.58,grapes
23.76,33.3,48.72,30.04,33.18,7.39,671.73,pomegranate
41.44,38.4,62.82,23.76,82.77,6.79,1777.06,coconut
99.82,63.18,84.77,31.2,49.44,5.91,827.14,tomato
79.81,37.85,28.45,21.23,53.98,6.52,651.42,wheat
121.18,61.48,39.39,22.93,66.85,6.37,412.51,wheat
41.92,41.32,67.04,33.6,60.95,8.01,786.43,pomegranate
93.13,23.88,34.67,27.23,41.66,7.83,427.13,sorghum
80.72,46.45,46.2,24.78,46.99,6.61,607.73,onion
26.96,48.78,16.94,25.78,60.77,8.03,878.85,pigeonpeas
120.71,67.87,65.05,20.05,60.39,7.05,695.48,tomato
149.3,58.82,23.15,37.53,49.24,8.4,909.03,cotton
45.54,33.12,37.82,32.37,42.46,7.92,1005.2,sweet_lime
71.34,41.2,40.62,28.23,35.99,8.22,605.56,bajra
48.73,27.96,35.2,28.74,56.57,7.13,527.15,bajra
180.53,54.89,145.94,34.73,71.2,5.99,1458.26,banana
195.87,93.31,102.34,22.94,67.35,8.06,1313.89,sugarcane
19.83,16.72,37.3,36.61,64.12,5.09,1940.51,cashew
26.9,52.19,25.35,31.36,44.02,7.86,562.49,pigeonpeas
158.82,67.45,104.24,37.87,57.71,6.13,1279.35,banana
53.52,41.65,76.75,34.9,29.43,6.39,708.35,pomegranate
70.64,40.55,30.68,33.16,37.1,7.4,692.26,sorghum
101.82,67.26,57.23,24.84,61.51,7.47,482.79,onion
136.25,53.7,96.36,30.78,81.93,7.11,958.17,banana
105.4,41.05,37.65,31.35,70.76,7.57,492.93,onion
41.25,48.85,30.88,24.26,58.2,7.48,580.56,groundnut
98.49,45.13,40.72,21.53,83.45,6.82,1504.34,rice
45.85,27.54,72.55,24.37,78.13,6.67,1706.26,coconut
77.32,43.79,46.04,32.05,65.52,7.54,817.75,maize
46.67,72.22,34.61,35.14,67.91,7.03,637.13,groundnut
28.27,63.78,45.99,28.75,65.79,6.1,633.37,soybean
38.66,15.1,21.42,32.37,74.55,6.63,3479.65,cashew
41.69,71.47,24.34,31.17,68.33,6.53,1083.73,soybean
39.49,21.81,27.22,26.81,49.22,7.5,481.16,bajra
118.96,71.34,30.09,24.55,47.24,7.88,1070.1,cotton
39.97,41.23,54.31,32.3,64.87,7.87,1011.5,sweet_lime
91.49,42.82,29.11,23.1,69.2,5.76,782.93,maize
50.31,25.81,43.06,38.63,43.94,7.51,752.42,sweet_lime
127.96,47.6,32.78,25.34,71.22,7.32,1229.1,cotton
158.26,63.75,131.22,25.97,57.43,7.59,1206.96,sugarcane
15.58,83.88,31.8,34.91,60.45,7.0,636.76,pigeonpeas
31.91,39.94,26.86,22.87,76.86,5.55,1837.56,ragi
43.51,45.1,55.63,38.94,69.5,7.22,958.84,orange
48.9,22.52,44.01,27.59,86.95,7.07,3753.47,mango
83.24,39.5,58.87,23.75,64.62,6.91,911.33,onion
34.8,79.02,127.67,23.97,58.88,6.92,587.88,grapes
33.19,23.85,50.69,34.8,71.03,6.69,2887.63,mango
200.4,77.45,136.92,35.58,63.22,6.78,1060.44,sugarcane
85.18,32.84,34.89,32.88,62.19,6.46,642.84,sorghum
82.39,37.16,28.04,26.09,41.41,7.07,954.92,cotton
95.43,55.58,44.17,34.9,79.56,6.29,3043.21,rice
66.23,23.12,31.6,27.18,48.5,8.15,458.32,bajra
49.65,32.21,32.94,34.03,79.19,6.88,3713.22,mango
26.46,76.87,69.88,20.84,38.25,7.07,798.0,chickpea
29.69,25.46,26.43,30.95,87.54,6.15,3595.01,cashew
61.0,40.13,73.21,34.22,80.24,5.97,2766.21,coconut
47.77,24.98,25.32,21.18,84.44,5.24,3798.82,cashew
47.27,67.14,57.61,31.88,61.5,6.91,463.4,groundnut
52.19,32.82,36.76,32.29,50.0,6.88,562.22,sorghum
31.94,114.16,160.67,18.64,71.59,7.11,863.66,grapes
31.56,84.3,35.32,26.79,42.03,8.23,1047.59,pigeonpeas
32.12,22.11,25.16,23.81,64.41,6.12,2463.63,ragi
89.82,47.31,41.12,24.9,38.01,7.09,435.34,sorghum
81.58,31.03,20.73,28.17,59.2,8.31,332.57,bajra
85.99,36.67,31.94,31.11,68.48,7.8,693.88,cotton
105.62,50.88,76.21,31.8,49.05,6.19,535.52,tomato
56.13,39.44,88.76,26.63,81.14,5.85,2064.0,coconut
35.26,40.55,27.4,31.9,83.35,5.45,1460.75,ragi
73.13,41.52,51.14,27.42,88.69,6.24,1362.14,rice
63.67,22.06,27.48,35.96,34.31,6.57,499.92,bajra
180.51,83.45,134.03,38.51,87.26,7.12,1582.55,banana
118.74,54.31,139.84,35.31,82.42,7.87,1427.61,banana
42.48,99.55,118.18,30.04,64.05,6.38,756.24,grapes
33.38,82.61,29.36,25.99,66.83,6.77,619.71,pigeonpeas
43.68,24.51,79.47,32.67,85.5,6.48,1439.84,coconut
71.73,43.94,41.27,24.85,52.22,7.14,834.13,sorghum
141.27,60.14,135.32,35.21,79.69,7.34,1563.04,banana
60.66,31.9,48.84,29.74,44.06,6.67,684.76,sweet_lime
32.25,56.92,35.55,32.35,48.55,6.41,543.23,groundnut
91.73,38.45,40.21,27.47,92.81,7.34,1734.15,rice
45.16,33.17,100.72,26.86,86.39,6.7,3298.5,coconut
56.05,21.63,57.69,25.67,39.48,8.19,516.71,pomegranate
123.42,72.52,112.61,24.09,74.04,6.17,809.02,tomato
90.84,33.16,44.65,30.85,78.39,6.48,2959.16,rice
99.04,37.29,33.27,27.63,65.42,6.64,761.1,sorghum
62.08,38.85,26.85,34.41,65.25,8.31,727.3,sorghum
156.33,83.89,94.1,35.75,61.64,6.77,1603.57,banana
62.74,31.53,56.83,22.99,59.17,7.27,909.46,sweet_lime
45.7,127.17,139.38,31.33,60.39,7.3,854.54,grapes
41.03,18.85,37.07,35.49,72.3,5.63,2645.0,cashew
32.74,71.52,24.0,37.77,54.2,6.29,581.81,pigeonpeas
100.59,53.83,41.78,24.03,68.06,6.01,801.79,onion
32.78,78.71,190.28,26.38,70.5,8.1,815.43,grapes
50.19,20.92,116.62,32.31,70.89,6.25,2085.33,coconut
188.41,95.16,95.76,32.29,72.86,7.56,1293.22,sugarcane
80.2,44.31,26.08,23.14,34.53,7.91,552.03,bajra
89.73,49.92,43.42,27.86,82.61,6.63,1303.3,rice
32.81,26.82,81.33,28.99,90.47,6.76,2541.48,coconut
86.86,51.58,42.69,23.15,61.45,6.92,411.9,wheat
50.54,27.82,110.72,32.52,78.71,5.45,3321.39,coconut
147.97,89.19,175.82,35.82,67.79,7.53,832.67,banana
81.14,44.38,47.88,19.41,58.7,6.7,462.53,maize
104.64,48.82,78.53,30.64,61.82,7.62,910.29,tomato
89.37,58.44,30.17,16.56,59.64,6.73,649.97,wheat
79.86,50.51,34.3,18.62,50.23,6.77,548.78,maize
55.23,40.51,77.83,30.33,59.06,7.47,675.23,pomegranate
31.09,55.77,38.06,35.02,65.72,6.8,757.81,groundnut
91.97,60.57,50.69,26.43,86.65,7.16,3360.43,rice
124.76,52.88,52.04,27.37,51.03,5.77,635.46,maize
97.98,54.71,39.89,32.01,76.06,6.19,2306.63,rice
45.3,80.41,163.93,31.55,49.8,7.53,802.86,grapes
30.01,16.25,53.93,29.7,63.03,6.03,3726.32,mango
67.58,43.29,54.23,31.89,64.19,7.54,827.26,sweet_lime
52.16,15.51,44.5,22.25,75.57,6.4,3724.52,mango
88.0,80.39,76.69,22.58,76.82,6.97,632.97,tomato
39.27,28.23,53.82,29.11,80.0,6.12,2628.57,mango
133.1,81.89,99.66,24.8,69.65,6.89,1523.13,banana
130.33,40.23,21.43,30.21,52.44,7.52,756.86,cotton
166.5,86.43,142.13,35.03,65.99,7.63,1410.23,banana
31.93,52.07,67.48,24.1,36.58,8.36,438.56,chickpea
123.77,73.72,92.86,20.58,56.13,6.47,723.08,tomato
43.54,24.1,22.89,28.96,82.53,5.15,3356.26,ragi
44.75,57.52,44.43,29.53,50.29,7.3,892.29,groundnut
91.63,51.35,46.71,20.75,58.21,7.06,724.5,maize
55.03,29.59,40.59,27.32,60.18,8.19,644.58,sweet_lime
97.05,64.33,31.52,22.53,35.75,7.02,762.65,wheat
43.03,35.96,70.93,29.76,80.84,6.99,1891.67,coconut
33.23,72.91,31.01,31.35,50.13,7.58,682.54,soybean
199.59,68.26,133.6,27.32,56.18,8.21,2325.41,sugarcane
40.9,53.34,16.89,31.45,41.54,8.1,779.12,pigeonpeas
82.03,60.25,38.82,26.93,55.33,6.75,429.54,wheat
78.0,20.86,40.82,27.76,36.08,6.69,548.36,bajra
21.5,69.17,40.79,28.55,75.85,7.45,987.06,soybean
35.64,81.51,17.95,27.16,46.71,6.12,627.02,pigeonpeas
48.15,44.06,20.98,28.51,67.62,6.31,844.71,soybean
19.18,21.21,40.75,23.16,88.26,6.21,2096.65,mango
196.99,72.72,97.93,26.08,85.72,6.55,1225.44,sugarcane
61.17,28.56,24.58,39.06,54.43,8.34,414.11,sorghum
45.4,19.9,35.7,36.0,75.04,6.23,3008.27,mango
121.21,52.47,19.47,37.4,63.41,6.84,1108.6,cotton
72.79,32.48,48.96,31.22,36.09,7.76,418.8,sorghum
49.0,26.5,46.27,30.73,50.38,6.97,699.91,sweet_lime
53.32,37.02,51.38,27.48,70.77,7.51,868.68,orange
94.88,33.54,44.03,31.49,44.63,7.95,748.59,sorghum
46.66,26.07,38.49,27.36,46.69,6.93,412.11,bajra
51.14,20.77,39.03,26.51,83.33,5.77,3557.73,cashew
57.39,28.17,106.3,26.04,68.87,5.94,1784.9,coconut
259.82,71.44,95.53,22.61,56.78,7.95,1350.19,sugarcane
54.64,45.33,78.38,28.01,31.91,6.63,437.22,pomegranate
57.6,40.25,28.98,31.04,88.24,6.16,1537.75,ragi
60.72,27.46,120.13,33.1,80.71,5.63,2925.08,coconut
72.17,31.4,39.01,27.73,39.27,8.26,841.92,sorghum
61.19,32.71,24.64,24.25,42.02,6.41,323.33,bajra
90.97,59.48,51.03,13.6,46.57,6.64,534.67,wheat
145.75,33.95,30.54,33.33,45.97,8.68,768.69,cotton
87.33,51.01,25.3,26.04,64.96,7.79,750.03,sorghum
77.8,60.74,36.5,17.83,51.47,6.68,789.23,wheat
40.46,19.36,38.33,35.4,63.25,7.94,1175.87,orange
70.9,44.75,44.71,31.59,73.94,6.63,1716.01,rice
39.51,55.09,22.2,32.63,43.0,7.95,800.83,pigeonpeas
29.78,38.85,29.27,28.62,62.99,5.32,3082.1,ragi
83.23,65.0,37.63,30.26,58.72,7.12,682.43,maize
30.55,111.0,158.52,23.43,65.19,7.81,505.07,grapes
37.93,22.35,33.13,33.9,47.86,7.71,1140.96,orange
43.26,55.03,75.02,21.4,38.49,6.72,452.34,chickpea
31.24,80.28,142.0,34.92,50.13,7.46,553.92,grapes
102.25,48.92,49.25,24.82,65.97,7.39,666.66,onion
108.82,56.55,58.28,30.49,49.95,7.28,540.19,tomato
46.78,16.32,44.34,24.12,86.66,6.61,3778.86,mango
47.12,38.16,42.1,20.14,54.95,8.25,608.12,pomegranate
62.57,43.94,31.86,37.3,48.1,7.56,857.39,orange
131.78,54.04,111.98,39.43,81.71,6.01,1400.84,banana
26.75,36.39,61.23,35.63,30.82,7.24,463.89,pomegranate
26.21,51.17,32.68,32.97,72.18,6.73,757.75,groundnut
31.1,80.5,21.98,35.57,52.54,7.82,781.42,pigeonpeas
29.06,79.41,19.64,33.06,65.61,7.12,810.68,soybean
25.62,82.52,113.11,27.65,51.51,7.59,862.59,grapes
40.29,21.53,60.49,28.89,55.21,6.87,1150.95,orange
46.77,28.54,57.95,38.84,57.32,7.72,962.36,orange
25.81,85.18,186.01,23.81,39.0,7.18,693.02,grapes
57.43,20.61,62.49,33.41,42.08,7.15,762.67,orange
60.85,42.14,33.15,24.22,77.8,5.74,1351.98,ragi
44.84,47.62,48.05,34.1,70.78,6.41,484.97,groundnut
104.05,42.92,46.06,29.49,48.8,6.33,835.17,onion
33.5,37.86,88.88,24.5,72.36,5.4,1642.04,coconut
46.83,45.7,43.48,30.84,54.62,7.05,516.29,groundnut
47.45,61.17,30.84,38.03,39.0,6.47,1056.49,pigeonpeas
70.5,47.25,40.44,39.12,44.2,7.41,422.08,sorghum
41.58,36.21,46.72,23.93,59.36,6.99,1045.43,orange
37.05,120.3,126.16,33.45,67.17,6.95,812.52,grapes
112.54,60.03,45.16,19.18,51.42,8.01,415.64,wheat
83.93,44.18,22.16,34.21,29.2,6.66,515.76,bajra
39.98,31.06,70.32,27.46,40.16,6.9,748.08,pomegranate
90.43,43.95,40.95,23.89,63.15,6.91,630.55,wheat
37.35,47.37,24.17,25.83,61.66,6.65,912.6,pigeonpeas
40.18,25.31,79.23,26.14,40.62,6.9,808.03,pomegranate
108.03,51.62,100.89,20.3,75.91,6.3,846.33,tomato
39.57,51.44,53.48,20.85,34.73,8.21,578.38,chickpea
44.62,30.54,64.88,30.54,44.2,6.57,994.7,sweet_lime
77.72,50.21,43.81,30.52,92.33,6.58,3524.72,rice
81.98,48.05,33.74,29.04,78.78,5.97,2763.06,rice
45.16,40.08,85.53,24.28,71.49,6.35,3336.69,coconut
204.35,59.88,155.54,38.04,73.93,7.32,991.41,banana
57.79,25.53,76.67,30.89,84.33,7.15,1420.98,coconut
85.14,66.43,54.91,24.92,58.71,6.16,635.12,maize
212.87,87.99,134.77,22.96,82.21,6.6,984.18,sugarcane
44.61,58.8,19.64,38.36,47.85,8.15,880.09,pigeonpeas
28.97,35.42,40.78,33.14,64.39,7.59,1082.12,orange
49.42,18.94,29.01,26.0,86.66,5.92,3051.5,mango
50.11,33.61,100.02,34.14,83.46,7.56,3698.66,coconut
121.8,72.15,26.2,39.37,73.84,7.94,879.33,cotton
122.82,38.22,20.34,24.16,64.36,7.96,1020.97,cotton
168.87,97.34,128.98,29.98,56.13,7.04,1223.1,sugarcane
29.37,34.32,34.86,32.17,76.2,5.13,2830.51,ragi
52.4,37.69,99.07,24.97,89.41,6.15,2617.7,coconut
85.88,66.28,28.84,29.88,64.1,5.81,519.37,maize
126.64,72.68,35.6,27.77,48.53,8.39,614.87,cotton
137.79,60.43,47.16,31.05,56.87,6.01,540.63,maize
34.46,32.03,43.25,23.88,72.3,5.51,3304.46,mango
40.12,47.14,29.67,27.07,71.96,6.39,1040.81,orange
32.18,19.67,33.45,26.25,76.07,6.09,2889.7,cashew
45.8,35.8,60.78,29.04,44.52,7.73,788.55,sweet_lime
195.49,69.68,130.27,32.89,78.37,6.51,1971.7,sugarcane
150.3,58.86,80.88,27.44,83.78,7.62,1997.84,sugarcane
107.39,62.31,41.07,31.35,85.95,7.04,3779.19,rice
32.41,76.53,62.64,15.37,26.48,7.48,522.91,chickpea
141.39,94.09,110.72,36.92,68.88,6.73,1345.68,banana
234.81,74.82,130.7,34.29,55.56,6.59,911.12,sugarcane
84.42,59.64,47.78,24.06,40.53,7.17,453.11,wheat
25.85,39.91,62.97,19.33,65.68,8.15,1018.33,orange
33.76,33.03,76.45,20.11,55.71,7.51,649.55,pomegranate
62.73,22.8,20.28,21.52,89.48,5.69,2940.83,ragi
39.14,21.4,58.85,19.63,60.59,7.26,581.24,pomegranate
35.06,31.23,58.15,21.2,80.83,6.0,3590.37,mango
123.3,58.23,39.88,36.48,47.43,6.98,619.65,cotton
109.81,48.4,51.17,31.82,63.59,7.49,553.27,onion
56.92,25.6,70.03,19.87,33.91,6.79,450.87,pomegranate
46.52,122.58,159.25,34.63,68.17,7.71,657.63,grapes
99.35,37.6,54.69,25.72,51.45,7.23,584.36,maize
91.71,58.36,61.53,30.3,64.43,6.93,579.86,tomato
144.4,61.11,27.83,26.58,41.69,8.48,1139.41,cotton
88.68,41.55,54.21,18.01,63.33,6.9,664.32,maize
67.38,43.95,20.5,24.27,53.12,6.89,387.39,bajra
107.54,50.27,43.9,32.61,73.52,6.02,2503.87,rice
53.29,40.94,46.83,23.74,70.07,7.7,983.68,orange
146.78,60.2,95.8,33.49,68.17,8.23,1770.25,sugarcane
47.42,24.51,23.72,33.09,68.79,6.01,2693.31,cashew
110.69,33.57,47.48,31.62,84.05,5.51,1579.17,rice
89.51,43.54,53.63,29.41,77.63,7.41,2650.99,rice
90.98,50.55,47.21,20.13,61.42,6.83,455.67,wheat
60.58,19.65,113.02,24.93,81.63,6.0,3222.72,coconut
142.95,82.36,80.08,18.86,65.44,6.38,932.69,tomato
74.12,39.55,57.35,22.32,58.48,6.54,878.99,onion
127.01,62.21,38.51,26.55,67.94,5.96,825.51,maize
35.78,69.95,70.08,24.3,37.81,6.33,514.13,chickpea
51.43,28.39,28.95,33.39,74.04,5.38,2466.65,cashew
188.83,47.62,119.22,30.75,85.47,6.35,1291.51,banana
34.95,66.91,48.45,19.33,17.43,6.39,531.05,chickpea
46.45,50.11,54.15,25.34,36.22,7.74,754.04,chickpea
115.67,61.12,138.94,24.96,64.23,6.18,1313.1,banana
33.82,21.8,113.18,31.6,71.42,6.14,1678.46,coconut
142.38,74.03,97.5,38.01,61.51,6.57,1486.38,sugarcane
64.65,50.35,47.15,21.15,65.5,7.66,517.9,onion
20.58,50.27,47.19,16.6,35.45,8.51,711.37,chickpea
129.54,75.78,57.64,18.93,67.36,6.85,783.02,tomato
38.64,81.4,178.58,30.88,60.54,7.2,790.42,grapes
143.82,56.58,24.88,23.69,68.57,7.35,835.19,cotton
31.93,22.71,25.73,31.57,89.42,6.65,2292.12,ragi
57.16,34.61,64.48,34.82,64.26,7.37,585.62,pomegranate
36.33,56.78,63.13,15.75,38.82,7.49,569.53,chickpea
103.63,38.84,55.31,28.31,52.54,6.55,666.85,maize
88.43,52.2,32.01,21.61,65.93,6.94,775.7,wheat
81.08,67.97,40.25,24.22,54.99,6.83,409.77,wheat
51.67,27.32,32.75,38.75,48.17,6.64,548.93,bajra
139.05,76.68,61.15,22.89,72.18,5.88,1002.64,tomato
39.9,49.17,25.34,31.78,61.95,6.6,627.75,soybean
102.89,66.28,39.46,26.03,60.44,7.57,607.41,wheat
25.82,109.03,164.29,13.66,53.9,6.96,826.95,grapes
36.51,40.53,25.22,23.63,86.99,5.52,1913.67,ragi
103.92,41.32,34.18,16.66,57.13,7.36,728.32,wheat
60.2,47.36,34.22,28.23,47.88,6.37,599.42,sweet_lime
124.5,52.0,39.46,17.75,58.18,8.01,760.65,wheat
54.32,25.64,20.59,31.28,68.3,5.1,1544.8,ragi
30.38,117.8,114.59,23.27,51.84,7.06,792.35,grapes
43.52,37.67,36.41,24.59,60.03,8.46,631.31,bajra
21.34,73.66,32.75,33.86,44.7,6.37,871.87,groundnut
147.22,55.69,19.6,34.53,70.35,6.69,704.76,cotton
43.32,73.1,55.66,23.21,23.14,7.87,512.7,chickpea
31.29,20.45,30.93,29.72,62.65,5.46,2962.29,mango
30.26,48.92,30.02,24.04,54.45,7.48,611.99,soybean
47.98,36.15,49.72,38.04,71.1,6.47,769.34,orange
52.94,24.06,54.02,26.1,57.03,6.6,988.54,sweet_lime
60.12,23.68,53.17,23.08,57.66,7.43,1035.29,orange
45.05,43.75,34.65,30.09,60.7,7.15,760.79,orange
33.52,50.15,19.93,22.03,68.73,6.59,621.68,soybean
21.33,60.1,49.41,21.17,64.46,7.13,534.81,groundnut
21.23,64.74,24.18,30.88,60.06,7.75,731.5,soybean
76.62,37.58,37.66,31.04,36.06,7.93,592.09,sorghum
19.81,52.23,32.86,30.1,61.18,8.25,673.82,pigeonpeas
119.58,60.5,37.35,14.66,46.21,7.5,750.26,wheat
129.17,40.84,14.44,35.39,53.45,6.81,1111.86,cotton
81.49,41.46,43.4,24.66,41.69,6.62,750.04,wheat
37.99,31.45,64.19,22.62,50.09,6.77,920.97,sweet_lime
95.69,55.79,26.21,27.47,54.06,7.26,625.02,cotton
25.17,25.0,55.02,26.13,83.83,5.44,2624.69,mango
33.39,23.7,28.2,25.25,71.07,7.08,2985.9,mango
183.03,91.6,85.83,31.62,58.34,7.19,1816.71,sugarcane
112.95,49.38,28.76,27.62,72.81,7.07,684.37,maize
25.25,15.02,25.21,31.4,77.5,5.58,3724.89,cashew
19.06,85.72,117.33,16.47,54.63,6.45,729.47,grapes
33.65,69.54,78.85,18.47,26.08,6.81,411.61,chickpea
25.97,74.21,62.27,18.87,17.99,7.58,533.63,chickpea
38.55,27.83,74.87,19.47,43.56,7.66,789.02,pomegranate
129.82,68.61,25.94,27.32,70.32,7.96,1019.29,cotton
93.79,55.7,35.44,24.08,46.9,6.57,511.13,wheat
116.2,36.94,56.81,25.68,87.48,6.3,3382.47,rice
80.16,44.38,49.42,21.37,64.1,6.94,665.9,wheat
31.28,32.68,38.65,25.1,63.66,6.3,2590.98,ragi
47.22,45.7,37.4,33.94,66.32,7.91,806.05,sweet_lime
48.13,19.1,31.22,27.97,90.24,6.55,3758.85,mango
133.0,73.57,103.21,33.22,71.7,5.98,711.03,tomato
30.44,22.89,61.62,29.5,50.18,6.92,649.48,sweet_lime
48.84,31.32,82.31,25.66,76.21,6.85,3008.56,coconut
37.12,22.8,25.73,31.15,71.89,6.42,2598.88,ragi
80.79,30.89,33.74,35.49,62.07,7.17,655.34,bajra
45.54,46.86,63.14,25.53,57.95,6.74,627.88,pomegranate
105.9,55.35,54.92,25.36,65.86,7.27,579.05,maize
128.51,82.52,106.68,32.95,75.88,7.3,815.02,tomato
130.66,90.76,173.81,39.06,79.14,7.91,1372.24,banana
44.55,19.0,28.5,28.29,88.27,6.2,1653.45,ragi
61.86,21.72,104.76,35.29,86.5,6.21,1867.13,coconut
85.48,63.59,53.14,22.14,89.49,6.69,3264.6,rice
189.3,94.46,127.57,34.74,61.36,8.36,1049.03,sugarcane
54.36,36.07,113.73,25.21,90.88,6.09,2314.04,coconut
32.29,47.91,36.08,24.68,53.65,6.14,594.43,pigeonpeas
32.36,31.88,19.9,29.54,75.27,5.52,1900.38,ragi
126.62,54.77,47.06,29.07,61.9,6.02,590.2,maize
62.37,32.85,26.98,31.88,53.76,7.09,499.21,sorghum
42.28,44.6,34.54,21.94,56.98,6.68,971.89,soybean
41.52,15.33,32.58,24.92,89.82,5.71,2740.43,mango
33.23,22.39,47.72,32.7,79.89,5.65,3291.57,mango
77.05,38.28,38.34,29.89,59.22,6.38,501.43,bajra
48.08,39.76,79.79,34.82,78.43,7.11,3752.24,coconut
47.77,42.44,34.47,22.29,46.5,7.21,1015.22,sweet_lime
36.7,20.28,40.61,27.3,88.04,6.37,3874.63,cashew
150.98,66.51,29.98,38.33,65.77,7.73,758.71,cotton
42.05,25.89,44.03,33.87,57.5,6.56,857.55,sweet_lime
57.56,47.59,57.57,32.03,57.47,7.41,790.97,sweet_lime
40.39,60.19,36.41,32.45,67.31,6.41,930.72,pigeonpeas
35.77,58.56,49.0,22.21,48.5,7.54,833.94,groundnut
24.55,48.85,58.32,23.49,21.95,8.13,594.57,chickpea
98.9,53.34,54.07,17.85,57.84,6.82,637.34,maize
248.73,66.59,99.22,27.29,56.55,6.74,2343.86,sugarcane
37.23,26.02,123.72,30.95,89.98,6.8,2570.17,coconut
22.48,18.36,40.06,22.0,65.46,6.87,2584.87,mango
116.24,65.19,28.87,26.67,45.33,7.0,774.45,wheat
51.41,43.55,79.08,38.66,64.68,8.22,724.65,pomegranate
194.38,93.73,141.44,35.65,78.22,6.06,786.91,banana
52.37,107.32,148.0,14.18,55.17,7.41,705.63,grapes
38.16,28.6,34.24,26.55,60.79,5.59,2066.39,cashew
19.58,92.19,170.2,34.49,47.51,6.65,709.73,grapes
29.28,72.67,35.68,35.51,51.85,6.95,837.36,pigeonpeas
20.33,60.95,36.53,27.68,49.12,7.67,957.91,pigeonpeas
85.81,43.46,41.03,21.78,49.56,6.19,510.49,onion
45.69,22.11,54.9,33.73,66.14,6.08,1890.17,mango
42.74,65.44,60.06,19.35,34.27,6.87,648.13,chickpea
110.89,58.79,32.55,23.94,52.43,6.2,687.97,maize
78.89,35.44,40.24,34.1,74.69,7.61,3486.8,rice
52.84,38.89,29.66,25.71,53.9,7.82,601.92,bajra
106.07,45.94,54.55,22.46,67.53,7.06,640.17,maize
34.59,64.38,35.87,30.42,66.54,6.78,634.13,groundnut
51.19,42.15,79.45,35.26,92.08,6.02,3404.35,coconut
45.21,45.91,55.18,33.94,71.43,7.28,834.32,groundnut
87.2,50.66,41.3,28.33,74.04,5.79,882.48,maize
18.96,48.75,34.75,33.66,53.58,6.46,869.44,groundnut
37.72,28.09,36.2,23.91,70.7,6.6,3255.55,ragi
259.92,100.53,101.83,24.14,57.85,7.34,2069.37,sugarcane
64.0,37.78,67.01,27.23,39.36,7.78,634.98,sweet_lime
26.13,69.5,21.92,37.76,60.95,6.81,930.45,pigeonpeas
18.8,76.41,20.47,39.15,67.94,6.8,938.15,pigeonpeas
47.04,41.49,52.98,24.14,60.85,7.84,808.25,sweet_lime
131.57,67.85,161.41,37.18,75.11,7.62,976.25,banana
124.57,68.17,33.3,23.18,38.66,6.8,669.56,wheat
147.07,39.11,22.88,25.17,72.59,7.17,1025.48,cotton
25.49,45.57,54.34,20.76,28.59,6.16,641.64,chickpea
50.15,38.22,39.17,33.29,58.84,7.87,1000.49,soybean
151.83,50.82,22.67,36.71,69.52,7.2,992.73,cotton
46.59,56.65,61.76,19.87,25.73,6.83,721.41,chickpea
47.38,84.6,182.75,23.97,40.71,7.72,823.34,grapes
30.6,39.04,126.55,32.74,67.78,6.06,2912.74,coconut
87.4,39.95,57.7,32.01,51.85,6.9,560.32,onion
22.97,67.09,37.05,25.26,54.72,7.36,844.47,groundnut
54.16,41.46,43.99,32.41,64.44,7.93,637.53,sweet_lime
30.35,35.98,23.34,22.26,89.32,5.24,2181.73,ragi
92.07,49.17,35.34,33.48,52.69,7.84,462.58,sorghum
27.72,58.43,31.58,26.8,42.32,8.19,706.26,pigeonpeas
194.53,60.32,81.72,31.98,75.44,8.22,1252.14,sugarcane
35.9,65.9,22.89,30.05,62.04,7.45,1104.48,pigeonpeas
74.36,38.61,21.1,25.24,53.19,6.49,586.91,bajra
28.32,21.56,56.55,30.9,69.72,8.33,984.7,sweet_lime
18.57,76.6,20.14,30.59,52.35,7.78,600.46,pigeonpeas
53.19,24.23,53.88,22.96,62.51,8.45,751.33,pomegranate
67.75,46.9,40.47,32.35,61.05,7.85,646.87,sweet_lime
87.22,53.93,39.8,33.02,65.97,5.79,758.7,maize
121.24,81.3,74.05,30.45,54.47,6.4,570.88,tomato
84.39,23.69,30.34,37.24,32.47,8.62,677.1,bajra
124.94,76.57,122.23,35.78,88.08,6.52,1184.61,banana
29.3,41.08,76.6,27.91,43.04,8.0,612.02,pomegranate
39.56,112.34,119.23,28.31,44.46,6.73,631.0,grapes
127.09,56.6,38.1,17.49,48.48,7.15,884.43,maize
76.68,68.34,63.67,25.89,55.1,7.82,638.86,onion
215.07,79.98,132.9,21.51,79.56,6.61,1029.53,sugarcane
49.68,41.54,32.46,23.54,70.94,6.41,1376.96,ragi
33.75,28.17,51.05,23.05,39.9,7.55,764.96,pomegranate
71.47,59.57,53.39,25.48,51.63,7.27,651.87,onion
40.85,15.1,34.32,34.26,75.78,5.72,1953.55,mango
39.54,28.86,68.47,38.65,60.78,8.09,964.13,sweet_lime
46.52,41.52,64.17,27.24,59.25,7.51,761.56,pomegranate
18.54,58.8,21.97,29.95,42.99,7.06,992.17,pigeonpeas
61.01,22.92,101.53,34.5,79.31,7.48,3093.07,coconut
45.84,18.93,62.49,35.38,39.92,8.31,894.77,sweet_lime
35.65,46.7,60.48,36.32,54.41,7.36,713.91,pomegranate
22.89,74.09,77.89,24.57,33.89,6.95,373.2,chickpea
50.07,84.85,163.8,19.52,45.14,8.15,556.57,grapes
84.4,49.49,39.54,16.41,44.38,7.94,403.92,wheat
58.46,26.36,29.32,31.22,69.03,6.51,1111.26,orange
22.88,51.63,23.8,29.54,72.25,7.09,973.69,pigeonpeas
28.97,37.97,31.19,34.67,73.93,6.22,1033.39,soybean
76.91,62.5,30.5,17.34,62.61,7.67,398.97,wheat
56.73,36.46,41.74,27.64,56.3,8.41,721.64,pomegranate
39.74,39.58,63.61,34.51,84.14,6.5,3754.37,coconut
32.33,54.36,56.57,34.6,51.91,7.01,593.3,groundnut
25.39,50.49,62.76,22.56,28.78,7.58,794.54,chickpea
36.84,32.04,41.89,29.44,76.29,6.5,2738.99,mango
55.41,22.99,44.1,29.81,69.31,7.61,868.97,sweet_lime
76.43,43.68,24.37,38.07,61.5,8.65,325.22,bajra
44.75,28.64,37.71,23.3,86.44,6.13,2901.4,ragi
69.92,51.87,46.38,25.72,47.69,6.85,691.96,sorghum
78.74,49.72,46.77,29.57,53.48,7.46,509.72,onion
100.13,61.9,78.13,26.53,56.01,6.25,587.06,tomato
33.43,31.52,54.49,39.47,64.94,8.14,759.8,orange
48.97,42.21,19.14,26.84,83.3,5.58,1709.02,ragi
229.8,76.35,137.17,27.17,80.38,6.53,2295.38,sugarcane
113.52,39.37,33.98,21.5,67.39,6.99,619.6,wheat
83.26,46.53,39.96,29.72,58.54,6.95,622.67,bajra
117.72,55.37,49.22,24.31,58.28,7.52,461.36,maize
151.12,44.36,27.34,33.06,46.19,7.5,990.98,cotton
115.0,41.85,33.46,25.65,50.64,7.41,545.62,wheat
52.92,29.32,25.43,24.7,36.87,8.27,470.67,sorghum
45.04,59.48,47.22,22.24,57.0,6.2,734.37,groundnut
97.81,79.93,58.57,31.98,73.41,7.19,957.05,tomato
23.5,83.3,171.0,14.48,54.87,6.54,548.17,grapes
45.93,65.97,41.06,29.26,54.6,6.33,1096.09,soybean
26.31,28.19,28.64,25.33,79.47,6.05,3624.57,mango
32.34,47.53,62.86,18.11,28.89,7.25,507.94,chickpea
140.98,37.06,18.64,33.98,64.34,7.9,1124.65,cotton
54.21,21.02,70.06,27.68,62.8,7.29,542.76,pomegranate
25.02,38.21,38.93,24.54,68.97,6.18,835.72,groundnut
45.55,23.04,74.37,30.1,88.9,6.44,3240.3,coconut
32.48,49.56,26.35,28.26,58.44,6.7,1082.4,pigeonpeas
30.85,42.19,42.21,24.54,81.8,6.6,2703.05,ragi
34.32,66.29,54.87,16.61,19.6,6.65,479.29,chickpea
22.79,17.87,36.18,29.47,66.9,6.19,1727.67,cashew
130.96,51.51,29.3,30.96,47.3,7.44,743.1,cotton
140.08,48.26,27.39,27.52,59.93,6.93,1113.25,cotton
183.88,75.13,130.17,35.43,66.28,6.61,1401.32,banana
32.22,25.52,54.19,19.21,44.7,8.05,881.21,orange
112.23,47.24,42.41,23.3,86.96,6.25,1721.32,rice
32.15,29.39,55.62,36.56,41.64,7.95,1000.53,orange
50.34,21.04,22.96,22.61,77.1,6.26,1775.25,cashew
35.13,19.13,34.83,24.73,73.44,6.28,3418.1,mango
88.38,61.18,54.66,22.75,65.51,6.12,616.48,maize
94.94,45.49,28.61,30.13,39.61,6.88,597.33,sorghum
54.84,36.58,101.9,24.95,69.86,7.19,3334.13,coconut
85.65,50.02,93.13,21.82,74.43,7.02,880.54,tomato
33.96,118.21,171.53,33.7,57.14,7.27,595.69,grapes
259.19,72.5,95.48,39.14,63.72,7.88,2193.95,sugarcane
97.86,38.5,37.2,29.33,82.18,5.64,2423.23,rice
46.33,74.62,37.31,24.57,51.9,7.37,829.23,soybean
24.51,25.24,79.33,31.37,53.08,7.47,534.33,pomegranate
38.05,26.82,86.72,35.01,91.79,6.06,2348.19,coconut
46.87,42.79,36.24,38.1,41.19,7.35,952.28,orange
29.71,16.5,30.0,31.79,76.27,6.11,3681.8,cashew
115.64,55.47,183.55,38.4,66.37,6.02,1606.51,banana
106.02,84.16,79.05,31.52,74.91,6.62,740.89,tomato
101.22,63.22,32.95,19.81,57.79,6.78,843.67,maize
57.56,24.06,31.61,25.55,85.69,6.77,2018.16,ragi
44.72,58.58,17.68,23.3,40.6,7.21,688.01,pigeonpeas
22.49,49.51,31.09,22.58,53.9,6.24,750.57,soybean
20.81,30.65,28.83,28.55,78.03,5.59,1851.83,cashew
33.61,79.4,36.0,27.98,67.1,7.97,582.28,pigeonpeas
39.11,33.88,47.39,23.7,86.13,6.98,1892.64,mango
35.12,67.75,28.7,32.1,63.72,5.9,972.98,pigeonpeas
93.43,57.92,63.17,26.94,68.97,7.59,1006.66,tomato
54.9,41.49,85.52,23.92,75.6,7.4,2808.27,coconut
62.74,47.06,35.52,22.4,54.69,7.79,959.07,sweet_lime
24.92,60.57,41.87,31.83,50.9,6.19,886.92,groundnut
55.14,42.48,53.96,36.68,42.73,6.81,947.67,orange
24.08,65.99,23.35,30.35,54.89,6.18,613.16,soybean
26.43,24.31,32.18,34.08,84.33,6.14,3457.15,mango
97.47,49.5,27.74,26.16,63.21,7.34,689.17,sorghum
85.77,67.45,48.89,27.6,45.97,7.65,544.07,onion
246.11,97.56,97.18,38.51,81.78,6.4,2373.38,sugarcane
76.57,38.7,42.66,25.18,65.36,7.92,390.29,wheat
163.86,80.01,102.3,28.2,55.12,7.0,2076.79,sugarcane
84.55,36.45,32.64,36.73,54.89,7.35,535.78,bajra
48.71,29.28,63.14,29.44,42.46,6.63,823.52,sweet_lime
137.61,44.55,29.06,34.38,43.36,8.13,604.01,cotton
67.9,59.75,53.66,26.49,87.66,5.64,2581.52,rice
42.27,25.22,73.96,24.0,60.83,7.2,458.81,pomegranate
80.65,47.31,27.67,32.49,59.12,6.76,650.31,sorghum
140.31,49.18,127.7,31.17,67.33,6.3,1365.11,banana
40.87,39.12,111.47,28.24,83.49,5.86,3436.14,coconut
22.68,112.48,168.95,19.16,47.32,7.34,723.2,grapes
31.72,22.47,38.81,34.73,85.28,6.59,2789.58,cashew
33.22,76.82,76.69,18.46,17.85,6.13,598.4,chickpea
68.18,38.3,66.77,32.55,53.5,7.72,696.39,onion
34.72,68.82,20.75,38.28,49.05,6.93,1048.61,pigeonpeas
42.21,38.69,43.62,27.33,47.77,6.92,867.19,groundnut
23.01,43.32,39.81,27.87,65.23,6.74,739.78,soybean
105.2,39.37,62.99,30.08,67.81,6.01,662.48,onion
34.44,77.4,72.24,18.83,39.31,7.72,441.56,chickpea
31.55,37.26,70.98,33.95,65.96,6.4,642.82,pomegranate
127.09,53.5,69.48,31.57,57.82,6.46,944.23,tomato
57.06,43.42,63.55,30.22,69.69,5.99,754.95,onion
26.96,22.3,40.41,29.18,54.42,7.71,732.6,pomegranate
21.43,97.77,141.22,26.5,57.05,7.14,520.09,grapes
37.23,33.78,35.17,24.71,69.06,7.8,614.35,sweet_lime
240.04,94.94,102.77,35.55,72.75,7.39,1178.27,sugarcane
25.96,75.05,35.74,32.63,40.99,6.47,649.84,pigeonpeas
37.2,82.23,132.44,16.15,49.4,7.48,569.44,grapes
107.52,47.49,36.93,25.95,68.97,6.81,1021.08,cotton
37.99,17.0,37.91,24.78,73.71,6.92,1956.98,mango
34.28,116.57,172.54,16.68,54.64,6.8,831.99,grapes
115.6,49.07,52.36,34.83,87.23,5.53,2089.47,rice
22.36,72.07,33.75,35.6,42.71,6.2,1087.46,pigeonpeas
37.96,20.7,22.94,35.24,70.08,5.39,3608.49,cashew
82.52,60.55,49.04,25.29,77.02,7.16,2868.37,rice
29.44,29.23,49.11,36.08,85.17,6.07,3626.47,mango
111.91,39.3,32.7,23.48,63.84,7.28,830.18,maize
27.95,62.13,18.22,29.74,40.9,6.29,959.6,pigeonpeas
42.38,53.22,30.07,28.61,72.4,6.93,764.41,groundnut
95.57,65.11,51.82,26.09,58.83,6.96,730.9,maize
66.12,42.8,36.5,26.69,39.53,7.75,514.13,bajra
77.75,40.73,42.26,14.06,54.32,7.14,796.27,wheat
143.77,65.59,38.67,34.53,48.86,7.64,1045.98,cotton
233.87,68.53,104.43,32.47,85.45,7.57,1666.46,sugarcane
210.55,94.51,143.46,35.31,58.3,7.85,766.14,banana
49.0,37.21,38.48,21.18,89.31,6.61,1183.43,ragi
19.43,117.18,177.91,14.04,39.48,7.36,727.28,grapes
132.83,56.66,104.86,27.65,73.79,7.52,1453.04,banana
50.88,15.76,23.33,34.45,61.67,5.58,2794.39,cashew
154.48,36.37,23.49,24.31,74.01,8.62,1033.65,cotton
45.51,48.85,34.98,25.0,47.82,6.98,652.38,groundnut
132.4,48.18,144.49,25.41,83.06,6.89,1571.14,banana
31.13,38.83,47.28,31.33,52.56,7.97,731.63,orange
145.45,51.83,29.96,27.08,51.05,8.31,712.26,cotton
100.29,48.47,44.05,35.23,81.61,5.6,2775.95,rice
29.01,39.33,34.51,23.71,67.53,6.9,518.91,groundnut
58.55,36.83,41.56,34.95,58.41,6.79,401.35,bajra
156.97,68.45,99.14,23.4,80.98,7.85,769.86,banana
27.26,71.4,33.05,38.09,48.86,6.46,759.52,pigeonpeas
34.5,28.1,53.85,30.83,70.67,8.13,972.45,orange
15.72,58.83,24.07,29.97,60.74,6.24,762.49,pigeonpeas
47.14,53.07,58.93,19.45,24.55,8.34,514.4,chickpea
48.19,123.72,127.37,27.59,68.81,7.05,591.15,grapes
55.98,29.56,29.32,35.51,58.29,8.0,1083.81,orange
108.69,43.87,55.12,22.39,72.3,5.88,703.48,maize
37.91,64.9,35.04,29.1,68.02,7.28,654.03,soybean
59.51,47.72,59.61,25.71,69.31,7.57,854.91,onion
58.28,31.66,49.31,34.9,38.9,7.91,813.05,sweet_lime
165.23,97.66,103.68,21.81,88.32,7.73,2354.88,sugarcane
30.44,78.77,77.35,19.43,17.72,7.0,653.71,chickpea
76.37,55.33,54.28,27.24,70.61,5.99,606.25,maize
52.28,38.94,40.32,21.63,44.84,6.71,651.11,pomegranate
25.51,67.51,42.96,32.36,60.7,7.92,624.55,soybean
31.86,36.85,98.36,27.3,92.44,7.0,1683.18,coconut
32.25,68.74,21.37,28.51,43.78,6.54,795.82,pigeonpeas
117.86,48.31,160.98,26.93,58.64,6.61,872.9,banana
18.32,57.89,35.02,32.45,71.36,7.28,1059.73,pigeonpeas
66.49,57.55,54.42,31.5,47.32,7.87,806.78,onion
92.86,66.17,45.87,26.73,56.31,8.14,451.69,wheat
32.43,32.56,73.34,36.5,66.6,7.84,704.79,pomegranate
102.35,51.38,43.4,18.27,45.01,6.74,477.38,wheat
54.11,34.07,33.9,38.88,65.02,8.05,563.96,sorghum
120.35,68.52,14.76,33.49,51.62,8.32,1164.45,cotton
96.46,65.67,52.75,22.84,60.85,7.52,594.68,wheat
44.74,72.7,67.73,15.59,21.62,6.17,760.39,chickpea
130.38,90.11,166.5,29.99,61.22,6.46,1464.04,banana
213.24,57.54,127.5,22.96,59.65,7.86,2041.17,sugarcane
175.84,89.72,142.69,37.8,84.17,7.72,771.57,banana
76.62,34.58,41.98,34.58,29.32,8.35,388.83,bajra
42.74,46.74,37.91,27.47,72.62,7.46,832.46,groundnut
151.16,62.94,164.3,38.16,82.15,7.13,1342.44,banana
31.89,35.67,36.57,25.65,70.95,5.55,1574.2,ragi
139.53,66.52,86.86,31.97,61.5,7.56,819.49,tomato
27.5,42.99,32.05,32.04,64.8,5.93,590.38,groundnut
55.28,35.61,44.4,23.82,35.19,7.78,423.99,sorghum
147.95,51.81,96.63,31.09,50.49,7.09,834.46,tomato
47.38,111.85,156.96,23.93,64.46,6.51,472.32,grapes
32.43,46.7,48.41,20.73,60.11,7.09,1062.8,orange
43.36,31.51,40.89,27.47,32.62,7.39,721.26,pomegranate
85.8,40.99,18.98,32.37,61.06,7.98,682.83,cotton
104.95,59.43,50.07,32.65,55.52,5.93,811.52,maize
103.05,65.47,43.2,14.42,35.62,7.8,549.18,wheat
152.29,62.06,105.75,26.1,57.52,7.85,1656.99,sugarcane
195.02,73.41,183.37,28.43,64.59,6.34,1179.23,banana
25.23,20.74,32.99,22.33,66.81,6.01,3130.17,cashew
100.34,41.02,47.61,32.82,88.06,6.91,2067.77,rice
180.43,98.15,97.87,28.87,65.1,7.91,1796.53,sugarcane
39.18,22.63,68.58,28.78,45.25,6.85,626.06,pomegranate
151.74,65.0,17.16,37.46,70.28,6.74,655.06,cotton
26.68,31.1,52.68,36.15,52.37,8.2,796.54,pomegranate
76.84,44.98,57.04,28.63,65.33,7.57,618.21,onion
101.36,59.04,74.74,27.01,77.94,6.43,581.3,tomato
47.61,92.54,155.54,13.81,39.24,7.88,470.01,grapes
35.35,20.38,35.58,29.96,86.28,6.56,3615.15,mango
48.36,22.94,32.77,28.51,88.79,5.7,3738.18,cashew
109.16,49.23,37.13,14.43,55.49,7.8,412.62,wheat
32.53,84.38,22.08,31.25,60.02,7.89,677.4,pigeonpeas
80.61,48.15,53.03,19.46,74.73,5.83,524.6,maize
33.51,23.74,104.34,34.08,91.05,5.95,2706.96,coconut
38.11,71.54,37.09,31.23,71.15,7.27,818.61,groundnut
40.49,54.16,34.11,21.34,57.74,7.62,778.8,soybean
19.81,48.67,77.16,19.6,22.08,7.63,651.66,chickpea
79.69,57.77,48.55,17.23,53.42,6.91,765.09,wheat
166.11,92.69,87.68,25.14,62.59,7.15,984.47,sugarcane
40.71,14.44,36.42,29.55,80.5,5.52,3501.69,cashew
34.21,31.62,42.07,33.54,61.31,4.9,1750.5,cashew
65.77,39.35,68.33,21.4,62.52,7.93,903.91,onion
40.48,31.09,58.64,32.56,74.61,7.42,1542.89,coconut
42.01,51.18,27.71,38.67,66.59,6.46,607.2,pigeonpeas
90.44,38.54,40.07,36.35,53.37,8.4,454.59,sorghum
93.69,73.91,18.02,30.09,70.41,7.31,1203.8,cotton
24.63,29.36,35.99,22.68,56.51,6.81,1157.56,orange
50.13,31.08,31.1,28.64,90.8,5.19,3786.46,cashew
115.3,55.4,53.9,29.47,71.88,7.19,761.13,onion
46.09,30.61,70.6,30.96,64.31,7.64,709.33,pomegranate
51.02,24.04,61.28,38.82,63.3,8.17,824.22,sweet_lime
141.05,74.06,105.47,25.77,76.11,6.11,506.05,tomato
87.05,37.06,41.75,26.59,50.21,8.26,505.35,sorghum
28.78,25.5,34.38,32.03,70.07,8.33,696.06,sweet_lime
50.1,51.87,33.87,30.7,61.0,6.17,852.47,soybean
33.18,52.53,68.57,16.08,25.05,7.35,724.22,chickpea
87.33,46.48,16.83,38.4,40.52,8.01,1183.54,cotton
36.23,23.11,37.49,26.89,87.76,6.42,2848.59,cashew
23.45,21.24,32.9,27.95,79.69,5.79,3735.06,mango
79.42,37.3,40.35,39.0,58.51,6.67,422.43,bajra
73.18,41.25,71.51,28.97,48.36,7.01,562.94,onion
26.95,52.09,71.43,17.6,37.89,8.51,559.09,chickpea
35.73,32.22,42.0,32.21,48.79,6.37,734.67,orange
99.17,66.83,44.32,14.45,56.87,7.24,373.51,wheat
116.89,47.81,41.21,19.43,57.25,7.14,780.48,wheat
39.49,78.22,169.31,29.86,72.74,7.76,830.13,grapes
85.37,67.95,44.34,32.91,58.02,6.3,695.4,onion
50.26,17.42,32.24,24.61,65.71,5.38,3315.32,cashew
108.84,59.16,33.94,23.79,40.67,7.37,601.83,wheat
141.79,68.29,77.56,23.15,60.2,6.11,513.24,tomato
30.51,17.22,30.83,32.81,83.27,5.64,2817.9,cashew
106.3,63.47,48.46,30.99,62.82,6.2,691.6,maize
88.43,64.06,26.7,30.39,64.74,8.55,1102.76,cotton
66.89,49.78,37.35,25.35,82.22,7.19,2249.28,rice
33.86,73.65,32.36,34.86,59.94,8.05,1007.8,pigeonpeas
98.18,53.43,70.63,23.85,53.54,7.46,669.57,tomato
27.5,42.75,28.38,22.69,52.61,6.71,1006.49,soybean
87.78,48.5,76.65,32.22,70.25,7.65,904.0,tomato
35.21,24.79,96.82,24.61,77.05,6.84,2392.14,coconut
126.69,63.26,33.17,20.88,52.14,8.05,748.05,wheat
54.29,31.62,36.14,29.71,63.58,6.91,652.89,sorghum
32.01,75.54,50.27,24.41,24.51,7.69,589.32,chickpea
26.17,16.88,35.64,26.8,67.46,5.32,1909.05,cashew
33.25,61.63,46.07,34.14,77.97,6.54,1046.49,soybean
47.42,100.75,146.14,25.39,38.66,6.95,481.32,grapes
86.48,48.84,24.05,36.43,57.53,6.4,527.51,sorghum
67.16,43.5,68.47,26.76,52.81,7.48,713.29,onion
43.38,44.46,31.66,31.77,58.74,6.52,712.31,groundnut
92.01,72.67,94.42,30.08,48.45,7.03,713.01,tomato
41.44,52.22,27.82,26.39,67.46,6.55,614.17,pigeonpeas
131.29,73.67,15.53,27.42,55.95,8.74,612.05,cotton
81.68,43.68,50.64,27.02,70.83,6.86,674.48,onion
49.04,30.4,42.16,37.12,56.03,7.12,456.03,pomegranate
55.72,25.69,29.17,23.45,74.79,5.73,2371.87,ragi
26.98,75.64,136.78,33.07,72.45,6.81,479.24,grapes
49.03,24.34,42.81,33.0,63.11,8.15,973.56,sweet_lime
43.79,31.62,34.37,27.58,78.29,5.76,3255.18,ragi
108.95,57.06,55.44,28.89,73.81,5.53,3673.23,rice
73.29,35.61,46.2,22.2,91.41,6.58,1854.51,rice
33.63,105.5,177.84,35.0,57.19,7.16,668.74,grapes
42.3,83.34,18.84,28.52,72.2,7.54,651.41,pigeonpeas
48.19,35.03,44.07,21.15,51.66,7.63,742.6,sweet_lime
39.26,45.47,47.61,26.0,59.84,6.93,989.96,sweet_lime
125.62,80.25,81.36,23.71,62.85,6.19,568.27,tomato
37.82,49.88,64.84,16.85,19.77,6.83,371.98,chickpea
86.83,52.84,42.51,19.96,56.98,7.28,438.74,wheat
34.69,38.5,42.44,34.11,59.15,7.96,449.68,pomegranate
121.09,65.31,36.88,19.68,48.89,7.46,853.32,maize
118.63,43.11,28.24,24.88,59.93,6.59,659.33,maize
120.23,47.77,51.05,20.32,43.8,7.09,722.77,wheat
32.29,48.93,43.32,21.15,59.57,7.59,837.89,soybean
43.93,30.26,56.21,25.37,85.94,7.0,3741.93,mango
33.85,32.47,22.04,26.07,65.09,6.15,2371.88,ragi
36.27,47.44,42.99,32.31,60.2,5.9,842.97,groundnut
111.38,45.21,43.44,25.57,74.86,5.99,2348.99,rice
38.85,21.35,69.65,31.62,85.1,6.7,1386.05,coconut
162.47,74.51,125.82,29.87,67.57,6.64,1363.41,banana
93.47,34.66,34.78,26.9,74.51,5.53,1993.1,rice
30.54,68.55,46.17,30.07,71.31,7.25,783.8,soybean
41.07,79.24,23.06,25.35,71.89,6.94,936.63,soybean
106.07,35.2,36.52,27.11,85.24,5.98,1946.65,rice
94.7,46.52,45.49,25.73,80.47,5.75,1598.76,rice
20.31,74.23,31.34,37.51,60.39,7.34,1038.6,pigeonpeas
55.48,36.35,55.4,35.51,60.29,6.54,840.44,orange
125.85,63.62,114.88,20.37,56.83,6.09,726.34,tomato
29.08,27.1,23.28,33.24,70.89,5.83,2920.57,ragi
83.92,38.43,35.17,24.55,45.57,7.53,708.74,wheat
136.23,34.77,36.87,32.81,58.68,6.79,940.88,cotton
44.4,34.65,85.34,25.43,68.72,5.58,2990.9,coconut
50.56,36.8,24.28,37.69,41.96,7.61,560.52,bajra
32.66,35.63,45.44,27.09,68.27,6.49,1995.92,mango
47.98,36.19,72.73,29.7,54.82,6.66,760.15,pomegranate
27.78,21.43,55.32,31.67,90.81,7.09,2556.38,mango
46.1,111.54,148.49,24.27,50.78,6.99,661.33,grapes
46.04,72.8,20.01,23.99,39.58,6.78,1009.87,pigeonpeas
53.98,37.29,63.03,19.2,41.33,7.97,819.22,orange
94.52,58.75,27.15,32.89,61.63,8.0,1013.9,cotton
70.01,44.57,23.87,30.83,54.03,7.61,544.41,bajra
26.02,81.22,15.52,38.98,69.77,8.2,803.49,pigeonpeas
60.28,30.7,81.21,24.05,76.83,6.71,2990.93,coconut
91.47,53.76,43.52,24.87,34.11,6.97,608.01,wheat
28.2,52.69,40.24,23.47,50.55,6.63,1139.19,soybean
48.39,26.96,56.22,28.61,59.3,7.27,736.95,pomegranate
156.77,36.26,23.97,28.24,41.38,8.62,647.63,cotton
152.54,94.0,151.0,27.11,58.04,7.26,1094.55,banana
36.83,26.4,35.92,21.62,74.36,4.95,1787.07,cashew
119.61,52.08,38.48,19.62,54.64,7.27,531.11,maize
73.46,50.15,36.39,23.93,75.2,5.92,2461.21,rice
33.96,40.65,35.61,28.28,65.98,6.48,747.29,soybean
42.37,26.97,24.97,37.14,49.63,8.65,434.03,bajra
103.29,61.9,70.42,21.84,51.79,6.29,804.21,tomato
49.24,77.97,22.61,34.91,62.69,7.4,963.31,soybean
22.01,52.22,37.78,30.09,61.64,7.74,1149.32,soybean
45.5,32.39,52.35,26.12,46.26,7.26,941.59,orange
21.18,33.28,40.85,32.91,63.2,5.94,2628.8,mango
25.1,57.95,28.86,25.49,69.26,6.66,601.76,soybean
39.43,39.64,58.84,28.59,65.76,7.07,416.01,pomegranate
40.03,32.44,55.01,24.63,62.68,6.77,3774.8,mango
49.91,42.25,25.75,24.66,68.24,7.77,1004.56,soybean
89.54,81.57,61.57,23.46,76.83,7.27,762.19,tomato
22.88,51.04,14.94,25.34,46.41,5.91,635.1,pigeonpeas
68.0,47.33,33.51,39.47,61.42,6.83,628.36,sweet_lime
197.17,69.3,124.61,24.65,86.6,7.22,1609.92,sugarcane
24.24,31.89,32.15,28.03,64.83,7.26,2927.13,mango
105.42,78.51,77.47,19.35,64.2,5.91,704.99,tomato
93.69,32.19,40.52,33.58,43.16,8.41,443.65,sorghum
41.54,53.33,47.55,24.72,68.01,5.92,1111.71,soybean
23.15,84.92,119.62,30.22,64.08,6.89,693.57,grapes
22.95,54.53,56.43,23.75,19.0,7.98,498.23,chickpea
26.47,112.15,180.06,22.71,42.17,6.37,721.96,grapes
40.19,65.84,30.47,29.94,63.15,7.64,551.64,groundnut
46.78,57.11,43.9,35.23,60.17,6.78,529.38,groundnut
61.8,36.16,35.42,28.27,87.01,5.56,2818.17,ragi
29.84,25.75,20.85,31.17,79.99,6.28,2453.2,ragi
111.01,58.74,53.97,26.91,47.44,6.96,555.57,onion
33.31,54.15,18.39,29.91,47.86,5.93,631.18,pigeonpeas
37.22,46.96,53.77,35.99,70.64,7.83,692.68,sweet_lime
33.62,66.01,41.38,26.53,51.76,6.37,515.9,groundnut
45.92,68.96,69.82,23.85,42.27,8.12,667.32,chickpea
24.02,62.79,38.91,23.91,44.8,6.93,690.64,groundnut
63.28,33.56,21.01,20.93,75.36,5.76,1530.77,ragi
104.39,67.82,71.54,28.22,44.27,7.68,625.61,onion
111.89,47.64,48.48,22.35,50.84,7.92,615.34,wheat
77.95,66.38,33.61,24.96,54.83,6.63,634.61,wheat
41.93,57.53,33.27,24.69,53.73,5.93,945.13,soybean
91.84,51.5,48.95,24.48,65.8,6.44,569.67,onion
77.27,50.98,26.35,30.24,57.0,6.77,436.17,sorghum
19.83,52.56,50.97,28.05,57.89,6.94,663.28,groundnut
100.75,41.73,50.85,25.1,52.65,7.36,640.81,maize
37.45,23.53,98.67,30.74,92.05,5.9,2432.64,coconut
150.87,58.51,29.45,33.75,42.86,7.72,700.34,cotton
52.19,31.79,38.66,28.71,78.47,5.1,2166.28,cashew
26.06,21.32,63.48,29.91,44.42,7.84,1140.06,orange
130.93,54.69,34.97,39.32,48.86,8.33,790.38,cotton
51.09,18.62,46.03,28.03,68.75,5.76,2809.1,mango
42.56,28.68,35.65,36.13,70.24,5.92,2981.6,cashew
72.15,36.52,54.21,25.23,82.73,7.53,3042.55,rice
56.85,24.02,54.85,34.37,57.27,6.72,434.04,pomegranate
21.98,89.96,155.91,18.03,62.14,7.47,775.95,grapes
97.53,71.33,56.4,24.96,69.19,6.87,528.95,tomato
46.27,34.34,66.02,32.54,81.99,7.47,2350.69,coconut
130.94,68.59,104.92,28.44,75.27,6.86,590.96,tomato
46.91,34.08,41.06,35.33,63.57,7.77,1172.68,orange
59.29,39.2,42.97,29.19,56.02,8.59,646.7,sorghum
24.55,36.42,31.08,32.23,49.14,7.99,1051.38,orange
32.23,27.15,39.03,29.26,71.5,5.32,1105.53,ragi
123.46,61.29,43.12,23.5,65.56,6.78,511.52,maize
134.97,51.21,111.88,18.78,71.55,7.31,644.31,tomato
146.95,79.6,94.14,25.79,53.33,7.62,2007.93,sugarcane
22.69,67.22,27.59,27.37,73.42,5.98,1123.33,soybean
105.27,44.7,34.06,26.98,65.06,7.1,716.8,cotton
154.41,94.45,171.15,37.4,81.77,7.89,1149.56,banana
108.45,43.51,32.55,25.14,42.52,7.49,659.97,wheat
34.88,14.59,50.13,27.33,84.23,5.7,2269.21,mango
33.88,27.46,93.25,33.67,85.08,7.1,2450.54,coconut
120.13,67.03,17.62,35.11,59.03,7.41,620.74,cotton
200.41,89.83,130.55,23.79,87.46,6.07,1302.61,banana
24.36,22.62,57.67,26.68,88.23,6.27,2979.99,mango
39.99,41.12,31.29,25.11,49.59,6.88,919.07,orange
210.16,85.4,92.34,22.48,54.55,7.92,1276.0,sugarcane
28.44,67.14,58.12,22.82,71.42,6.45,687.73,groundnut
34.55,44.68,54.22,32.58,62.84,7.99,705.7,orange
196.32,81.08,131.28,23.37,81.0,7.15,1485.7,sugarcane
91.36,50.42,30.53,38.52,55.48,7.22,983.26,cotton
34.37,29.69,37.43,20.75,64.7,7.15,1112.02,orange
44.07,27.62,43.83,19.56,64.18,7.54,450.25,pomegranate
209.68,82.99,111.75,31.73,78.72,6.79,1585.84,sugarcane
41.71,38.84,59.5,26.75,42.71,8.49,791.75,pomegranate
136.44,38.95,37.13,22.03,48.56,7.3,479.44,maize
130.66,67.69,34.73,20.23,71.44,6.85,492.55,maize
72.97,37.25,48.73,27.85,86.24,5.8,2167.01,rice
52.0,82.85,136.98,26.06,51.47,7.11,671.38,grapes
59.81,22.36,63.55,38.76,57.92,6.54,790.37,orange
104.43,39.58,55.95,24.23,88.79,6.63,1699.82,rice
113.03,50.95,66.29,19.35,72.02,7.22,767.76,onion
92.34,42.81,48.84,19.38,62.64,6.09,544.88,maize
113.72,54.52,37.64,24.18,74.35,5.7,635.99,maize
52.44,56.62,27.28,21.86,61.93,7.89,789.87,soybean
131.47,71.42,17.36,26.73,49.64,8.31,1181.75,cotton
114.61,72.24,90.48,27.85,54.88,6.85,779.89,tomato
53.11,30.66,29.81,38.88,69.36,6.48,937.69,orange
19.06,70.09,44.11,28.32,54.34,7.25,872.55,soybean
80.63,39.62,33.38,25.91,56.72,6.89,1087.05,cotton
27.16,64.97,70.87,20.25,20.79,6.17,769.29,chickpea
63.97,28.12,43.72,37.82,55.15,6.6,622.11,sorghum
46.0,73.7,35.27,35.77,40.33,8.21,728.38,pigeonpeas
29.63,62.98,42.13,32.98,58.52,6.26,883.57,soybean
111.61,40.27,55.3,18.91,47.53,6.21,898.08,onion
27.82,48.46,44.65,25.48,62.95,5.98,481.79,groundnut
83.79,59.35,60.55,21.94,46.73,7.49,730.67,onion
35.63,22.66,67.24,22.55,46.05,6.74,908.29,sweet_lime
215.01,78.85,110.46,36.16,68.8,8.12,1358.34,sugarcane
27.52,84.59,29.43,25.7,50.43,8.06,982.98,pigeonpeas
115.64,67.93,44.38,33.02,51.6,7.67,542.79,onion
35.01,24.71,55.79,35.88,42.54,6.44,939.3,sweet_lime
103.86,39.92,49.71,29.9,85.87,7.28,1196.96,rice
50.42,40.29,61.11,32.67,42.34,7.26,1076.23,orange
22.04,16.16,56.84,34.1,88.34,7.21,2991.3,mango
210.77,85.23,118.28,37.5,78.22,7.48,2055.92,sugarcane
134.63,50.17,36.06,26.74,44.19,6.79,638.35,cotton
109.05,38.62,74.1,23.59,55.1,7.85,704.26,onion
80.37,60.58,51.18,33.02,93.59,7.17,1308.11,rice
42.59,26.35,39.28,24.96,83.87,6.23,2816.2,mango
182.84,71.68,112.66,34.84,61.24,6.03,1031.69,banana
52.25,23.21,38.67,25.6,64.99,6.22,2613.97,cashew
21.57,43.97,64.69,19.08,44.82,8.53,583.52,chickpea
42.15,44.09,45.25,21.33,58.63,8.55,688.0,pomegranate
143.56,74.23,76.31,29.31,74.34,7.27,866.55,tomato
19.57,82.33,18.79,29.43,66.32,7.5,812.33,pigeonpeas
106.88,58.89,32.27,36.0,45.97,7.39,717.85,cotton
102.46,72.88,56.69,29.7,55.71,6.38,519.61,tomato
114.19,67.76,128.62,27.12,76.89,6.76,1405.07,banana
80.74,47.95,30.43,21.04,61.57,5.82,670.42,maize
135.43,53.22,14.81,35.58,67.89,7.2,1232.33,cotton
118.09,49.17,144.19,29.87,83.97,6.14,1531.57,banana
41.04,46.99,62.37,20.78,41.53,6.5,483.86,pomegranate
126.63,39.17,20.47,34.71,55.83,7.76,842.99,cotton
130.81,39.05,55.42,28.59,64.59,7.24,539.63,maize
85.68,47.19,25.78,31.16,64.02,7.39,507.28,sorghum
33.09,76.63,175.01,19.34,51.54,6.99,794.06,grapes
50.81,42.83,35.13,37.81,69.66,7.9,863.21,orange
42.49,18.84,31.83,22.76,85.83,7.07,1994.75,mango
56.68,26.67,92.25,34.95,79.71,5.46,3643.78,coconut
57.24,27.46,25.73,34.2,45.15,6.92,568.83,bajra
39.83,26.89,40.17,25.77,34.42,6.61,477.6,pomegranate
143.92,54.13,23.87,33.21,59.92,7.63,1085.35,cotton
102.55,70.83,84.19,26.14,73.26,6.32,715.11,tomato
62.61,32.17,24.9,23.11,30.54,7.88,353.95,bajra
55.07,46.69,41.66,33.71,39.68,6.47,773.15,sweet_lime
43.71,31.96,34.13,24.82,47.11,8.57,564.66,bajra
92.65,72.14,29.69,39.32,71.24,8.04,1162.56,cotton
19.08,73.24,47.51,15.87,32.55,6.48,607.43,chickpea
131.92,57.44,35.12,37.69,51.25,6.96,1218.43,cotton
36.61,14.59,36.44,29.56,85.99,5.37,3164.32,cashew
84.93,69.14,31.61,24.28,40.66,7.71,1088.16,cotton
26.04,77.95,16.06,35.92,49.21,7.99,871.76,pigeonpeas
52.36,28.85,32.39,23.49,90.3,5.12,3027.25,cashew
39.39,67.23,26.96,21.43,52.69,7.41,722.09,soybean
20.95,70.07,50.61,28.16,44.71,6.79,672.65,groundnut
50.03,53.05,38.95,22.76,52.11,6.12,598.02,soybean
43.29,28.92,62.37,34.21,62.04,8.04,745.34,pomegranate
20.01,15.47,34.81,23.72,67.32,6.97,3600.23,mango
57.85,23.17,113.56,26.98,72.99,6.96,2953.49,coconut
34.54,23.12,52.43,23.83,73.66,5.45,2999.51,mango
119.73,67.55,87.49,17.68,69.91,6.56,847.66,tomato
66.43,42.05,41.4,34.72,65.69,7.53,635.67,sweet_lime
54.72,33.42,78.77,34.21,34.53,6.96,547.02,pomegranate
33.6,121.62,152.94,15.12,53.58,7.44,675.36,grapes
34.44,82.65,143.61,32.02,46.57,7.07,860.72,grapes
21.92,48.69,43.51,35.31,71.15,7.02,484.13,groundnut
117.36,46.99,37.48,27.25,46.86,6.82,692.92,maize
26.8,82.26,36.67,28.14,48.37,6.49,850.87,pigeonpeas
41.94,83.15,31.16,37.37,47.28,7.44,666.06,pigeonpeas
37.12,26.86,26.66,21.87,82.22,6.12,1171.04,ragi
130.82,59.36,46.17,22.3,64.4,5.91,827.4,maize
50.74,27.23,32.92,34.27,74.16,6.38,1924.43,mango
91.38,55.45,50.24,22.95,43.75,7.47,521.37,wheat
19.39,48.16,76.23,16.23,31.86,6.26,713.18,chickpea
41.21,61.85,50.37,24.76,37.59,6.38,643.15,chickpea
115.57,59.09,55.42,19.92,64.0,6.38,879.53,maize
98.43,54.78,61.72,24.54,59.72,6.96,687.18,onion
36.53,41.65,64.87,32.5,51.68,8.19,1022.86,sweet_lime
39.31,22.81,46.65,23.3,71.56,8.06,724.2,orange
41.18,58.78,18.84,29.97,54.53,6.64,1167.79,soybean
54.6,46.5,40.97,35.33,42.15,6.44,974.34,sweet_lime
43.72,48.41,75.93,16.46,33.12,8.19,738.69,chickpea
82.59,31.59,24.03,32.6,40.31,7.94,341.53,bajra
57.1,38.3,82.76,32.82,68.37,6.24,3463.26,coconut
120.96,54.57,28.95,16.01,41.42,6.7,758.9,wheat
129.69,72.23,100.89,27.75,65.25,7.6,544.63,tomato
55.16,32.18,103.75,34.92,74.77,7.57,2268.83,coconut
48.19,23.54,29.12,33.96,63.69,7.28,2627.47,mango
126.11,66.3,43.27,30.15,70.93,7.05,894.95,maize
39.97,17.79,34.24,32.49,78.51,6.33,2378.88,cashew
60.88,34.41,116.81,34.09,87.65,6.41,3357.44,coconut
33.34,24.91,31.08,23.27,48.64,6.97,736.93,orange
32.66,73.14,16.63,35.42,62.24,5.92,693.7,pigeonpeas
107.38,63.59,52.34,30.77,70.85,6.58,745.58,maize
51.77,41.77,64.84,30.15,50.08,6.68,709.34,pomegranate
61.91,37.96,38.14,32.41,41.44,7.28,1024.36,sweet_lime
24.1,31.97,44.17,25.17,60.21,8.32,517.22,pomegranate
153.66,91.29,125.77,35.79,68.9,7.91,1054.48,banana
40.51,42.47,20.7,34.57,72.09,5.88,954.08,soybean
42.45,19.05,33.13,26.54,85.39,5.13,1932.8,ragi
27.87,77.45,178.48,20.45,54.47,6.75,755.31,grapes
42.82,37.45,40.77,22.54,51.72,8.27,699.2,sweet_lime
52.04,29.98,44.3,24.77,65.07,5.42,2254.05,mango
47.79,34.6,19.73,32.06,76.63,6.75,2638.14,ragi
126.39,78.47,186.11,31.88,65.07,7.49,1567.43,banana
112.6,58.76,42.67,31.31,79.87,7.61,2910.0,rice
124.48,62.63,178.16,29.87,75.27,6.09,1515.86,banana
249.5,97.93,92.83,33.03,81.39,6.45,1157.14,sugarcane
35.7,40.02,42.24,26.78,57.41,7.12,694.18,soybean
244.93,93.37,119.18,23.15,64.89,6.91,1538.17,sugarcane
22.55,15.94,24.45,36.52,77.61,5.94,2489.52,cashew
58.01,39.7,73.63,30.67,78.23,6.15,3738.01,coconut
26.45,41.87,30.87,28.26,67.15,7.95,1031.23,orange
47.42,62.25,31.14,28.76,48.24,6.38,1092.31,pigeonpeas
31.37,26.79,45.72,28.74,61.22,6.58,823.17,sweet_lime
26.98,44.95,42.86,25.56,59.88,8.02,810.75,orange
211.51,87.85,160.28,39.46,76.56,7.48,1072.6,banana
19.38,78.17,150.46,21.74,72.57,6.8,479.91,grapes
55.7,45.5,22.39,23.64,54.01,7.5,556.15,bajra
22.07,118.47,171.0,32.79,70.33,7.01,778.0,grapes
30.92,34.52,30.28,34.95,72.01,7.08,889.52,orange
204.98,47.39,106.24,25.5,61.37,7.81,1094.15,banana
105.62,66.08,28.68,31.21,58.21,6.95,895.24,cotton
40.99,57.41,41.94,24.7,59.97,6.67,657.97,groundnut
102.35,38.7,62.89,24.99,53.44,7.1,905.81,onion
40.49,19.13,36.35,27.5,37.69,8.41,654.79,bajra
41.24,39.97,49.28,32.29,51.8,8.08,786.85,pomegranate
58.54,25.73,22.63,29.72,83.02,5.71,1710.0,ragi
139.09,75.82,113.72,37.49,62.43,6.25,951.82,banana
18.99,43.59,23.18,26.17,67.77,5.95,793.86,soybean
78.73,49.12,39.89,22.72,64.08,5.71,880.98,maize
55.68,22.74,60.85,33.71,35.85,7.24,527.98,pomegranate
21.16,34.23,36.07,26.55,73.23,6.09,3389.69,mango
41.59,16.48,54.8,34.37,74.71,6.55,3130.06,mango
76.65,45.51,48.96,17.78,64.38,5.96,599.08,maize
25.16,51.78,75.81,24.48,30.72,6.24,537.81,chickpea
38.16,19.0,27.05,32.87,72.29,6.07,3352.17,ragi
49.85,18.91,65.36,30.48,64.23,6.72,683.94,sweet_lime
39.47,29.43,37.28,22.2,80.63,6.25,1814.48,ragi
140.09,60.06,88.37,22.91,48.89,7.48,754.36,tomato
37.26,54.42,34.53,35.53,55.29,6.11,869.92,pigeonpeas
36.13,39.31,38.4,27.28,67.77,5.31,1671.04,ragi
96.35,50.66,29.67,20.57,39.8,6.45,781.91,wheat
63.09,45.14,52.71,31.83,47.78,7.62,628.77,sweet_lime
42.87,35.42,23.37,22.42,67.09,5.75,1221.3,ragi
42.67,30.56,24.38,27.84,75.21,5.97,1730.24,ragi
26.91,32.08,36.79,33.25,73.53,6.66,3356.75,mango
21.87,50.32,60.08,23.52,40.23,7.3,495.59,chickpea
46.48,78.2,124.73,16.18,38.41,7.5,751.91,grapes
23.67,27.59,31.42,30.31,58.36,5.04,2239.37,cashew
133.66,43.44,40.96,26.77,46.37,6.48,501.3,maize
43.65,60.06,14.38,25.85,64.11,7.93,923.45,pigeonpeas
39.6,116.81,184.56,13.99,47.09,6.81,669.78,grapes
70.67,49.72,61.36,26.24,54.7,6.18,816.73,onion
98.32,42.27,54.97,30.74,52.48,6.08,463.23,maize
45.77,39.21,76.14,27.61,73.66,6.41,1922.59,coconut
23.66,56.21,32.38,29.72,68.88,6.59,1144.61,soybean
60.71,51.75,40.73,38.1,46.91,8.55,519.03,sorghum
103.93,62.47,52.74,27.43,59.98,7.36,783.16,maize
116.93,41.74,57.22,26.65,66.05,7.01,653.32,maize
150.31,62.85,142.15,34.98,81.18,7.63,1296.3,banana
50.2,33.77,55.19,30.67,51.3,7.44,870.83,sweet_lime
53.4,22.71,84.51,35.26,87.02,6.9,2151.24,coconut
92.01,66.04,57.09,21.04,65.83,6.75,858.48,onion
46.1,59.21,46.84,32.39,62.78,6.36,778.39,soybean
51.14,19.66,43.08,26.6,69.87,7.24,3260.9,mango
113.18,67.24,36.22,19.61,73.35,6.62,819.91,maize
149.48,83.63,95.1,37.68,54.78,6.84,1148.57,sugarcane
47.58,75.52,25.65,32.0,66.36,6.89,643.15,pigeonpeas
90.71,61.61,36.75,22.43,78.2,6.19,2358.3,rice
20.65,48.21,43.69,24.08,66.05,6.23,891.71,groundnut
27.66,123.88,186.3,14.2,67.85,7.04,616.93,grapes
42.58,93.72,174.78,15.12,57.8,7.13,628.34,grapes
122.03,51.6,30.44,26.95,62.15,7.08,618.61,wheat
126.72,50.95,41.03,21.52,59.79,6.03,744.4,maize
30.56,26.53,44.47,33.68,71.12,7.08,1128.93,orange
93.12,30.45,45.52,28.06,41.19,7.46,804.12,sorghum
216.95,77.28,134.17,31.15,68.39,7.08,1328.9,sugarcane
87.96,60.63,52.17,26.42,61.85,7.07,583.55,wheat
93.95,56.09,43.35,18.92,67.78,6.5,575.96,maize
110.66,78.12,107.92,30.87,77.76,6.56,747.86,tomato
25.48,28.0,63.03,27.62,40.51,7.01,1091.97,orange
92.48,33.17,46.62,34.83,91.47,6.97,2431.33,rice
33.53,72.33,34.11,26.38,59.19,6.38,743.59,groundnut
107.39,49.63,37.77,31.88,90.84,7.18,1470.26,rice
102.39,39.66,41.35,22.93,80.47,6.95,3769.49,rice
33.44,35.17,47.68,38.94,31.77,8.12,556.47,pomegranate
29.04,53.69,49.99,23.74,50.9,6.24,678.66,groundnut
47.81,24.12,60.86,26.12,65.77,6.84,1162.65,orange
35.51,54.22,31.55,30.83,56.79,6.45,802.36,groundnut
61.51,28.91,110.59,25.86,92.2,6.36,2126.48,coconut
171.91,69.12,161.8,29.39,66.4,5.94,1520.54,banana
95.69,64.32,45.86,26.17,66.76,5.74,573.64,maize
124.3,68.31,60.67,31.26,68.15,6.65,779.51,tomato
185.94,51.75,179.17,29.96,61.04,6.04,1590.93,banana
40.93,36.14,49.56,23.03,65.22,5.67,3203.96,mango
125.65,48.07,53.05,19.37,61.7,6.89,866.75,maize
71.64,58.55,57.33,31.81,93.57,7.63,3681.73,rice
63.24,21.43,61.79,32.79,82.59,6.23,2707.35,coconut
109.19,37.66,70.3,21.26,63.11,6.44,629.97,onion
178.32,74.48,121.79,26.82,68.73,7.85,882.03,sugarcane
30.3,20.96,36.05,24.22,86.68,6.48,1998.59,cashew
32.1,25.04,43.4,20.29,62.72,7.18,593.81,pomegranate
82.2,38.4,49.38,17.33,48.98,6.76,548.39,wheat
61.56,43.26,58.45,26.29,46.49,7.12,851.01,orange
191.73,93.37,88.14,28.77,88.12,6.64,1855.03,sugarcane
251.09,77.86,78.12,22.04,87.67,7.34,1453.42,sugarcane
47.27,31.95,22.65,31.31,47.25,8.48,691.83,bajra
51.23,36.01,52.75,19.58,35.94,7.39,794.04,pomegranate
114.96,59.04,41.64,21.57,79.27,6.24,3536.84,rice
39.69,72.06,28.4,25.5,50.54,6.33,1031.15,soybean
39.52,23.92,31.86,23.75,68.92,6.05,2505.86,ragi
67.82,50.93,38.11,36.77,39.99,6.67,471.17,sorghum
39.54,44.49,39.44,31.63,40.76,7.64,402.14,bajra
35.88,29.83,40.82,23.8,30.42,7.67,691.97,pomegranate
46.22,23.01,33.0,24.33,78.66,6.47,1625.09,ragi
32.21,102.58,149.08,22.0,66.79,7.38,846.08,grapes
57.54,35.15,76.2,21.03,41.17,8.28,719.64,pomegranate
21.62,73.15,76.6,23.77,30.87,7.6,404.35,chickpea
142.01,63.38,23.76,23.41,62.39,7.21,939.51,cotton
25.96,42.75,57.36,21.25,35.74,7.0,624.15,pomegranate
90.86,46.97,28.74,36.64,48.81,6.88,686.3,sorghum
42.74,16.72,37.11,29.86,90.28,6.01,3343.22,mango
212.39,84.13,98.23,21.58,79.03,7.67,1219.15,sugarcane
125.92,80.02,98.87,21.91,76.25,6.09,868.31,tomato
31.43,33.23,38.61,21.29,88.0,6.63,2975.02,ragi
42.6,42.01,22.95,30.7,50.7,7.28,622.95,bajra
47.95,38.2,27.15,28.87,61.27,6.92,1183.62,soybean
34.71,38.17,60.23,30.83,64.11,7.07,679.29,sweet_lime
26.44,30.16,67.32,34.55,32.64,8.56,723.96,pomegranate
55.83,29.41,40.87,32.83,46.49,7.96,616.66,sweet_lime
91.38,55.48,54.82,21.22,89.79,6.46,1894.36,rice
109.04,63.1,32.84,30.75,72.58,6.31,584.63,maize
31.8,24.26,57.78,21.7,88.96,7.19,2722.14,mango
31.92,19.19,33.74,26.45,58.71,5.39,3770.75,cashew
123.53,48.95,45.82,29.6,66.32,7.16,804.79,maize
37.29,35.25,28.9,22.71,68.04,7.31,2603.9,mango
56.83,36.54,76.68,36.45,56.9,7.93,513.52,pomegranate
62.4,30.01,99.08,33.21,79.06,6.94,1658.04,coconut
74.95,29.97,49.76,32.47,55.52,6.59,732.9,sorghum
114.94,89.84,132.19,27.88,86.42,7.71,1368.91,banana
41.81,24.37,44.3,32.77,64.95,6.62,2200.32,mango
44.68,20.02,42.14,29.08,89.83,5.56,2466.47,mango
76.76,40.41,47.7,20.73,51.95,6.13,761.2,maize
75.08,30.25,38.12,24.45,33.23,7.92,571.89,bajra
106.72,52.05,14.57,26.84,51.97,7.44,1081.89,cotton
41.65,62.4,35.6,33.44,51.69,6.63,990.52,pigeonpeas
29.36,57.71,15.09,35.67,71.19,8.34,645.62,pigeonpeas
104.72,50.57,49.77,21.28,55.26,6.53,806.06,wheat
46.43,60.65,33.22,34.96,63.79,6.7,724.79,groundnut
176.69,91.59,148.43,25.33,84.42,7.1,1059.85,banana
45.63,34.72,33.44,32.88,69.68,6.53,3097.92,ragi
24.35,62.86,40.4,23.95,66.61,7.44,1151.73,soybean
47.12,96.99,135.0,14.46,40.5,6.64,863.45,grapes
89.92,58.72,33.52,24.16,75.75,6.79,1953.95,rice
33.31,73.9,31.12,24.43,68.3,5.98,881.13,groundnut
35.82,24.69,38.38,20.17,34.83,6.7,423.13,pomegranate
36.54,19.89,33.35,28.07,67.08,5.5,1754.45,cashew
20.36,56.43,20.86,24.68,75.64,7.6,1038.78,soybean
30.68,25.19,76.23,37.5,47.27,6.89,654.81,pomegranate
54.44,20.59,42.8,37.55,67.22,7.98,583.2,pomegranate
31.45,79.46,21.89,24.0,60.55,7.11,943.14,pigeonpeas
78.98,50.99,57.62,30.75,78.75,6.07,2230.15,rice
69.49,41.99,47.86,24.71,72.35,7.63,910.79,onion
42.08,27.25,65.32,20.86,66.96,7.62,661.85,pomegranate
48.37,28.43,61.52,24.78,70.15,5.5,2192.9,coconut
85.05,33.49,27.5,39.26,47.68,8.17,973.08,cotton
36.27,55.73,21.32,25.48,47.58,8.05,690.71,pigeonpeas
73.5,33.2,22.9,30.03,42.11,7.7,441.63,bajra
43.29,31.21,30.26,28.59,64.8,6.28,2950.67,cashew
34.3,53.59,63.01,19.26,20.69,7.63,485.86,chickpea
44.32,25.84,39.51,29.77,76.07,7.33,2968.84,mango
201.91,85.84,109.9,34.42,77.38,6.02,1280.38,banana
55.2,39.47,96.04,35.19,89.82,5.72,1529.37,coconut
39.45,34.51,86.26,28.41,74.36,6.54,2861.1,coconut
214.06,98.43,78.4,35.63,79.73,6.4,2348.88,sugarcane
80.46,51.02,34.25,16.13,38.15,7.04,425.15,wheat
94.74,45.97,30.44,17.61,45.39,7.99,781.01,wheat
29.16,39.07,42.21,33.71,54.22,6.75,840.15,orange
50.77,33.05,31.41,25.41,82.93,7.04,3675.64,mango
150.5,60.68,17.35,38.13,43.14,7.84,850.14,cotton
50.64,90.26,155.43,28.2,41.03,7.23,598.01,grapes
39.44,76.25,61.4,23.96,23.18,7.61,491.19,chickpea
23.48,28.63,30.23,29.3,70.58,5.96,2967.14,cashew
47.43,42.83,77.26,33.93,63.3,6.69,746.31,pomegranate
133.5,33.4,17.0,27.92,73.89,7.47,613.58,cotton
44.49,50.09,26.47,27.04,54.32,6.98,800.21,soybean
41.15,30.07,56.86,29.9,76.72,5.55,3341.88,mango
111.6,46.46,40.59,33.16,55.65,6.28,825.94,maize
64.5,42.79,50.97,32.85,39.76,6.86,996.04,sweet_lime
60.92,21.95,43.49,23.22,47.5,8.04,938.52,sweet_lime
34.43,42.5,43.02,38.02,38.44,8.12,652.53,sweet_lime
34.32,75.73,21.0,30.39,38.74,5.95,730.73,pigeonpeas
58.32,32.13,34.54,24.2,53.43,8.11,838.07,sweet_lime
201.91,82.35,94.33,34.4,73.69,7.0,1115.21,banana
95.48,53.24,54.53,26.07,50.73,6.55,747.75,onion
26.45,40.08,29.86,19.96,56.08,6.37,894.32,orange
52.81,101.18,189.98,21.28,49.58,7.76,582.03,grapes
20.7,32.29,46.13,28.39,90.97,5.49,3303.8,mango
56.38,39.94,105.5,25.95,75.53,7.24,2172.99,coconut
41.18,39.67,40.31,27.42,70.17,6.09,1961.93,ragi
19.21,114.03,150.15,35.63,46.41,7.75,748.44,grapes
34.96,55.05,36.99,24.97,57.11,6.85,504.47,groundnut
57.75,20.74,44.87,28.01,64.35,7.69,813.16,sweet_lime
177.77,97.95,129.19,21.45,61.49,7.98,927.44,sugarcane
53.7,39.7,33.52,27.88,54.27,8.62,531.44,bajra
172.03,74.62,126.59,28.75,77.77,7.88,1220.14,banana
27.0,43.43,27.2,34.91,50.31,6.3,1110.36,soybean
54.1,20.36,59.37,34.37,65.69,8.01,1020.74,orange
62.4,30.9,30.43,26.88,48.09,8.1,589.55,bajra
46.16,24.02,39.93,24.48,84.41,5.61,2455.83,cashew
39.27,37.97,75.12,23.95,57.85,6.39,766.06,pomegranate
29.8,57.91,53.24,24.51,62.09,7.16,631.65,groundnut
119.0,49.08,52.85,15.31,46.98,7.1,513.57,wheat
24.37,114.32,128.08,25.72,70.82,7.05,753.06,grapes
100.55,39.96,37.94,23.74,38.61,6.52,854.33,sorghum
49.83,124.02,190.0,33.37,61.78,6.83,611.18,grapes
21.33,20.52,31.54,24.79,62.47,6.54,2610.36,cashew
31.87,61.31,46.09,25.08,72.74,7.14,893.17,groundnut
216.17,62.31,75.47,31.8,57.48,7.92,1036.14,sugarcane
60.79,20.01,68.7,33.1,65.28,7.51,792.25,sweet_lime
194.78,72.71,125.17,25.41,66.58,8.22,997.85,sugarcane
57.46,47.3,27.09,24.24,65.45,6.56,679.38,sorghum
101.28,42.87,53.02,32.78,63.1,6.04,580.07,onion
49.52,37.62,59.16,27.93,32.28,7.8,450.95,pomegranate
104.09,47.96,40.44,26.19,71.15,6.14,575.42,onion
106.06,57.47,50.22,19.04,70.32,7.24,850.64,onion
69.47,28.97,22.55,38.02,33.69,6.67,534.51,bajra
23.89,66.01,70.45,17.05,28.07,7.04,708.11,chickpea
48.96,50.76,25.93,30.68,52.21,7.53,1003.95,soybean
33.74,72.28,31.66,33.32,57.14,8.33,1026.11,pigeonpeas
91.88,67.25,43.43,32.33,55.88,7.28,580.81,maize
60.86,51.99,47.58,29.89,59.04,7.31,612.55,sorghum
83.51,56.65,53.55,25.98,92.52,5.81,3253.69,rice
155.45,89.3,149.37,32.53,79.42,7.51,929.4,banana
40.19,27.67,79.81,34.83,81.05,5.66,3564.95,coconut
51.07,27.5,40.13,22.94,87.94,6.59,2046.48,mango
53.47,42.63,59.28,35.38,64.46,7.08,729.6,sweet_lime
60.03,23.72,68.11,30.97,76.33,5.5,2463.72,coconut
45.32,34.11,39.87,26.32,65.04,5.64,3201.33,ragi
28.34,60.6,53.54,23.38,41.41,6.66,405.13,chickpea
79.55,34.71,40.53,24.9,61.1,8.23,637.55,bajra
32.2,26.11,40.82,25.31,70.49,5.99,2256.05,ragi
31.85,21.42,33.47,22.65,44.84,7.64,992.44,orange
228.54,75.44,102.7,30.88,63.89,6.51,2329.65,sugarcane
28.76,56.2,65.3,18.63,29.06,6.22,727.8,chickpea
88.31,61.82,39.8,26.56,62.95,6.31,540.87,maize
64.55,36.12,45.2,34.62,57.08,6.55,818.01,sorghum
40.71,40.21,55.82,33.89,51.74,7.65,846.01,groundnut
64.9,36.67,38.74,28.07,66.18,6.91,839.14,sweet_lime
85.18,60.69,32.63,23.94,39.1,6.79,659.21,wheat
142.75,50.35,97.18,32.55,72.69,5.94,810.3,tomato
84.57,30.81,28.99,27.44,34.37,6.61,852.18,sorghum
119.63,90.41,177.54,37.5,86.8,7.3,1148.05,banana
107.74,70.71,96.13,27.28,56.33,7.21,889.52,tomato
236.7,76.25,93.98,23.91,86.15,7.73,1368.94,sugarcane
249.77,58.18,134.44,27.6,64.69,6.44,1765.42,sugarcane
90.35,58.9,40.79,19.65,48.63,6.63,406.8,wheat
237.24,83.36,94.77,32.41,81.0,7.91,1852.41,sugarcane
206.06,95.07,102.75,33.82,54.3,7.29,1827.88,sugarcane
80.42,41.96,55.5,17.87,66.27,6.73,876.52,maize
44.22,65.96,32.7,32.58,65.43,6.19,994.05,soybean
108.55,62.21,43.03,22.6,51.83,7.58,829.2,onion
49.06,18.1,28.52,22.18,83.16,5.55,3139.91,cashew
210.17,71.56,101.38,34.73,74.16,7.6,1119.32,banana
52.04,15.65,22.12,28.27,66.63,5.25,2500.96,cashew
95.34,64.66,27.15,34.3,45.15,6.94,989.89,cotton
24.2,70.6,46.09,22.12,57.33,6.2,760.93,groundnut
29.33,101.9,129.64,31.06,42.2,8.09,630.94,grapes
49.05,15.4,38.87,27.63,81.69,5.31,2177.39,cashew
79.11,33.73,31.99,28.87,48.81,7.74,688.23,bajra
61.43,18.81,21.14,19.25,80.42,6.05,1841.06,ragi
43.59,42.95,45.2,32.68,68.42,7.05,556.97,groundnut
66.97,68.32,53.36,25.6,58.96,6.76,719.53,onion
53.85,32.61,41.58,29.76,40.46,6.5,654.05,bajra
46.23,45.73,47.66,31.14,51.69,7.43,773.03,groundnut
39.65,16.65,35.26,30.72,66.97,5.52,3644.38,cashew
131.32,73.88,108.59,20.58,74.85,6.11,506.75,tomato
113.74,68.83,44.06,18.65,55.76,7.45,842.44,onion
42.79,28.18,67.4,32.23,44.88,7.09,551.34,pomegranate
46.35,21.67,74.54,32.42,70.57,6.88,1390.8,coconut
32.26,85.15,185.73,34.61,66.23,7.99,655.26,grapes
89.5,45.31,24.27,34.08,52.44,8.11,494.38,sorghum
29.12,37.63,37.98,28.26,91.3,6.86,1379.81,ragi
25.37,63.45,26.97,25.39,57.34,6.59,769.29,pigeonpeas
29.09,33.05,68.52,34.3,40.55,7.79,740.39,sweet_lime
94.39,59.2,40.81,32.04,84.58,5.44,3037.25,rice
46.87,62.19,43.82,22.1,60.89,6.57,488.52,groundnut
200.26,87.35,83.45,23.53,84.69,6.69,1667.17,sugarcane
23.9,23.21,62.58,28.51,43.88,6.44,809.71,orange
120.94,35.91,24.37,28.64,47.22,7.51,771.76,cotton
49.52,18.99,31.84,23.65,60.68,6.62,2605.57,cashew
94.76,41.1,50.42,18.81,46.26,6.61,496.06,maize
37.89,26.66,19.45,29.14,63.13,5.98,2997.08,cashew
46.05,48.34,35.78,23.58,56.13,6.76,685.83,groundnut
94.9,46.13,29.9,28.69,49.09,7.09,645.72,sorghum
38.15,20.52,35.76,28.82,63.38,6.07,3060.13,ragi
40.32,65.63,27.37,32.45,43.44,7.53,1114.56,pigeonpeas
109.12,52.69,47.02,15.53,64.24,7.46,687.2,wheat
46.89,39.0,63.0,28.37,56.0,6.83,604.53,pomegranate
23.76,19.33,55.88,26.81,72.29,7.27,1030.93,orange
39.61,36.17,21.32,37.36,51.42,6.8,587.42,bajra
14.91,84.64,21.51,38.84,46.77,7.54,765.33,pigeonpeas
90.06,25.04,48.64,30.4,46.07,7.4,535.8,sorghum
115.51,39.83,37.82,35.1,85.1,6.03,2963.33,rice
25.68,103.46,136.2,34.88,45.02,6.83,825.65,grapes
102.09,59.9,35.72,32.95,56.93,7.02,729.04,maize
95.02,43.75,47.0,21.87,84.13,6.14,3633.33,rice
47.57,48.42,63.39,18.69,26.3,7.3,731.8,chickpea
56.02,46.81,49.43,34.94,40.13,6.72,807.03,sorghum
51.65,30.24,22.4,25.35,65.26,6.47,3591.02,cashew
165.2,90.75,100.46,28.49,70.04,8.35,966.16,sugarcane
104.8,67.96,49.72,17.87,48.56,7.64,540.36,wheat
28.48,40.75,28.76,34.44,63.39,6.77,942.89,orange
47.05,52.15,28.78,25.21,63.21,6.23,677.92,soybean
113.49,51.91,106.53,25.34,63.77,6.99,782.48,tomato
145.14,91.26,113.65,32.88,70.44,7.26,1013.28,banana
120.81,43.71,49.91,20.37,56.96,6.66,734.42,maize
24.23,64.16,54.2,24.6,26.02,6.42,510.26,chickpea
79.5,56.53,35.41,28.85,88.57,6.09,2300.64,rice
83.87,56.74,55.87,21.41,76.11,6.47,3660.56,rice
27.72,55.54,79.4,19.3,18.68,8.16,453.63,chickpea
48.95,46.12,26.02,33.5,32.45,7.66,649.07,bajra
57.43,38.97,50.63,33.81,50.47,7.71,765.0,orange
107.59,33.19,49.56,27.43,73.54,7.39,3517.24,rice
35.48,33.75,125.22,34.65,73.09,7.28,2822.0,coconut
51.53,36.64,63.26,38.21,39.15,7.33,762.28,orange
133.21,79.64,85.5,29.36,73.23,7.18,852.34,tomato
154.21,60.1,29.46,25.93,44.37,8.39,1152.72,cotton
45.8,14.82,52.78,22.57,88.34,5.78,2815.6,mango
33.66,40.72,46.55,23.79,63.47,7.14,712.07,sweet_lime
137.5,37.81,34.75,33.38,60.79,7.61,1103.96,cotton
89.29,66.03,56.9,23.47,74.7,7.02,735.39,maize
252.06,69.01,116.97,28.5,73.41,7.5,1526.67,sugarcane
158.3,59.94,115.27,30.0,75.64,7.47,1231.73,sugarcane
22.96,54.68,49.59,17.94,33.66,7.89,525.1,chickpea
42.23,44.78,56.4,24.99,22.43,7.22,599.62,chickpea
39.86,35.27,52.98,30.45,77.84,5.73,2822.9,mango
40.58,21.1,45.41,25.88,45.83,7.74,838.97,sweet_lime
33.26,34.87,40.64,32.25,70.45,6.87,1053.02,orange
89.3,46.91,53.3,29.93,52.85,6.51,645.55,onion
41.99,22.0,68.66,26.71,75.56,6.17,2728.49,coconut
84.13,45.51,30.14,15.74,40.01,7.71,720.74,wheat
31.38,35.19,91.58,32.83,82.26,5.62,2072.09,coconut
117.33,43.45,32.46,25.11,56.41,5.81,689.87,maize
125.65,50.66,160.43,38.02,74.09,7.82,1256.57,banana
49.32,68.63,47.51,31.7,54.87,7.25,1174.6,soybean
65.67,33.41,40.44,38.83,44.46,7.78,793.29,sweet_lime
176.52,63.28,163.19,30.26,87.89,7.4,1491.58,banana
69.1,43.82,47.19,23.5,92.31,7.0,1672.17,rice
240.53,92.69,92.94,35.12,68.1,7.59,2311.78,sugarcane
198.65,67.16,163.59,38.64,86.29,7.63,1526.38,banana
130.85,59.3,47.91,21.83,45.27,6.64,619.49,maize
237.32,94.3,113.24,38.42,81.93,6.91,1884.89,sugarcane
115.29,66.86,33.13,14.31,46.22,8.11,551.74,wheat
96.4,25.37,34.82,23.43,58.97,8.42,548.3,sorghum
37.32,45.64,70.91,18.99,30.2,8.26,735.49,chickpea
183.78,77.17,109.31,35.66,68.39,7.22,1609.65,banana
23.06,99.83,116.59,20.86,69.16,6.65,779.13,grapes
31.38,36.51,56.27,33.41,68.67,7.23,921.55,orange
43.41,30.29,28.98,34.85,74.76,6.03,3680.0,cashew
96.51,55.32,55.82,24.1,72.43,6.33,2230.52,rice
41.88,38.39,30.32,25.36,81.18,6.78,1799.93,ragi
36.55,126.41,189.17,31.45,45.63,7.51,704.87,grapes
49.02,34.64,61.55,28.44,60.79,6.44,1070.3,orange
35.84,78.67,73.05,19.37,37.35,7.98,628.83,chickpea
22.73,40.37,29.16,27.59,49.6,7.72,716.9,soybean
39.42,79.36,148.15,21.29,60.75,6.8,687.99,grapes
31.18,28.76,21.02,23.7,61.74,5.14,2150.38,cashew
30.6,23.71,49.98,22.99,56.55,8.08,587.88,pomegranate
38.18,70.55,45.05,35.3,53.9,6.09,795.87,groundnut
135.59,42.41,38.54,19.02,68.6,6.39,792.66,maize
104.34,51.3,55.66,26.49,82.24,6.78,1555.93,rice
190.84,73.01,113.36,32.56,83.34,7.03,2151.42,sugarcane
31.98,39.56,48.54,31.78,61.37,7.44,811.77,groundnut
79.1,35.78,44.14,32.23,39.42,8.0,779.02,sorghum
84.14,59.06,38.89,22.33,93.15,5.56,2201.79,rice
66.48,39.88,47.32,27.34,55.64,6.06,829.69,onion
38.68,55.18,61.98,16.65,23.96,6.9,391.67,chickpea
62.49,53.94,54.42,20.66,49.38,7.37,865.43,onion
71.29,41.79,21.1,29.31,29.39,6.72,575.05,bajra
50.05,43.48,61.1,24.49,59.28,6.72,862.39,sweet_lime
79.1,24.91,31.83,32.61,60.67,8.42,506.93,bajra
41.01,58.78,60.26,18.76,28.88,7.46,680.95,chickpea
29.47,14.74,36.4,23.42,67.49,5.45,1933.3,cashew
51.73,58.99,23.5,22.42,58.81,7.17,712.13,soybean
83.32,46.93,47.24,37.96,35.68,7.38,730.59,sorghum
31.52,49.77,24.99,23.21,49.26,7.23,786.27,pigeonpeas
209.11,85.76,151.78,29.51,60.0,7.66,1527.5,banana
24.44,34.91,53.73,32.71,39.38,7.07,968.01,orange
26.21,15.13,38.32,22.66,84.84,5.94,2546.04,cashew
153.95,38.43,15.06,25.65,64.15,8.69,895.72,cotton
42.36,42.3,114.27,28.44,91.48,6.67,1408.88,coconut
33.66,80.94,117.51,21.78,57.25,8.11,667.97,grapes
18.15,71.55,17.35,37.86,59.74,8.31,846.57,pigeonpeas
184.84,71.23,136.63,36.45,56.36,7.09,920.15,sugarcane
125.66,54.06,29.63,22.23,38.73,7.12,604.03,wheat
80.34,44.64,42.88,32.58,81.05,6.38,3098.73,rice
100.06,55.07,41.35,25.53,49.78,8.14,584.82,wheat
41.88,15.16,46.04,30.36,79.8,6.26,3632.86,mango
33.84,25.02,35.25,31.25,79.96,7.18,2487.88,mango
115.98,72.34,30.29,30.05,54.83,7.69,1012.67,cotton
72.49,48.59,31.98,27.76,44.01,8.19,447.53,sorghum
44.91,38.23,35.77,37.91,39.39,6.85,857.13,sweet_lime
53.48,30.59,40.24,33.99,61.18,7.99,533.05,pomegranate
32.05,42.85,33.9,20.87,48.76,7.75,1056.04,orange
153.44,72.16,26.45,38.6,59.24,7.79,1239.64,cotton
145.57,78.2,180.4,32.52,82.02,6.01,1511.66,banana
37.4,103.05,173.49,14.67,46.31,7.54,592.66,grapes
66.33,20.69,57.62,34.49,39.7,7.24,888.81,sweet_lime
86.9,33.99,21.53,31.59,47.25,7.95,1084.25,cotton
27.12,46.87,70.32,21.3,33.66,7.97,504.79,chickpea
24.06,71.39,15.95,36.19,49.88,7.86,983.84,pigeonpeas
43.13,47.57,19.22,36.06,49.6,7.71,547.62,bajra
47.29,50.29,50.72,17.79,43.03,8.57,717.36,chickpea
82.59,52.05,37.87,19.35,65.41,7.34,913.84,onion
143.05,38.97,32.84,35.89,68.24,8.11,751.78,cotton
30.8,63.55,51.91,31.41,72.8,6.42,857.89,groundnut
20.0,61.79,55.49,32.05,45.13,7.64,734.06,groundnut
88.78,48.19,38.5,22.12,72.59,6.85,853.26,onion
134.71,55.59,60.48,18.52,52.86,7.44,868.71,tomato
21.12,76.56,32.52,25.24,53.75,7.36,771.62,pigeonpeas
47.99,22.69,30.2,33.3,65.5,5.9,3583.02,mango
111.91,38.8,46.59,23.18,59.18,8.14,592.09,wheat
32.56,25.5,46.62,29.07,70.88,7.06,1958.93,mango
95.23,41.76,40.65,26.79,40.69,8.34,632.87,sorghum
133.82,83.38,164.12,32.03,82.46,7.73,1462.26,banana
81.32,64.68,40.5,17.29,63.56,7.05,476.68,wheat
34.63,16.38,19.98,30.92,76.7,5.82,3303.78,cashew
119.33,50.46,40.05,22.81,58.53,7.14,616.4,wheat
78.78,51.34,30.75,23.86,44.71,7.54,730.23,sorghum
53.61,47.04,56.36,19.51,70.72,7.4,752.29,orange
37.64,46.39,20.37,26.22,59.83,7.81,622.37,bajra
42.01,77.01,58.54,26.7,40.67,6.65,583.74,chickpea
44.96,28.82,58.82,35.45,60.7,6.74,726.81,orange
102.44,47.45,36.66,16.53,41.68,6.43,396.13,wheat
178.4,81.52,102.37,32.99,72.91,7.62,1344.98,banana
66.24,39.96,43.91,21.98,46.44,8.07,856.59,sweet_lime
44.82,103.09,121.44,30.66,43.24,7.05,659.7,grapes
131.66,71.74,180.48,31.33,85.94,7.6,1327.57,banana
148.83,51.42,38.44,38.29,62.56,8.08,1063.01,cotton
107.42,54.06,48.03,25.98,55.41,8.05,448.09,wheat
58.07,22.47,73.01,34.74,71.17,7.4,2410.45,coconut
46.72,26.72,27.73,31.41,60.48,6.5,2142.73,cashew
83.36,50.64,29.81,24.71,43.14,6.84,448.67,wheat
126.94,51.83,40.09,26.66,66.65,6.41,628.93,wheat
124.84,95.21,171.28,37.91,87.67,6.91,921.31,banana
32.01,34.93,53.25,35.4,38.98,7.61,1020.28,orange
134.12,68.17,74.5,26.64,52.51,6.18,1025.11,tomato
57.32,19.53,32.29,25.27,87.79,5.67,3382.2,ragi
53.64,40.22,19.13,25.53,65.34,5.36,2860.87,ragi
129.2,61.68,20.85,35.74,64.6,7.49,1160.42,cotton
52.1,27.9,35.07,35.59,63.93,6.56,1033.5,orange
67.15,43.27,38.24,18.72,65.85,6.24,703.82,onion
261.59,95.16,134.35,21.58,85.37,7.64,2055.32,sugarcane
80.35,35.2,33.56,24.78,86.37,6.99,2200.69,rice
126.59,55.28,42.77,20.13,45.92,7.33,643.49,maize
29.09,38.83,31.92,23.09,85.15,5.14,2334.7,ragi
85.26,53.6,44.71,27.6,94.69,7.24,2031.94,rice
61.9,43.14,57.36,28.79,45.51,5.96,700.39,onion
75.57,63.12,28.39,17.96,56.28,6.88,508.63,wheat
45.55,47.36,29.67,30.21,55.99,7.01,690.46,bajra
91.05,51.77,39.46,15.59,57.79,6.45,517.27,wheat
207.53,56.65,84.06,21.89,87.17,6.59,1841.83,sugarcane
42.57,26.76,37.52,26.34,74.41,6.14,2437.57,cashew
111.04,64.91,54.22,27.85,67.88,7.4,612.78,maize
28.83,34.08,45.09,24.13,70.74,6.79,906.93,orange
19.61,19.44,38.22,21.73,63.26,6.35,2310.16,cashew
54.15,33.03,69.32,35.26,92.79,7.44,1879.37,coconut
40.12,42.23,58.53,38.25,68.83,7.18,759.37,sweet_lime
111.29,42.69,35.25,23.81,58.58,6.84,811.22,maize
45.07,16.9,37.33,30.57,65.8,6.57,3779.05,mango
28.95,80.92,28.72,39.27,55.8,7.71,1014.08,pigeonpeas
26.01,106.03,184.58,19.99,70.66,6.83,723.45,grapes
74.39,55.57,49.61,34.25,86.82,7.5,2009.81,rice
51.69,27.38,23.34,26.32,86.5,6.26,2535.06,ragi
96.56,36.41,25.65,33.83,58.91,6.65,555.02,sorghum
21.07,73.23,43.7,24.06,62.64,7.02,1100.18,soybean
40.76,42.98,34.74,31.96,47.53,7.29,478.97,groundnut
32.88,29.15,25.27,30.19,78.08,5.33,2581.27,cashew
25.78,61.02,65.79,23.91,31.85,6.08,441.9,chickpea
31.16,45.23,53.37,38.29,52.65,7.76,755.92,sweet_lime
32.67,26.77,28.97,25.36,83.92,5.66,2547.3,ragi
156.08,84.95,115.37,23.32,83.28,8.28,1779.22,sugarcane
31.61,43.85,62.71,25.45,69.37,6.42,1063.51,orange
38.41,43.22,21.28,35.38,35.09,6.87,401.88,bajra
91.56,53.78,54.14,21.29,77.79,6.51,1764.13,rice
92.63,52.21,34.83,31.26,89.63,7.03,3682.95,rice
135.03,49.1,18.16,36.75,74.09,8.22,727.68,cotton
73.27,63.43,48.94,26.28,88.1,6.24,2951.69,rice
48.57,16.37,41.09,27.69,60.34,5.18,2095.92,cashew
20.6,84.11,167.3,30.33,64.4,6.55,637.89,grapes
77.52,51.58,32.37,17.39,49.45,6.65,530.65,maize
76.16,43.27,56.37,24.05,50.03,5.93,748.82,onion
49.22,32.15,45.76,31.41,75.01,5.97,1975.48,mango
59.52,19.76,62.43,23.14,75.75,7.01,2866.22,coconut
47.62,72.06,17.46,26.07,51.01,7.45,826.65,pigeonpeas
86.42,49.1,51.75,22.21,76.95,7.54,1162.04,rice
43.31,37.86,88.16,26.86,87.65,5.89,2291.96,coconut
88.81,37.41,40.6,24.65,74.84,7.41,2495.79,rice
73.29,47.36,32.96,29.04,67.51,6.96,673.74,sorghum
26.81,30.1,39.72,24.43,65.19,5.43,3347.64,mango
145.32,80.32,133.39,36.18,66.27,6.76,920.49,banana
126.97,75.82,151.91,35.97,63.52,6.4,1456.2,banana
230.58,88.23,92.87,38.56,66.75,6.95,1163.13,sugarcane
19.44,45.28,74.5,26.76,17.83,7.76,515.04,chickpea
44.56,36.01,36.71,23.67,66.97,6.2,2753.63,ragi
46.01,19.01,42.38,26.31,74.3,6.53,3496.23,mango
72.01,40.76,53.77,26.59,77.2,6.25,1408.08,rice
43.2,37.44,37.02,25.7,49.43,6.82,656.34,bajra
45.43,21.26,106.42,29.28,90.56,6.61,2215.97,coconut
44.1,117.19,130.85,34.79,72.11,8.15,525.82,grapes
150.51,64.81,94.33,28.31,86.83,7.19,750.77,banana
55.4,50.17,36.82,23.42,36.58,8.2,767.61,sorghum
77.47,51.13,46.81,29.35,54.23,6.96,748.04,sorghum
83.55,61.73,34.04,32.3,73.81,7.45,3252.18,rice
46.9,79.2,70.28,18.87,40.9,7.59,809.08,chickpea
118.96,49.32,115.15,21.65,71.83,6.29,990.14,tomato
206.13,75.02,134.22,36.55,86.12,8.34,1746.9,sugarcane
249.32,98.69,98.43,38.45,70.37,8.07,1045.22,sugarcane
23.53,51.5,22.83,38.61,40.36,7.7,1042.71,pigeonpeas
34.2,58.08,39.25,22.2,72.65,7.16,627.87,soybean
108.66,62.07,25.6,24.12,42.82,8.76,918.88,cotton
86.65,34.59,16.34,25.18,70.16,6.69,853.0,cotton
154.0,87.8,134.23,28.92,81.64,7.99,2083.67,sugarcane
94.49,32.43,44.49,37.67,64.34,8.22,583.76,sorghum
19.94,77.16,47.16,24.01,48.93,7.48,730.35,soybean
20.2,21.62,33.81,26.93,71.02,5.02,2252.14,cashew
37.64,31.25,58.82,29.43,41.75,6.59,679.1,sweet_lime
34.41,69.84,18.79,36.66,72.72,7.17,727.28,pigeonpeas
107.87,54.36,52.68,21.38,44.78,7.6,752.22,wheat
50.18,31.15,62.43,34.92,67.47,7.11,975.73,sweet_lime
51.62,40.97,70.09,34.11,86.5,6.75,3098.69,coconut
54.07,41.48,35.56,35.78,35.86,7.1,564.88,bajra
48.68,44.4,19.56,26.51,52.68,8.44,483.56,bajra
99.33,53.97,39.57,20.69,36.97,7.05,626.48,wheat
43.69,71.34,66.48,21.86,21.14,8.52,438.21,chickpea
66.01,45.25,39.27,31.67,45.39,8.07,920.31,sweet_lime
42.95,30.88,29.19,30.89,66.86,5.58,3118.75,ragi
119.55,95.01,160.34,29.58,86.96,7.56,1038.22,banana
94.24,50.76,56.26,19.58,45.28,6.31,487.47,onion
36.77,34.74,57.62,26.1,66.04,5.8,3163.85,mango
28.07,51.69,53.13,30.72,72.68,6.66,857.82,groundnut
97.16,51.53,49.36,21.6,56.95,7.24,664.59,maize
36.29,33.06,36.92,24.71,83.91,6.01,1115.76,ragi
45.59,23.11,31.28,22.68,40.05,7.7,1075.96,orange
46.2,29.97,19.52,25.59,83.4,6.85,1155.69,ragi
33.85,28.23,60.26,31.05,61.84,8.28,642.28,sweet_lime
85.35,54.56,55.52,28.89,75.93,6.24,2483.26,rice
50.66,41.11,78.21,28.94,50.22,6.78,697.78,pomegranate
42.94,32.32,30.77,20.9,76.63,6.69,2636.78,ragi
83.48,71.73,31.01,25.78,42.54,8.43,1140.25,cotton
140.91,67.79,17.03,32.85,48.69,6.71,978.18,cotton
24.07,66.11,16.85,30.75,50.62,8.15,693.68,pigeonpeas
35.06,21.21,59.82,26.17,49.2,6.49,609.83,pomegranate
19.05,21.95,54.72,35.28,63.18,7.22,2438.04,mango
42.53,51.45,56.79,30.85,68.77,6.59,499.58,groundnut
32.84,61.86,17.62,34.74,40.3,7.09,1019.17,pigeonpeas
54.54,31.26,59.73,31.15,57.27,8.15,602.15,sweet_lime
57.23,30.08,104.83,25.96,68.74,6.5,2732.65,coconut
63.47,37.95,30.44,27.88,72.38,6.58,720.92,orange
50.11,43.57,60.1,32.3,67.34,7.85,866.07,orange
127.34,40.73,36.98,20.45,48.1,6.26,904.47,maize
31.21,121.71,144.05,30.84,65.65,7.67,590.87,grapes
35.45,45.63,58.89,28.39,55.55,6.89,813.03,sweet_lime
52.44,38.78,39.32,29.81,57.44,7.03,1151.46,orange
96.95,59.83,30.22,17.84,60.25,8.1,633.86,wheat
67.72,30.85,60.22,22.03,58.17,6.97,712.81,sweet_lime
38.46,73.86,55.24,33.67,48.56,6.67,549.81,groundnut
77.92,44.74,29.47,28.82,52.86,6.58,545.89,maize
69.43,49.15,34.89,30.56,62.06,6.88,638.83,sorghum
34.95,107.15,165.79,17.98,70.52,8.03,821.93,grapes
80.16,51.51,64.28,22.83,47.34,7.21,866.12,onion
21.17,79.8,127.32,18.83,43.85,7.98,654.42,grapes
114.38,73.19,99.94,28.15,75.59,7.41,550.94,tomato
29.84,54.49,54.42,17.26,23.05,7.96,589.62,chickpea
46.53,30.5,59.18,19.71,49.48,7.7,571.53,pomegranate
94.73,44.22,31.28,27.63,48.9,7.46,574.71,maize
76.18,52.82,43.85,32.11,72.61,7.2,1136.17,rice
69.85,46.18,29.26,37.4,64.11,7.22,672.98,sorghum
92.93,56.2,49.01,20.08,58.19,5.81,710.1,maize
53.73,20.27,30.03,32.32,29.29,8.09,372.86,bajra
38.73,73.04,45.34,29.44,54.35,7.45,873.93,soybean
37.74,77.39,65.54,17.87,44.74,6.5,585.38,chickpea
23.72,27.09,37.93,22.65,74.86,4.98,3131.54,cashew
47.9,23.73,35.61,26.52,46.19,8.06,449.42,bajra
29.24,25.18,41.93,27.28,66.28,5.53,2919.23,mango
31.73,21.5,41.27,31.71,70.24,5.81,2078.05,cashew
121.69,76.01,64.0,18.0,73.65,7.2,841.79,tomato
96.13,23.54,36.93,25.82,59.18,8.43,599.78,sorghum
61.24,39.27,43.08,25.11,44.43,7.96,928.32,orange
50.72,37.14,33.58,20.06,71.68,5.17,1857.6,ragi
102.98,40.33,34.8,29.88,89.8,7.45,1525.21,rice
46.27,60.26,57.71,17.57,37.85,6.5,732.95,chickpea
25.93,94.03,181.31,28.4,67.69,6.88,722.09,grapes
111.64,48.66,45.5,20.86,57.64,8.04,605.95,wheat
22.62,71.38,36.25,28.94,54.52,6.04,477.65,groundnut
34.78,18.88,36.42,30.85,74.34,6.32,2830.73,ragi
34.79,35.98,62.99,21.77,53.47,8.06,881.74,sweet_lime
105.75,67.0,57.4,19.26,57.89,7.37,625.59,maize
109.84,65.51,34.68,18.96,35.81,7.33,756.64,wheat
232.65,59.36,123.19,37.33,56.6,6.85,1361.29,sugarcane
58.46,26.95,88.83,24.62,83.38,6.32,2946.0,coconut
41.56,57.42,41.19,27.46,71.28,7.07,615.48,groundnut
102.06,35.12,38.84,28.52,94.63,6.93,1907.05,rice
92.07,54.05,45.47,19.7,70.19,6.7,845.32,onion
136.52,61.3,35.84,18.85,48.54,6.06,813.08,maize
48.58,27.55,51.64,33.68,68.65,6.33,3101.22,mango
50.47,22.05,98.94,24.88,79.49,5.96,3248.6,coconut
35.55,45.21,39.31,21.49,55.52,7.19,713.29,sweet_lime
37.93,26.98,26.72,24.5,56.23,8.57,569.37,bajra
58.68,44.02,29.79,25.21,37.24,7.68,670.34,bajra
43.36,28.28,19.34,34.37,70.08,6.25,2402.92,cashew
84.49,54.22,19.5,36.51,63.93,7.89,1023.92,cotton
195.03,63.43,103.0,34.52,75.03,6.45,1549.51,banana
42.99,47.46,59.65,32.03,38.1,6.4,470.12,pomegranate
18.36,83.91,22.44,31.91,64.76,7.92,873.1,pigeonpeas
67.63,63.88,62.47,26.2,49.44,6.78,590.48,onion
22.3,62.47,55.82,29.1,67.95,7.4,607.8,groundnut
97.1,47.21,73.81,23.42,48.3,6.17,606.25,tomato
19.79,16.56,25.6,28.11,60.19,5.7,1759.94,cashew
135.77,48.87,47.17,24.49,55.79,5.83,595.26,maize
104.09,53.83,36.62,23.02,89.93,6.81,3070.96,rice
36.76,41.8,57.51,27.9,56.79,7.56,515.51,pomegranate
112.58,82.95,109.7,27.14,52.81,6.51,853.21,tomato
46.53,24.32,32.21,30.47,83.31,6.79,1666.49,ragi
145.46,69.92,72.75,32.77,76.04,6.35,710.41,tomato
64.85,19.43,45.43,28.68,41.57,8.1,855.06,sweet_lime
91.46,46.89,27.09,30.95,45.76,7.75,781.6,sorghum
170.05,95.2,163.54,37.89,67.64,6.06,953.04,banana
33.42,20.65,23.99,19.77,79.86,5.18,1799.67,ragi
90.23,33.25,35.85,21.23,89.64,7.11,2750.88,rice
26.68,112.2,152.91,34.51,39.62,7.72,801.52,grapes
20.54,58.28,70.38,19.8,34.97,6.54,683.55,chickpea
120.87,63.18,45.41,29.14,49.45,5.74,532.25,maize
82.12,38.37,46.18,21.07,63.41,7.18,610.37,onion
41.08,30.55,32.49,24.44,81.2,6.21,1743.28,cashew
67.39,26.05,36.75,32.01,61.22,6.5,694.23,sorghum
89.57,38.96,45.66,29.25,51.37,5.93,618.65,onion
133.08,81.71,73.21,27.97,59.28,6.66,606.88,tomato
87.06,68.57,28.46,23.83,55.77,7.41,738.33,wheat
48.55,42.07,41.0,20.76,58.52,7.87,538.77,pomegranate
33.84,46.89,38.4,34.81,54.7,7.07,809.09,pomegranate
38.81,46.86,51.21,28.97,63.99,6.47,649.1,sweet_lime
78.88,50.98,31.24,27.76,51.53,7.18,748.97,sorghum
30.71,61.63,63.48,16.2,32.68,7.61,600.16,chickpea
20.78,32.56,42.99,21.47,90.48,5.87,3207.92,mango
26.81,67.57,50.08,21.66,51.94,6.55,811.22,groundnut
29.33,19.6,39.04,30.13,74.13,6.07,2398.14,cashew
26.74,23.43,25.98,33.95,59.56,6.03,3546.25,cashew
119.62,66.4,167.76,29.89,57.68,7.18,1290.09,banana
87.31,72.96,22.83,37.25,41.76,7.3,1201.31,cotton
120.48,84.69,108.56,23.71,50.53,5.94,749.37,tomato
123.14,48.37,34.76,37.44,72.14,6.76,1169.18,cotton
33.5,45.95,40.03,28.75,77.68,7.6,911.8,soybean
31.81,56.85,50.49,22.75,44.92,7.25,709.71,chickpea
92.7,40.04,37.36,18.28,65.7,6.07,630.17,maize
24.09,37.94,31.93,33.18,69.17,7.46,1017.58,orange
39.75,20.62,94.68,26.44,81.68,6.82,3640.73,coconut
45.48,70.89,35.02,32.01,71.88,7.13,841.17,groundnut
38.61,115.49,160.7,19.25,46.77,7.31,493.92,grapes
85.56,34.87,45.3,27.65,83.2,6.88,1353.01,rice
135.47,50.97,18.86,31.4,54.38,7.67,764.55,cotton
55.85,36.28,30.66,29.03,35.27,7.68,432.15,sorghum
46.47,96.06,178.66,16.01,49.69,7.97,490.81,grapes
71.66,25.89,32.82,23.14,48.5,8.52,640.4,bajra
84.58,58.69,64.83,30.85,48.63,7.91,529.23,onion
48.6,57.85,46.56,26.93,55.3,7.81,654.26,soybean
195.94,62.51,87.57,36.51,87.51,7.95,853.6,sugarcane
166.83,81.96,91.92,31.34,58.66,7.71,1241.85,sugarcane
91.18,47.99,45.03,17.67,51.64,5.78,554.73,maize
181.67,71.55,159.94,31.96,75.06,7.18,821.5,banana
27.43,28.07,38.32,27.42,91.51,6.4,2784.49,mango
125.76,58.0,33.52,13.7,39.96,7.77,375.89,wheat
32.41,51.84,56.27,32.01,50.04,7.39,645.28,groundnut
169.65,78.84,122.89,27.31,61.65,7.66,905.73,sugarcane
175.95,66.51,128.01,35.13,76.5,6.97,1069.34,banana
60.94,21.98,43.03,29.6,38.78,7.22,1098.3,orange
94.87,59.48,53.73,28.61,87.18,5.52,2134.01,rice
92.62,62.87,17.06,25.58,70.33,8.03,912.0,cotton
91.33,32.6,36.73,36.14,65.24,6.42,760.69,sorghum
24.04,67.16,66.9,21.77,41.95,8.11,431.51,chickpea
29.79,39.66,126.5,25.38,93.19,6.49,1727.76,coconut
106.72,50.94,38.38,20.91,66.84,6.53,602.88,onion
102.39,38.17,43.03,18.12,51.46,7.0,526.67,onion
36.1,34.2,62.94,31.61,65.69,7.15,545.02,pomegranate
48.4,36.44,76.71,26.77,84.43,7.43,3123.67,coconut
151.69,46.12,15.76,36.33,64.83,6.81,1078.25,cotton
98.01,27.48,42.74,34.91,51.57,6.68,595.03,sorghum
157.21,71.12,113.52,38.2,54.15,7.31,1487.08,sugarcane
113.81,67.49,46.29,29.15,43.79,6.64,897.04,onion
204.25,88.88,155.13,31.05,67.1,7.84,1095.75,banana
19.23,72.24,32.49,27.08,70.27,6.2,704.9,soybean
97.36,63.64,31.05,26.88,49.43,7.25,621.12,wheat
106.93,63.23,40.45,22.21,53.28,7.19,724.95,wheat
44.65,27.66,32.65,27.97,85.51,6.35,3704.36,mango
33.41,27.31,53.86,22.52,45.98,6.65,794.61,pomegranate
167.53,69.7,132.64,21.8,58.43,7.03,1748.25,sugarcane
106.59,39.09,48.98,18.74,35.05,8.02,675.26,wheat
36.04,19.96,33.03,25.17,65.05,6.44,1717.92,cashew
38.75,39.44,21.94,38.38,57.26,7.52,602.02,bajra
99.3,38.07,57.07,31.24,85.44,6.72,1541.19,rice
48.87,34.94,22.14,26.28,58.94,7.96,596.63,bajra
58.57,30.41,59.03,36.89,64.71,7.29,755.57,sweet_lime
141.2,58.07,68.18,31.97,60.52,7.45,618.39,tomato
173.12,84.22,160.51,28.04,74.21,6.91,829.59,banana
34.14,20.08,46.95,34.9,62.91,7.26,985.29,sweet_lime
209.82,79.11,81.97,37.75,85.79,7.6,1325.45,sugarcane
41.14,73.12,40.99,28.53,49.82,6.41,477.6,groundnut
31.41,40.81,66.53,26.4,30.99,7.83,684.76,pomegranate
90.08,50.59,84.59,23.25,70.19,7.23,641.76,tomato
45.36,57.85,74.75,26.17,36.0,7.77,729.8,chickpea
97.82,69.7,24.5,23.33,57.33,8.36,931.64,cotton
28.07,64.42,26.94,37.1,71.52,7.79,1038.72,pigeonpeas
96.49,48.82,44.74,18.76,47.22,6.0,654.82,maize
109.5,50.88,30.42,33.11,68.74,6.06,908.1,maize
42.83,20.88,39.41,28.34,52.3,8.0,793.28,sweet_lime
28.9,25.05,50.51,29.35,74.47,5.54,2855.93,mango
32.68,22.8,74.72,31.16,80.64,6.16,3046.6,coconut
121.66,66.09,51.95,25.27,51.55,7.18,862.85,maize
66.83,68.86,69.36,17.3,71.94,6.88,808.45,onion
37.03,28.68,68.67,36.18,54.23,6.92,647.4,sweet_lime
44.79,33.11,54.01,26.17,74.6,6.03,2546.58,mango
145.56,70.41,86.86,32.47,49.57,7.23,738.05,tomato
118.65,52.7,34.78,33.19,45.73,7.41,597.82,maize
111.71,66.95,49.86,31.83,51.75,7.08,585.13,onion
74.3,39.83,29.52,28.29,50.65,6.53,434.15,bajra
39.73,48.04,51.63,28.4,70.7,6.26,887.15,groundnut
99.46,52.98,52.13,31.5,47.86,6.2,876.59,maize
114.07,39.36,35.21,35.62,62.94,7.18,1000.28,cotton
119.06,41.03,52.36,21.49,73.76,6.29,907.13,maize
109.53,35.03,18.52,26.47,66.53,7.76,1213.99,cotton
47.38,123.65,115.96,34.36,62.51,7.78,502.68,grapes
20.74,50.27,77.31,19.8,24.44,7.19,715.49,chickpea
94.65,60.02,38.7,25.8,64.63,6.13,697.69,maize
26.24,29.1,34.04,34.13,81.59,6.83,3663.18,mango
133.11,47.67,111.81,38.74,64.62,7.91,1590.56,banana
41.16,21.82,30.1,31.26,80.56,7.12,3253.62,mango
34.54,61.79,20.91,35.03,72.76,7.88,795.3,soybean
97.88,66.21,35.04,20.74,50.2,6.39,645.57,maize
49.27,39.98,58.14,30.85,42.62,7.76,1081.02,orange
28.97,17.55,42.37,34.76,78.1,5.16,1714.68,cashew
37.88,45.61,41.68,31.53,50.17,8.31,391.89,bajra
72.12,68.78,44.55,29.24,52.45,6.27,739.61,onion
113.3,37.02,48.96,27.43,86.32,5.46,3618.21,rice
84.17,44.99,43.01,20.89,51.52,6.47,372.59,wheat
28.06,69.53,15.05,27.63,68.57,8.33,641.29,pigeonpeas
177.8,82.33,134.27,39.49,61.33,6.67,1400.77,sugarcane
95.27,66.6,39.96,16.54,62.45,7.76,732.36,wheat
73.1,65.34,37.78,20.9,69.68,7.33,477.47,onion
46.8,81.32,160.07,15.71,57.55,6.5,835.91,grapes
42.64,42.16,49.28,31.69,56.38,7.86,701.68,pomegranate
40.77,33.32,40.19,24.53,29.09,6.71,637.97,bajra
83.15,47.19,48.95,27.39,83.55,6.79,2894.11,rice
78.74,43.13,45.57,25.38,67.77,5.82,671.15,maize
51.55,18.3,29.92,33.47,76.14,5.85,2282.59,cashew
53.51,35.86,40.89,26.4,65.42,5.56,1442.65,ragi
135.78,65.2,67.82,20.32,50.86,6.9,800.53,tomato
85.91,51.75,39.31,31.92,55.0,5.94,916.1,onion
51.05,25.4,25.48,27.37,81.33,6.02,2129.48,cashew
54.18,24.88,26.38,28.45,78.16,5.78,1547.31,ragi
95.13,52.38,44.52,16.21,63.59,7.67,452.26,wheat
50.76,30.97,30.1,21.63,68.24,6.79,1318.22,ragi
43.56,69.76,45.42,25.92,52.32,7.25,748.14,soybean
98.5,42.2,39.41,27.28,40.28,7.64,485.34,sorghum
31.87,58.17,48.7,19.66,20.36,7.59,620.11,chickpea
19.86,24.37,41.32,35.41,83.85,5.64,3776.93,mango
19.45,53.53,78.26,24.44,45.8,6.46,475.1,chickpea
22.08,26.06,34.9,25.87,59.08,5.26,1702.01,cashew
36.92,56.67,39.26,30.62,44.75,7.01,763.5,groundnut
16.81,54.51,14.24,28.06,56.24,6.62,757.17,pigeonpeas
148.14,48.08,110.03,38.64,85.5,7.41,1515.35,banana
76.19,39.14,49.48,15.79,49.27,7.6,559.22,wheat
68.69,44.36,43.81,26.13,56.7,6.48,687.45,onion
75.34,54.14,50.59,31.94,64.62,7.28,914.65,maize
135.36,71.09,190.6,27.5,74.04,6.72,1561.57,banana
31.77,54.3,57.63,25.02,31.49,7.12,570.95,chickpea
55.86,20.27,25.82,30.29,88.75,5.92,1439.66,ragi
68.64,41.4,52.11,22.05,47.16,8.02,709.32,sweet_lime
36.19,30.08,48.11,35.65,41.04,7.74,985.96,sweet_lime
18.57,79.41,25.02,33.11,62.59,8.13,1123.19,pigeonpeas
20.85,60.07,29.34,27.04,72.72,6.43,814.66,groundnut
167.59,71.44,86.92,29.41,87.76,7.31,1015.52,sugarcane
49.27,103.0,167.86,24.01,53.4,7.27,470.62,grapes
108.98,58.28,57.28,25.81,74.54,5.79,2911.74,rice
33.64,15.42,21.7,27.47,69.58,5.5,3623.98,cashew
31.17,51.68,63.64,21.32,38.45,7.65,476.94,chickpea
97.02,45.15,34.59,24.14,81.4,6.93,2159.12,rice
41.46,66.3,35.24,32.89,48.47,7.21,717.68,pigeonpeas
29.74,24.48,27.17,23.13,82.17,6.31,1750.03,ragi
31.09,70.87,15.0,28.69,53.51,7.09,737.55,pigeonpeas
33.43,29.93,38.98,20.32,43.08,6.53,791.75,pomegranate
70.43,54.42,68.94,29.31,63.3,7.83,740.08,onion
31.83,18.55,38.86,30.3,68.82,5.54,2593.71,mango
36.06,20.66,61.08,28.87,59.36,6.56,762.11,sweet_lime
54.26,46.33,43.22,30.03,34.74,8.3,628.54,sorghum
71.87,34.73,38.98,28.28,40.67,8.21,494.96,bajra
29.59,56.05,46.29,26.9,55.81,6.97,722.08,groundnut
166.55,67.27,177.47,38.65,83.44,7.92,1137.42,banana
44.73,92.14,121.71,19.8,72.6,6.54,595.73,grapes
71.8,50.99,48.75,34.22,50.23,7.89,635.18,sorghum
75.88,66.05,69.91,21.23,60.85,6.26,749.03,onion
129.98,40.67,30.11,31.49,58.28,6.97,685.17,cotton
202.27,81.98,130.08,26.74,67.14,7.61,1161.66,sugarcane
73.52,24.83,30.03,24.17,32.27,8.13,406.94,bajra
34.07,42.27,39.14,25.87,70.25,7.04,790.9,soybean
27.39,115.4,182.42,30.23,52.98,7.3,680.26,grapes
38.65,78.76,70.95,26.45,36.8,7.78,738.28,chickpea
27.09,80.24,34.75,25.17,40.65,6.47,916.24,pigeonpeas
33.29,25.51,61.02,29.9,58.12,7.04,784.22,pomegranate
41.06,116.05,135.5,22.57,56.89,7.14,519.45,grapes
54.94,24.45,67.2,24.88,88.7,6.89,1580.91,coconut
66.37,54.12,49.9,26.6,63.89,7.25,869.48,onion
97.47,64.35,35.43,32.87,65.18,7.4,959.6,cotton
154.0,72.93,32.95,26.64,52.74,7.03,1160.04,cotton
116.54,70.56,64.76,32.02,53.87,6.21,566.4,tomato
58.51,67.89,43.83,32.41,43.47,7.13,826.32,onion
39.7,34.6,30.93,32.37,64.44,5.87,3036.88,ragi
51.03,29.77,58.6,25.12,62.83,7.24,601.27,pomegranate
56.41,31.9,26.37,31.46,36.18,7.07,405.71,bajra
49.66,16.67,25.53,25.42,86.1,5.87,3031.76,cashew
30.59,37.75,61.39,20.58,54.85,7.48,469.03,pomegranate
108.74,60.81,52.2,30.62,79.72,5.83,2555.81,rice
60.94,63.94,49.82,30.13,70.77,6.97,822.61,onion
26.02,82.22,35.21,30.85,71.99,6.97,1044.83,pigeonpeas
65.48,59.29,73.15,26.16,60.86,6.2,810.86,onion
33.69,68.0,54.9,32.3,67.82,7.38,839.68,groundnut
38.76,23.7,40.74,27.22,50.99,7.57,804.38,pomegranate
18.85,77.06,166.34,15.07,62.36,8.0,789.17,grapes
97.39,82.33,73.18,22.41,75.1,5.93,708.05,tomato
44.15,125.32,171.4,18.57,43.82,7.34,587.02,grapes
21.43,76.93,61.63,15.75,28.13,7.37,667.27,chickpea
43.09,69.52,24.46,22.73,66.97,6.85,647.64,soybean
58.35,44.16,54.84,29.91,39.85,7.39,956.13,sweet_lime
115.4,43.41,35.2,25.77,86.63,6.42,2716.19,rice
98.97,60.88,116.48,21.69,61.48,6.73,880.52,tomato
32.8,41.87,75.48,22.79,67.4,7.19,451.27,pomegranate
47.11,65.92,19.32,37.61,41.2,6.06,726.64,pigeonpeas
70.43,41.42,23.36,27.77,38.49,8.18,640.57,bajra
88.02,42.2,44.0,28.01,53.35,7.87,520.2,sorghum
51.44,28.63,56.97,29.02,39.5,7.83,750.2,sweet_lime
98.17,80.34,82.7,22.03,56.25,7.64,633.04,tomato
90.7,43.42,49.54,31.56,67.81,5.88,838.47,onion
44.96,22.89,69.45,29.2,72.55,6.75,3330.96,coconut
68.5,34.48,45.71,26.2,79.22,5.98,2990.16,rice
33.11,41.3,110.83,33.39,71.92,6.29,1720.5,coconut
45.66,19.52,91.15,27.83,85.48,6.65,2496.18,coconut
27.94,60.03,59.29,15.62,41.16,6.62,741.77,chickpea
99.05,40.96,41.01,19.05,52.4,6.61,508.71,wheat
140.18,54.58,92.51,23.26,77.14,6.32,738.83,tomato
17.97,74.22,28.48,33.2,65.92,7.77,786.85,pigeonpeas
238.54,98.61,75.89,26.26,56.38,7.22,2192.51,sugarcane
36.89,27.47,38.63,26.66,72.64,4.93,3114.49,cashew
83.41,52.81,46.09,28.48,94.9,5.57,3509.18,rice
36.47,59.4,37.72,25.77,74.49,7.41,1146.03,soybean
26.34,17.93,50.54,27.24,82.4,6.69,2126.41,mango
103.66,42.69,28.56,24.04,50.12,6.56,780.31,wheat
37.76,26.01,43.7,24.54,83.78,6.65,3551.64,mango
119.14,69.31,108.36,18.48,50.84,6.32,751.3,tomato
138.72,72.51,70.65,26.32,65.6,7.03,525.57,tomato
44.73,19.72,32.39,32.3,90.49,6.85,3123.16,ragi
75.78,49.31,24.0,28.4,59.72,8.17,795.28,sorghum
145.28,57.32,85.74,29.51,56.07,6.05,517.79,tomato
30.04,18.29,36.13,26.06,59.49,5.22,2755.7,cashew
27.42,63.16,23.0,26.42,54.72,7.13,671.3,pigeonpeas
37.69,71.05,70.48,25.6,32.26,8.44,527.32,chickpea
52.48,23.99,53.05,33.81,71.98,7.08,1066.27,orange
85.77,60.89,46.36,26.06,56.4,7.75,555.41,wheat
177.05,82.75,100.33,21.45,76.18,7.27,1500.48,sugarcane
50.16,30.04,63.46,22.58,57.19,8.14,509.78,pomegranate
125.37,67.25,43.01,18.25,64.99,6.86,442.9,wheat
113.86,47.49,49.14,34.55,81.29,5.63,1627.64,rice
143.35,70.29,18.31,27.94,56.91,6.87,704.14,cotton
246.69,56.51,83.98,37.88,72.93,8.32,1839.26,sugarcane
32.88,63.46,48.27,28.14,60.73,6.13,807.07,groundnut
33.16,116.08,178.04,19.19,40.57,6.47,600.81,grapes
96.15,59.46,44.94,13.68,42.31,7.93,624.43,wheat
38.01,21.64,57.08,25.41,87.59,6.63,1983.07,mango
39.34,21.62,21.85,30.46,47.89,7.38,582.84,bajra
17.41,60.04,29.44,27.7,41.9,6.15,1016.7,pigeonpeas
22.18,57.32,65.34,24.18,34.85,7.18,680.4,chickpea
217.16,89.03,113.03,38.0,67.99,7.58,1407.47,sugarcane
37.06,29.4,30.09,31.96,64.36,6.82,1417.08,ragi
131.52,50.09,106.09,27.54,68.51,6.59,1528.67,banana
47.87,46.76,62.11,21.9,43.15,7.89,769.57,sweet_lime
56.26,24.04,104.52,31.04,81.44,7.52,3465.4,coconut
30.16,107.26,137.9,34.69,72.38,6.67,557.24,grapes
33.88,29.13,42.82,23.96,81.09,6.69,2700.21,mango
95.71,56.67,48.61,28.26,88.28,7.59,1217.35,rice
56.27,36.78,40.75,20.51,30.6,8.46,797.08,pomegranate
56.59,34.3,21.62,33.9,50.21,8.39,421.18,bajra
117.43,93.56,129.0,31.45,74.72,7.02,921.17,banana
128.28,52.33,97.04,29.45,67.2,6.57,834.1,tomato
55.22,30.09,35.0,28.49,73.67,6.66,1401.14,ragi
96.69,43.3,35.59,29.23,73.1,7.23,619.04,maize
64.86,26.02,30.75,33.67,43.84,7.99,624.49,sorghum
48.37,73.87,36.79,22.57,73.35,7.27,830.8,soybean
106.99,62.7,64.6,19.39,62.51,6.77,667.37,tomato
28.82,15.81,28.21,26.58,62.52,6.27,3223.68,mango
46.35,52.26,30.85,39.25,53.09,7.29,1010.64,pigeonpeas
47.2,24.59,31.47,32.35,84.34,5.67,1270.82,ragi
30.62,36.57,37.71,31.13,84.77,6.4,2952.33,ragi
33.84,45.09,69.05,26.53,29.52,6.68,590.17,chickpea
211.04,94.19,92.39,36.73,79.79,6.68,1275.2,sugarcane
24.28,23.45,29.29,33.15,75.62,5.68,1781.36,cashew
124.43,46.59,51.24,18.77,51.02,7.9,686.78,wheat
51.64,28.21,47.58,38.35,72.11,7.01,997.72,orange
53.07,42.41,60.7,25.97,43.14,7.99,870.76,sweet_lime
30.27,104.79,137.92,22.66,55.24,7.95,694.78,grapes
95.3,39.06,24.56,33.03,57.59,6.47,456.65,sorghum
35.99,107.42,163.96,20.31,70.4,7.65,481.25,grapes
23.72,47.01,77.44,21.06,32.98,7.07,388.11,chickpea
36.46,17.99,29.84,27.68,91.3,6.65,2000.5,mango
81.26,40.97,56.76,23.94,88.79,6.3,2559.68,rice
45.49,33.12,82.42,24.97,92.85,7.49,2173.2,coconut
106.07,58.88,18.57,24.8,59.66,7.92,1007.77,cotton
40.43,41.79,20.11,26.63,77.09,6.17,2644.07,ragi
45.14,26.05,25.51,30.69,91.43,6.08,2118.42,cashew
63.99,21.76,32.7,23.6,32.34,8.08,377.72,bajra
86.78,38.29,49.61,22.21,86.46,7.61,1376.16,rice
43.6,25.96,34.21,33.63,60.29,7.74,483.46,bajra
37.74,23.94,35.91,36.39,31.69,8.01,533.13,bajra
146.71,81.5,153.93,33.97,58.84,7.31,1364.74,banana
27.07,52.63,25.22,27.66,49.17,6.27,1085.38,soybean
46.89,66.44,56.69,26.19,68.91,7.39,577.1,groundnut
64.88,37.92,60.14,17.57,58.47,7.57,475.04,onion
32.8,42.97,30.85,29.06,51.81,6.99,887.75,groundnut
233.8,66.54,123.76,24.67,78.08,7.37,1776.89,sugarcane
115.72,52.19,47.58,23.44,38.17,7.77,552.86,wheat
228.43,99.35,108.63,21.71,75.37,7.22,1064.31,sugarcane
131.94,57.12,41.69,29.1,54.35,6.63,809.71,maize
162.45,76.65,167.1,28.08,84.83,7.79,1152.19,banana
22.19,70.49,35.32,23.14,40.09,6.58,1072.29,pigeonpeas
46.25,63.98,22.5,29.0,56.6,6.5,970.51,soybean
28.38,23.19,26.81,23.86,85.52,5.89,3615.4,cashew
99.82,73.65,21.99,36.07,56.31,8.44,813.25,cotton
60.0,39.35,30.65,25.03,64.76,5.45,2713.63,ragi
53.63,20.52,54.01,38.12,41.24,8.06,738.02,pomegranate
43.25,38.1,41.56,28.08,83.46,5.8,1659.78,ragi
23.79,54.69,72.93,25.64,46.66,7.18,594.78,chickpea
75.66,29.41,34.77,34.85,49.56,6.91,687.54,bajra
50.98,29.32,125.62,31.96,86.64,6.35,2555.89,coconut
41.91,77.66,182.86,27.95,40.95,7.54,713.56,grapes
35.5,31.02,42.17,37.2,43.33,7.06,646.13,sweet_lime
24.63,24.32,52.37,25.57,91.49,6.11,2791.56,mango
74.24,28.2,41.82,27.65,56.22,7.17,622.18,sorghum
42.17,106.42,114.5,19.57,72.69,7.41,462.4,grapes
147.22,61.12,62.96,23.17,52.36,7.21,615.72,tomato
27.87,55.8,28.44,38.87,58.91,8.28,992.53,pigeonpeas
142.09,81.21,126.38,34.54,59.04,6.95,2012.32,sugarcane
87.39,61.42,42.17,24.32,74.03,6.52,1764.49,rice
40.55,46.35,42.71,28.7,72.11,6.75,667.75,soybean
78.3,35.11,28.69,25.0,39.22,8.17,357.47,bajra
33.66,58.58,23.86,25.28,67.46,7.61,1183.26,soybean
87.26,44.05,65.22,18.63,47.62,6.05,685.68,onion
126.05,63.3,95.52,25.71,63.32,6.22,555.48,tomato
80.92,43.73,47.66,25.72,61.81,6.64,558.42,sorghum
21.86,19.95,28.84,32.68,78.94,5.95,2607.34,mango
38.62,26.42,40.83,22.17,63.31,6.15,2737.91,mango
39.45,37.78,21.07,24.61,57.79,7.59,988.48,soybean
60.87,31.07,46.45,29.13,66.37,7.95,856.54,orange
107.57,34.98,53.07,25.33,93.0,7.63,3466.82,rice
100.84,62.66,47.5,18.61,57.07,6.46,500.43,onion
104.71,46.99,29.5,26.71,65.14,7.49,799.88,wheat
45.02,61.81,32.74,30.73,72.15,6.83,823.07,groundnut
32.85,30.36,32.31,28.92,88.21,5.89,2240.52,ragi
25.83,21.8,41.29,24.75,83.49,5.99,1681.83,cashew
223.0,91.39,113.16,33.56,66.1,8.32,1464.58,sugarcane
24.78,89.21,167.45,21.24,58.51,7.34,600.79,grapes
25.23,50.32,20.4,38.41,67.43,7.01,1056.36,pigeonpeas
32.17,36.73,122.26,28.11,84.42,7.2,2000.32,coconut
59.75,45.46,33.42,29.41,35.48,7.17,722.49,sorghum
59.62,39.64,42.18,26.69,90.84,5.18,1233.0,ragi
88.61,53.32,33.5,39.04,47.9,8.68,826.94,cotton
231.72,72.21,75.72,34.28,52.81,7.19,928.27,sugarcane
39.11,123.99,146.97,15.64,57.9,7.38,516.79,grapes
83.69,59.09,32.51,17.35,37.86,8.0,612.29,wheat
30.38,69.04,36.91,32.71,61.12,6.2,749.93,groundnut
28.52,22.53,122.33,28.51,70.15,6.5,1672.34,coconut
99.05,53.25,34.89,28.82,70.51,8.64,1198.92,cotton
21.15,94.89,175.96,18.27,72.11,7.23,728.18,grapes
52.26,28.45,122.48,32.73,92.57,6.77,3486.51,coconut
104.05,60.86,44.1,32.27,76.79,5.43,2535.76,rice
86.72,39.74,25.85,30.02,62.09,8.3,643.68,sorghum
106.11,45.62,34.02,25.24,94.64,7.3,3346.27,rice
36.34,96.34,160.31,17.86,46.45,6.99,638.29,grapes
209.1,71.87,134.03,26.37,87.82,6.57,1456.76,banana
61.55,40.36,19.38,19.8,74.35,6.58,2761.14,ragi
102.57,38.19,16.7,28.0,53.75,6.8,1127.43,cotton
53.54,35.65,32.28,23.19,36.48,6.83,764.27,sorghum
174.78,63.56,147.55,26.84,83.26,7.22,835.11,banana
107.2,37.12,35.51,25.49,79.35,6.26,1959.63,rice
50.05,43.46,24.08,24.25,49.18,8.11,452.17,bajra
204.45,89.04,103.29,28.64,64.35,6.82,1515.79,banana
43.19,20.91,31.19,26.16,74.59,5.04,3362.69,cashew
118.17,53.29,49.56,25.31,47.58,7.53,803.45,wheat
30.75,42.44,51.84,31.42,62.35,6.81,945.11,orange
26.19,61.58,30.0,33.95,44.42,6.43,648.76,groundnut
54.48,33.36,62.06,30.32,40.65,7.12,694.92,orange
107.4,44.27,34.41,21.13,46.58,6.87,885.65,maize
36.56,24.18,35.61,31.08,87.05,5.4,1990.89,cashew
43.75,21.65,82.45,23.77,85.81,6.47,2376.95,coconut
83.6,38.09,41.93,25.01,53.69,6.52,704.19,sorghum
39.02,108.54,140.01,18.74,58.51,6.5,735.49,grapes
53.44,21.33,39.57,33.23,32.35,7.7,466.52,bajra
43.42,38.32,42.34,30.78,63.2,5.44,2746.19,ragi
106.79,59.62,82.97,19.01,63.57,5.95,666.23,tomato
231.2,67.79,116.79,25.08,77.43,6.95,2012.99,sugarcane
110.89,84.56,82.37,23.09,75.72,6.27,902.71,tomato
47.01,37.19,65.4,25.34,74.44,5.74,1434.48,coconut
58.78,22.34,76.5,29.52,83.12,6.52,2229.71,coconut
38.45,37.56,37.22,19.3,67.39,6.81,1541.49,ragi
31.84,41.98,100.95,32.57,78.68,6.83,3367.87,coconut
22.46,53.61,39.84,28.65,48.4,6.31,719.4,groundnut
82.5,23.98,31.8,31.35,56.55,8.26,481.17,sorghum
108.15,44.28,73.54,21.17,50.52,6.65,706.56,onion
47.11,34.4,38.45,31.13,64.15,6.69,2964.56,mango
33.05,18.84,43.62,30.11,83.19,6.47,3113.76,mango
130.86,79.34,99.72,31.38,74.07,6.9,997.5,tomato
77.67,30.38,38.19,23.92,47.01,7.42,482.82,sorghum
50.85,32.74,60.9,25.64,67.82,7.08,3321.36,coconut
43.57,14.94,40.31,37.03,76.68,5.4,3500.11,cashew
47.58,58.85,55.91,32.41,45.18,7.61,604.74,groundnut
63.18,27.93,78.51,28.82,88.81,5.57,2528.63,coconut
95.13,47.25,35.6,24.92,41.96,8.01,646.72,wheat
20.04,17.03,30.59,27.94,84.6,5.69,2288.09,cashew
24.99,45.26,59.39,15.96,23.48,6.68,426.44,chickpea
144.82,80.6,63.96,23.37,71.64,7.41,988.59,tomato
38.82,32.13,26.0,26.68,77.97,6.53,1330.17,ragi
42.3,37.86,26.14,28.46,66.45,5.55,3434.45,ragi
28.91,28.8,23.26,35.89,75.6,5.43,2361.55,cashew
59.84,28.1,41.94,34.47,55.57,8.14,544.26,bajra
24.68,73.98,52.49,21.26,33.83,6.65,531.68,chickpea
28.27,29.71,39.6,22.68,52.12,6.58,711.23,sweet_lime
34.49,47.51,50.03,20.78,34.2,7.03,697.51,chickpea
149.3,47.38,24.59,25.69,74.86,6.98,631.46,cotton
41.06,32.47,58.01,27.72,68.6,6.38,663.78,sweet_lime
37.69,22.24,61.11,35.14,59.9,6.42,1004.59,sweet_lime
170.44,93.14,179.73,23.2,72.81,6.94,1092.53,banana
26.85,17.61,39.08,35.49,61.87,5.08,3472.63,cashew
56.99,44.19,75.56,19.57,43.23,7.17,611.2,pomegranate
137.75,51.13,106.9,22.86,60.3,6.18,738.05,tomato
88.35,59.84,28.34,24.1,39.79,7.79,420.39,wheat
54.28,44.14,40.97,30.02,42.42,6.59,519.12,sorghum
75.44,40.37,37.86,22.15,57.98,6.87,436.31,wheat
111.23,47.11,49.6,28.57,64.82,7.5,848.84,maize
42.32,42.83,67.1,35.15,53.85,7.77,546.3,pomegranate
35.21,79.2,177.54,34.44,44.51,6.69,479.45,grapes
142.93,54.7,87.37,31.84,74.47,6.02,640.57,tomato
113.77,37.59,16.33,36.18,64.26,6.7,641.58,cotton
247.61,83.52,83.23,31.17,69.54,7.6,2108.94,sugarcane
183.05,63.8,122.22,27.96,70.99,7.43,2192.29,sugarcane
46.65,37.43,77.25,29.49,82.57,5.7,2059.55,coconut
103.01,61.18,43.96,20.84,37.81,8.01,402.84,wheat
69.31,39.45,38.99,28.02,58.37,8.04,708.72,sorghum
38.38,25.54,27.43,21.41,76.02,5.58,2621.47,cashew
46.42,42.76,22.54,23.54,57.82,7.59,459.73,bajra
108.34,70.24,36.66,23.15,70.41,7.46,704.07,cotton
45.7,79.47,32.83,35.71,50.77,8.15,691.01,pigeonpeas
28.47,26.18,31.28,25.79,70.71,6.42,2454.15,cashew
97.39,52.31,41.91,23.0,79.43,6.68,1383.38,rice
65.93,55.3,48.79,26.2,68.32,5.99,887.84,onion
53.22,34.66,36.49,27.43,51.51,7.22,654.64,bajra
19.23,58.37,32.67,26.71,44.47,6.22,721.04,groundnut
80.4,50.3,49.85,27.45,37.96,8.58,797.6,sorghum
131.57,64.23,92.64,22.43,53.65,6.15,1010.31,tomato
28.43,34.69,37.35,24.97,73.73,6.78,2535.36,ragi
37.36,30.52,95.81,30.45,69.59,6.54,2293.35,coconut
76.55,49.59,44.81,18.25,52.38,5.8,478.94,maize
49.5,29.77,42.83,34.65,31.1,6.5,669.45,pomegranate
39.9,42.2,70.9,33.31,54.82,6.7,721.78,pomegranate
46.21,30.57,20.69,31.19,86.58,5.12,1398.62,ragi
203.3,71.0,122.49,25.48,52.93,8.34,2244.54,sugarcane
36.48,44.87,47.24,30.1,57.73,6.84,573.94,pomegranate
26.38,36.45,58.7,20.31,63.94,7.86,925.51,orange
40.36,46.07,43.12,25.41,63.85,7.04,568.92,groundnut
36.12,114.91,142.37,32.29,65.87,6.73,853.34,grapes
22.34,24.75,58.25,28.74,88.94,5.88,3594.03,mango
20.08,35.07,57.9,30.94,77.67,6.76,3438.28,mango
33.49,51.94,29.83,29.03,61.18,7.92,671.89,pigeonpeas
63.18,57.59,41.38,29.23,65.3,6.13,537.91,onion
131.26,52.71,82.45,17.83,49.77,7.0,967.55,tomato
32.39,50.46,14.4,32.94,63.73,7.0,1121.75,pigeonpeas
108.68,48.34,45.68,16.37,58.85,7.72,495.15,wheat
33.65,43.08,49.6,31.55,57.16,8.13,993.49,orange
96.07,40.8,44.37,19.11,42.23,7.18,688.37,wheat
24.37,27.84,49.38,19.89,43.62,6.51,950.58,orange
32.98,85.39,161.93,27.58,45.39,6.83,823.94,grapes
29.01,29.03,71.81,25.85,79.37,7.37,2337.28,coconut
24.9,40.8,75.57,28.78,48.38,8.05,781.56,pomegranate
114.72,36.94,23.98,32.54,46.73,7.77,742.65,cotton
112.74,49.07,50.4,18.11,71.71,7.38,618.47,onion
225.24,100.69,128.55,38.66,87.46,6.87,1305.39,sugarcane
37.91,16.77,32.67,36.16,70.97,5.3,3132.12,cashew
124.99,64.09,28.89,37.41,47.77,6.9,1017.23,cotton
195.01,70.9,120.04,31.79,65.11,6.69,1550.98,banana
48.64,47.36,41.02,32.57,60.21,7.22,530.7,pomegranate
40.95,48.47,26.26,27.29,63.69,5.9,1016.1,pigeonpeas
170.88,66.15,121.55,32.59,76.75,6.15,1501.03,banana
131.46,59.11,41.86,22.9,74.71,7.18,777.82,maize
64.8,37.62,62.47,38.74,58.97,8.11,629.49,sweet_lime
35.96,38.45,45.41,24.14,60.48,7.01,976.42,sweet_lime
31.97,38.52,28.16,19.51,67.31,5.39,2575.76,ragi
144.29,56.11,90.72,17.54,74.76,7.62,781.99,tomato
74.29,63.35,53.64,26.88,81.46,5.83,3408.7,rice
43.72,59.2,74.08,23.73,36.91,6.08,577.4,chickpea
92.63,29.8,31.12,28.14,48.04,6.89,820.39,sorghum
49.23,110.22,176.38,23.46,67.19,6.74,558.48,grapes
112.7,55.14,68.56,21.84,70.75,6.01,867.29,onion
37.06,46.48,26.72,26.7,50.47,6.72,1163.0,soybean
70.44,38.94,30.69,38.43,52.53,6.64,774.53,sorghum
33.64,33.52,67.57,21.36,55.52,8.18,609.01,pomegranate
46.55,33.78,47.74,27.92,60.97,6.42,1007.38,orange
23.6,22.56,45.64,27.79,70.99,6.49,3242.69,mango
23.59,62.15,20.79,28.45,65.5,7.54,727.04,soybean
35.41,113.9,156.23,35.1,49.93,8.01,672.46,grapes
31.87,45.42,75.9,26.16,40.01,6.52,612.36,chickpea
39.21,28.32,34.22,34.4,40.92,7.01,380.2,bajra
39.9,41.41,48.15,39.45,45.57,6.78,500.1,pomegranate
148.41,46.24,23.64,28.67,55.73,7.79,717.27,cotton
46.25,21.55,40.07,22.05,72.26,6.91,2648.9,mango
22.85,103.25,119.55,29.05,68.81,7.09,834.54,grapes
54.41,35.85,67.73,26.89,90.37,5.64,2989.64,coconut
70.88,45.77,42.01,34.53,46.83,8.6,636.04,bajra
40.46,35.71,65.63,30.5,67.61,6.5,3599.69,coconut
38.46,59.34,46.87,25.7,58.31,5.9,684.1,groundnut
24.49,52.51,48.38,16.71,36.35,8.29,690.17,chickpea
45.72,73.12,64.07,21.14,40.08,7.01,444.07,chickpea
43.94,23.06,43.79,22.56,46.38,7.68,457.8,pomegranate
41.81,37.12,52.16,27.9,33.45,8.25,802.97,pomegranate
111.14,64.19,38.78,18.02,60.64,6.47,740.78,onion
57.35,42.28,22.94,26.38,50.59,8.65,542.53,bajra
186.16,71.35,152.76,27.35,79.02,6.95,1400.95,banana
27.47,51.26,30.37,35.9,60.63,7.94,1038.81,pigeonpeas
45.28,124.68,152.47,35.93,68.53,6.53,708.21,grapes
68.96,30.35,45.57,31.72,39.68,7.32,756.34,sorghum
73.63,60.07,39.84,27.5,91.68,7.44,1896.25,rice
58.23,39.86,42.51,37.91,68.81,6.68,785.11,orange
55.16,30.35,37.12,32.58,57.16,6.45,578.29,sorghum
66.9,48.75,49.69,17.92,60.76,5.91,915.6,onion
37.59,50.88,71.81,20.14,19.31,8.14,734.94,chickpea
228.64,83.78,118.31,26.11,56.61,7.2,2101.11,sugarcane
101.79,60.66,48.81,17.25,45.56,6.59,485.55,wheat
20.98,40.85,41.56,33.87,72.13,7.26,792.87,soybean
19.52,49.58,15.82,26.74,46.5,7.48,1033.24,pigeonpeas
79.06,40.72,35.59,31.46,87.56,6.94,2437.6,rice
46.05,47.33,56.71,28.76,51.65,6.14,480.71,groundnut
161.83,70.94,122.21,28.39,59.78,5.97,941.07,banana
61.86,43.03,61.75,31.81,68.04,7.54,895.84,orange
127.21,67.83,60.48,32.4,67.7,6.45,612.01,tomato
16.49,56.4,19.67,31.04,50.86,7.44,674.29,pigeonpeas
26.68,39.63,47.6,30.0,31.41,8.24,436.73,pomegranate
42.16,41.2,107.98,28.31,73.14,6.79,2218.46,coconut
142.91,63.79,129.2,36.11,78.5,8.3,2161.03,sugarcane
38.63,91.02,163.05,27.42,43.72,6.63,637.4,grapes
28.53,98.16,126.03,15.9,50.87,7.02,764.83,grapes
114.3,95.23,109.08,23.29,76.33,6.06,1427.46,banana
27.7,41.93,78.49,36.24,65.94,6.9,606.7,pomegranate
48.72,31.91,60.93,23.42,73.3,5.45,2437.94,coconut
34.54,40.35,67.56,26.37,89.1,6.24,3253.76,coconut
33.26,58.01,19.62,23.19,45.68,5.99,967.32,pigeonpeas
19.12,29.37,22.74,21.39,83.54,5.07,1757.87,cashew
66.35,32.45,48.78,23.45,63.56,6.9,725.94,sorghum
122.65,42.96,34.59,18.61,48.25,7.69,618.11,wheat
105.34,47.52,30.75,22.31,54.21,7.2,518.37,wheat
20.84,67.09,37.9,29.77,71.95,7.56,726.56,soybean
35.95,29.55,41.1,31.41,75.26,6.16,1717.87,ragi
24.8,41.96,55.99,25.98,57.4,7.21,741.56,pomegranate
50.65,22.74,37.27,33.01,47.98,7.42,441.33,bajra
85.88,50.85,33.42,26.72,67.2,5.7,847.47,maize
55.96,18.83,55.27,30.96,50.15,6.56,436.23,pomegranate
71.9,37.82,22.04,35.99,55.61,7.22,417.41,bajra
42.21,126.12,151.69,31.78,48.08,6.82,749.88,grapes
197.51,77.18,82.38,30.05,53.55,6.53,829.86,sugarcane
17.64,53.59,17.98,39.03,62.06,6.3,1019.75,pigeonpeas
26.44,26.67,55.58,27.12,81.48,6.39,2148.28,mango
41.11,64.62,29.8,24.73,57.42,6.7,702.37,soybean
85.38,67.16,65.56,22.32,49.13,7.06,560.61,onion
45.48,55.59,79.04,18.45,25.31,6.67,466.78,chickpea
29.55,72.53,22.87,26.87,52.69,6.85,829.93,soybean
39.36,54.93,33.39,32.56,70.87,7.2,939.31,soybean
53.68,47.51,30.21,24.5,38.93,7.89,364.95,bajra
42.02,24.53,50.68,21.76,85.46,6.33,3056.24,mango
16.01,63.12,22.78,32.98,45.66,7.44,967.35,pigeonpeas
41.64,68.52,30.3,23.97,69.22,6.39,690.16,soybean
99.84,49.14,68.17,25.15,68.01,7.57,700.04,onion
27.95,32.74,48.34,39.0,43.5,6.51,815.52,orange
113.72,50.62,29.32,25.29,43.93,6.83,719.09,cotton
35.1,21.72,44.06,25.63,80.75,6.5,1889.92,mango
102.12,42.33,43.55,21.8,52.8,6.12,700.96,maize
44.53,24.3,20.86,30.5,90.05,5.94,3098.37,cashew
62.7,22.86,62.91,33.02,91.26,6.74,1693.49,coconut
96.45,59.28,53.79,20.33,49.44,7.5,638.71,onion
152.2,95.82,131.54,38.24,75.74,8.07,1602.77,sugarcane
48.05,20.46,45.3,27.49,56.39,8.3,750.68,sweet_lime
38.05,35.06,35.15,24.68,81.19,7.11,3350.48,mango
104.42,52.69,42.1,21.63,46.41,6.91,578.46,wheat
26.69,31.57,57.47,26.05,65.87,5.96,3341.48,mango
81.43,20.04,31.88,36.3,54.62,7.66,383.06,bajra
20.26,25.34,34.6,30.83,84.94,4.96,3794.67,cashew
208.48,87.42,108.3,28.03,77.56,8.04,1119.29,sugarcane
80.23,45.83,26.96,24.35,64.0,8.61,577.44,sorghum
23.46,65.57,29.69,22.81,47.3,6.16,558.08,groundnut
40.56,58.29,40.6,22.62,77.03,7.63,772.54,soybean
134.55,35.95,20.1,29.37,55.71,6.83,764.99,cotton
40.11,31.01,56.98,26.47,74.21,6.67,2927.44,mango
46.83,31.15,70.22,33.59,61.03,7.79,551.96,pomegranate
89.84,61.54,38.34,17.93,57.93,6.98,477.34,maize
96.13,63.82,68.93,21.29,71.52,5.9,839.87,onion
42.79,42.34,58.9,23.58,41.21,6.57,1090.88,orange
57.65,39.49,19.75,22.59,69.56,6.26,1247.34,ragi
66.27,32.56,62.69,32.8,46.29,6.45,777.18,sweet_lime
42.48,67.48,41.52,31.42,73.2,6.21,860.02,soybean
52.22,22.52,22.23,31.18,64.51,5.46,2050.4,ragi
46.04,29.36,24.83,27.13,74.0,4.96,3086.35,cashew
33.52,38.02,34.77,26.67,65.03,7.29,892.98,soybean
29.63,32.62,21.93,31.04,71.66,5.75,1687.03,ragi
34.68,28.74,33.88,24.06,43.95,7.96,852.53,orange
92.25,41.57,53.85,25.05,88.45,5.89,3356.64,rice
20.25,94.71,125.82,23.99,72.71,7.83,681.88,grapes
47.5,31.96,30.28,35.59,62.51,7.36,743.85,orange
108.44,62.01,59.96,22.59,65.11,6.46,665.15,tomato
102.82,84.09,95.51,24.27,73.91,7.34,610.94,tomato
25.16,36.59,52.16,23.86,75.69,6.62,3442.71,mango
73.86,30.9,27.98,24.74,43.05,8.42,553.22,bajra
122.67,43.42,49.19,17.67,40.33,7.32,618.36,wheat
41.78,105.52,137.59,26.96,56.36,7.03,541.28,grapes
112.7,65.83,66.12,17.66,60.81,6.54,1001.73,tomato
23.77,28.99,76.23,27.17,33.76,6.86,685.15,pomegranate
81.06,38.14,34.42,31.28,75.95,7.58,3750.26,rice
29.19,43.83,41.72,29.49,55.79,6.37,731.39,soybean
42.08,72.54,18.37,27.78,45.48,7.84,748.41,pigeonpeas
100.28,43.35,65.84,19.74,57.57,6.08,496.88,onion
42.27,47.14,21.0,31.18,54.56,6.37,1172.54,soybean
45.78,14.3,26.61,24.45,84.25,4.99,3809.6,cashew
91.66,68.85,39.98,14.79,35.8,6.89,598.58,wheat
45.11,57.43,56.13,22.45,49.09,6.56,551.66,groundnut
30.03,36.09,37.18,31.97,89.21,5.14,3118.52,ragi
29.43,27.98,35.17,22.44,87.77,6.04,3398.93,mango
54.77,23.51,103.67,24.59,77.47,6.82,2784.04,coconut
29.87,34.77,44.52,24.48,89.59,6.07,2609.49,mango
91.27,47.09,25.33,26.61,34.66,7.21,504.51,sorghum
91.61,55.18,46.2,29.42,66.84,7.88,757.11,onion
45.09,118.48,129.91,36.06,59.1,7.87,832.54,grapes
63.24,26.93,24.58,25.91,32.18,7.65,639.95,bajra
22.74,61.01,68.48,23.83,37.54,8.3,478.53,chickpea
50.47,93.02,182.83,34.19,56.7,6.4,607.23,grapes
93.26,68.53,62.47,32.73,50.17,6.12,796.72,tomato
46.9,52.39,45.92,29.52,72.54,6.72,490.76,groundnut
43.19,34.89,46.89,34.65,89.54,6.24,3142.76,mango
90.44,42.83,52.05,33.34,94.49,7.23,2098.27,rice
31.27,112.13,149.29,28.16,70.12,7.01,842.64,grapes
105.35,43.47,36.84,19.01,54.22,7.16,807.2,wheat
123.92,58.7,34.76,21.67,52.46,6.95,821.45,maize
44.34,39.1,86.13,33.78,70.98,5.7,3570.29,coconut
51.99,25.95,47.78,23.67,57.7,7.32,610.67,sorghum
49.64,47.12,44.79,35.03,66.47,7.9,938.73,orange
19.67,28.62,54.57,27.37,66.57,5.43,2679.49,mango
73.35,38.61,57.7,32.76,77.63,5.83,1368.52,rice
59.89,47.03,61.71,28.67,45.85,7.23,576.13,onion
33.32,65.19,64.29,26.33,37.31,8.3,633.65,chickpea
51.15,36.79,44.17,28.42,30.61,7.95,552.66,pomegranate
25.83,74.0,58.02,31.14,56.8,6.58,691.11,groundnut
59.53,29.55,40.37,35.79,51.63,7.81,987.42,sweet_lime
37.91,17.41,28.33,27.81,65.79,6.57,2309.02,cashew
116.11,62.06,45.16,29.67,84.78,7.43,2737.37,rice
50.91,37.16,33.29,22.82,65.13,5.71,2657.86,ragi
36.79,27.39,43.53,29.44,78.16,5.43,2825.95,mango
34.82,63.01,73.35,19.79,37.74,8.36,439.48,chickpea
36.59,59.75,36.47,31.02,71.35,6.6,895.88,pigeonpeas
24.28,122.67,114.86,33.65,51.84,8.11,654.55,grapes
48.51,26.22,41.99,30.89,32.56,7.72,637.21,pomegranate
126.87,83.86,87.91,22.64,51.19,7.65,864.28,tomato
37.62,56.88,41.04,23.27,68.06,7.13,895.84,groundnut
22.12,49.61,64.78,19.42,22.06,7.75,479.79,chickpea
99.57,83.35,95.91,32.23,63.1,6.94,679.19,tomato
43.48,74.17,31.63,36.4,58.1,6.9,1087.32,pigeonpeas
111.92,56.99,43.26,26.46,34.24,7.68,668.78,wheat
48.13,72.61,25.59,23.73,73.15,7.4,994.78,soybean
127.87,61.18,25.2,39.44,63.26,7.59,773.14,cotton
36.36,30.8,30.02,27.82,89.68,6.85,2629.61,mango
251.89,85.71,129.93,23.36,73.93,8.29,1779.11,sugarcane
56.55,55.81,71.17,20.31,51.06,7.49,705.46,onion
45.07,26.24,38.94,22.55,67.71,7.8,1032.97,orange
19.44,30.62,37.92,25.26,60.24,5.38,3605.55,cashew
111.28,48.49,41.15,21.27,84.03,7.58,1327.51,rice
73.41,26.94,24.93,26.07,65.78,6.62,685.97,sorghum
32.8,54.51,31.11,31.52,41.45,6.76,759.23,pigeonpeas
60.68,19.74,35.76,20.81,64.27,6.24,2238.33,ragi
83.22,53.85,34.13,22.58,59.81,7.03,587.44,wheat
84.56,67.35,54.36,32.84,66.58,6.28,616.68,onion
130.01,63.71,20.61,35.7,61.85,8.6,1138.83,cotton
90.22,39.25,37.31,25.88,38.76,7.28,621.88,wheat
45.64,27.86,87.94,34.57,81.28,6.63,2926.4,coconut
61.1,27.92,100.78,26.32,71.26,6.83,2897.41,coconut
37.53,53.31,46.71,26.09,55.6,6.11,805.25,groundnut
30.84,80.89,32.95,30.98,49.26,6.63,870.3,pigeonpeas
30.36,78.28,26.01,36.13,39.55,8.25,931.89,pigeonpeas
25.2,50.76,50.98,26.26,43.71,6.65,404.65,chickpea
158.06,63.5,189.69,34.43,71.11,6.48,1540.15,banana
122.0,65.8,33.01,22.24,45.34,7.99,458.85,wheat
31.18,58.57,33.51,26.99,62.54,7.05,835.2,soybean
123.81,43.44,53.47,17.79,51.27,6.32,722.65,maize
46.75,66.79,32.75,29.97,70.7,7.17,560.89,groundnut
36.03,23.15,26.48,23.34,76.97,5.92,3383.52,ragi
21.28,18.73,53.82,22.26,73.91,5.81,3637.33,mango
76.47,29.32,36.26,38.6,32.55,8.32,612.07,bajra
30.79,46.23,45.46,28.9,45.5,6.25,519.44,groundnut
41.24,25.68,54.03,26.15,41.51,6.6,836.43,sweet_lime
67.23,64.19,53.75,25.89,60.47,7.69,537.62,onion
33.17,22.7,38.65,34.61,76.49,5.87,1872.86,cashew
54.89,25.71,36.36,27.15,45.64,8.25,476.92,bajra
179.63,82.67,137.44,35.78,59.76,6.72,1191.63,banana
92.72,38.46,49.51,22.98,51.99,6.07,814.23,onion
26.19,37.24,75.91,38.73,40.66,8.42,583.85,pomegranate
31.36,27.08,41.33,39.14,62.77,6.76,741.27,sweet_lime
143.53,80.94,112.74,29.29,56.29,7.16,572.32,tomato
36.8,53.5,36.08,32.53,54.24,8.09,897.46,pigeonpeas
90.92,56.45,45.5,25.18,85.82,6.82,1899.77,rice
97.79,50.15,29.2,23.55,40.78,7.5,484.95,sorghum
53.57,39.78,63.84,23.64,40.63,7.37,695.65,sweet_lime
57.27,34.91,59.64,28.89,71.21,7.14,1945.51,coconut
39.86,70.26,23.61,24.35,67.35,6.54,1060.48,pigeonpeas
38.48,33.16,44.58,24.38,44.73,8.22,921.59,sweet_lime
73.56,38.13,39.18,38.13,36.87,7.92,422.59,bajra
42.33,34.63,51.27,23.67,65.44,5.86,1984.0,mango
85.49,63.72,40.61,25.83,70.56,7.19,553.31,maize
19.92,82.17,150.14,33.78,40.0,7.26,704.8,grapes
112.35,55.23,48.49,31.33,51.92,6.4,539.68,maize
51.04,27.48,63.04,22.12,39.19,6.41,1118.67,orange
93.97,41.43,40.76,32.45,74.19,7.29,1290.31,rice
86.13,68.77,71.56,32.72,59.86,7.8,520.35,onion
59.58,61.83,54.82,25.27,57.61,6.26,584.46,onion
78.87,46.19,38.9,23.06,45.56,6.5,688.34,onion
34.73,26.49,39.92,34.01,88.73,6.19,2927.28,cashew
27.09,67.28,48.04,25.69,22.46,7.66,590.43,chickpea
110.12,51.67,64.57,23.95,70.14,6.9,650.23,tomato
76.67,35.49,24.83,27.07,50.8,7.25,697.01,sorghum
93.16,63.73,106.85,22.65,56.32,7.28,703.12,tomato
42.01,77.69,33.65,28.24,50.48,7.9,659.03,soybean
24.98,63.76,57.0,26.51,32.15,7.05,807.25,chickpea
188.2,82.6,190.63,24.48,84.33,6.77,1211.84,banana
55.8,35.68,39.5,22.63,39.77,7.57,659.61,pomegranate
85.79,68.1,56.51,20.27,50.74,6.85,802.84,onion
46.29,27.92,32.58,34.02,48.43,6.54,585.57,bajra
193.57,48.84,100.71,36.92,76.5,7.01,1541.67,banana
79.0,59.61,47.21,20.29,45.11,6.5,760.42,onion
72.76,42.69,24.84,39.5,41.43,7.97,333.95,bajra
24.29,102.34,166.5,19.79,39.94,7.79,482.44,grapes
111.87,66.02,72.62,17.62,70.4,6.78,645.59,onion
59.81,20.83,80.19,32.58,83.33,6.71,2205.12,coconut
199.92,70.18,85.91,36.03,84.37,7.71,2241.7,sugarcane
97.54,30.77,25.16,33.61,38.64,8.53,632.88,sorghum
38.57,36.58,90.74,25.91,67.85,7.43,3725.75,coconut
109.01,53.51,41.06,26.58,72.05,5.95,635.4,onion
36.72,64.79,45.88,32.77,56.34,6.37,856.76,groundnut
115.71,42.25,36.01,25.67,61.24,6.09,735.06,maize
23.8,58.37,35.57,25.93,63.14,6.49,580.66,groundnut
48.06,19.62,98.91,32.57,81.86,7.28,3769.67,coconut
25.86,66.37,28.3,28.56,58.62,7.58,926.93,pigeonpeas
30.57,35.39,63.57,30.67,66.71,6.38,680.68,sweet_lime
20.69,66.42,15.72,32.56,71.66,6.76,652.33,pigeonpeas
34.01,87.94,186.26,30.92,56.48,6.69,611.23,grapes
35.46,27.5,35.45,27.24,89.7,5.24,3528.7,cashew
65.47,43.09,33.9,24.49,44.92,7.09,602.24,bajra
48.5,86.93,161.5,29.17,38.58,7.69,533.84,grapes
53.69,32.16,36.95,31.54,75.84,6.89,1583.39,ragi
199.56,73.56,125.0,31.38,78.25,6.47,1603.17,sugarcane
41.35,22.92,38.56,28.33,69.17,6.21,3421.86,ragi
37.5,78.69,47.16,21.24,55.47,7.82,910.66,soybean
73.7,44.58,42.05,23.89,67.8,6.35,639.0,onion
83.94,26.83,33.5,34.15,59.77,8.63,568.11,sorghum
141.72,79.93,103.38,25.16,83.44,7.15,1361.89,sugarcane
50.9,37.06,111.17,30.44,90.21,5.77,1846.42,coconut
45.74,66.81,71.54,19.75,41.48,8.34,734.39,chickpea
45.23,42.06,31.0,26.14,70.2,5.8,1884.86,ragi
83.51,24.93,26.52,36.49,37.67,8.43,606.31,bajra
143.24,48.77,82.25,25.43,62.56,6.09,527.32,tomato
99.86,55.07,46.27,23.28,71.7,6.53,789.53,onion
23.51,49.13,40.86,22.87,54.72,6.02,501.78,groundnut
76.45,32.09,43.97,38.68,48.49,7.32,744.03,sorghum
40.94,30.97,43.54,26.3,64.67,6.33,3209.19,mango
84.24,33.7,28.95,28.33,46.08,8.3,781.22,sorghum
31.63,66.49,60.51,18.69,41.52,8.35,551.02,chickpea
29.78,21.25,27.26,27.32,84.97,5.85,2122.31,cashew
39.34,64.44,32.57,23.76,72.08,7.81,937.46,soybean
187.73,86.93,99.13,31.78,64.4,6.25,1134.58,banana
148.34,48.75,95.14,21.07,52.31,6.41,731.81,tomato
243.54,90.58,120.14,34.44,84.46,7.34,2038.11,sugarcane
92.47,72.62,89.35,24.03,51.52,6.49,750.11,tomato
34.39,34.97,26.49,28.67,77.74,6.41,2249.33,ragi
25.7,33.99,74.64,26.48,46.93,7.19,500.66,pomegranate
18.91,69.98,56.79,18.31,41.3,8.18,716.54,chickpea
42.67,38.92,34.28,26.77,81.57,5.14,3337.8,ragi
153.04,51.67,20.69,29.92,73.82,8.02,893.07,cotton
26.56,42.46,49.47,17.78,29.72,6.83,573.43,chickpea
21.37,77.69,32.77,29.11,54.47,7.44,1018.66,pigeonpeas
50.25,31.41,22.64,26.74,83.61,6.4,2505.27,ragi
82.58,52.96,48.66,27.79,55.16,5.93,874.09,maize
126.67,42.74,37.07,22.99,55.03,5.77,793.83,maize
23.27,60.13,38.06,26.81,55.0,7.39,824.9,groundnut
19.43,50.68,21.84,29.15,67.11,6.1,608.67,pigeonpeas
131.1,62.45,162.73,36.21,70.9,7.64,995.92,banana
60.94,50.49,49.4,33.58,54.13,8.62,783.71,sorghum
67.85,33.99,48.46,31.07,34.0,7.5,544.31,sorghum
44.45,64.03,57.49,18.04,17.82,6.8,552.34,chickpea
21.23,42.01,36.18,27.23,72.27,5.95,677.4,soybean
89.94,39.04,47.86,27.16,43.03,6.61,786.84,sorghum
97.08,38.59,41.88,26.23,33.63,6.93,775.38,sorghum
34.49,22.49,124.14,24.91,88.08,6.31,2861.1,coconut
120.52,61.31,32.07,26.65,47.9,7.38,609.46,wheat
38.91,88.59,165.81,16.13,53.35,7.0,547.06,grapes
54.69,29.95,42.24,30.32,36.57,7.31,583.23,bajra
58.23,40.73,38.83,24.8,65.04,6.91,827.78,sweet_lime
119.97,78.39,99.28,27.21,52.71,6.46,996.5,tomato
167.73,81.67,180.83,35.33,67.57,6.33,1572.2,banana
105.63,56.67,29.04,35.2,60.43,8.56,1067.15,cotton
62.77,29.81,32.17,33.38,71.78,7.5,751.15,orange
28.73,78.84,170.04,23.05,54.66,6.9,703.11,grapes
111.98,57.46,51.97,27.09,55.91,6.94,857.27,onion
100.53,61.77,47.15,31.28,93.81,7.37,1470.06,rice
31.58,64.67,46.0,21.31,46.43,7.19,510.82,groundnut
32.67,22.22,68.24,34.45,84.02,7.32,1455.58,coconut
23.18,26.32,22.48,22.53,75.95,6.11,1722.16,cashew
120.48,63.34,129.9,29.02,68.24,7.23,1059.28,banana
48.1,46.26,40.75,30.02,56.05,6.53,502.38,bajra
24.5,72.17,38.74,25.97,52.42,6.23,794.26,groundnut
89.06,54.1,39.56,23.81,40.46,7.33,519.32,wheat
77.58,52.68,38.74,32.74,36.1,8.05,593.14,sorghum
26.18,54.13,44.47,27.88,63.03,7.05,866.63,groundnut
115.71,65.44,89.98,20.56,59.6,6.06,907.27,tomato
57.65,39.77,30.01,21.62,64.52,5.31,1739.38,ragi
49.39,31.47,51.0,28.3,72.88,5.83,3195.93,mango
33.12,20.25,42.38,27.26,48.17,6.83,887.27,sweet_lime
45.34,21.13,32.25,23.19,84.12,6.36,1659.79,ragi
102.82,42.19,50.29,33.9,80.93,7.59,3414.34,rice
94.61,51.11,91.13,30.9,67.83,7.21,935.15,tomato
41.47,39.98,68.87,34.54,36.27,6.47,766.44,pomegranate
28.44,66.18,43.97,28.94,66.26,7.13,493.82,groundnut
28.39,69.68,47.67,23.33,55.1,7.44,886.26,groundnut
31.3,20.04,54.42,26.97,67.38,8.15,752.03,orange
63.83,45.81,45.73,36.54,40.12,7.68,468.12,sorghum
80.73,33.97,32.69,30.14,65.48,6.83,565.0,sorghum
123.82,44.5,24.59,25.79,44.84,7.69,917.72,cotton
183.27,70.33,91.09,27.28,52.97,8.15,876.7,sugarcane
121.85,53.04,34.64,17.21,58.78,8.04,785.11,wheat
61.45,64.18,73.89,20.84,56.67,7.62,536.99,onion
32.46,81.11,140.8,14.31,64.7,6.59,591.57,grapes
47.82,47.62,60.26,30.88,60.74,8.07,792.78,pomegranate
37.56,31.54,59.81,35.01,67.78,6.98,2147.73,coconut
93.2,54.87,62.85,20.8,49.62,7.09,867.04,onion
109.15,61.04,51.99,16.95,60.39,7.26,399.04,wheat
26.42,54.96,64.5,23.99,41.25,6.12,472.08,chickpea
32.06,17.82,44.89,25.58,78.86,6.65,3374.9,mango
115.78,67.77,32.34,31.82,46.23,5.72,490.03,maize
92.29,41.82,38.83,34.8,87.63,5.47,3629.08,rice
156.87,50.03,23.17,24.47,40.49,7.74,1068.65,cotton
71.11,47.8,28.74,29.02,47.1,6.48,665.01,sorghum
53.11,41.73,68.28,32.51,36.89,8.02,708.37,pomegranate
74.82,45.57,72.77,33.25,60.71,6.08,667.08,onion
94.65,54.72,40.66,25.17,53.09,7.39,781.32,wheat
31.85,64.87,77.32,19.77,33.81,7.83,798.06,chickpea
48.17,95.63,128.44,20.8,43.88,7.51,664.0,grapes
19.19,55.78,20.95,24.09,68.98,8.31,1048.18,pigeonpeas
54.97,29.85,34.73,30.77,64.3,6.9,443.25,sorghum
36.9,22.09,48.58,24.38,65.37,6.03,3197.17,mango
239.48,62.22,89.46,30.95,69.46,7.71,1428.38,sugarcane
50.72,28.02,21.81,25.93,74.61,5.48,3759.38,cashew
40.33,24.6,56.69,36.28,32.86,7.94,628.42,pomegranate
45.24,28.55,46.44,33.06,69.77,6.69,827.97,sweet_lime
57.32,23.61,35.78,27.46,54.79,7.72,770.72,sorghum
36.04,88.07,180.38,28.71,50.58,6.47,688.35,grapes
81.32,47.49,41.93,30.76,94.58,6.21,2716.1,rice
52.43,31.87,122.57,34.82,74.5,7.51,1401.36,coconut
49.37,38.75,29.54,26.15,48.25,7.54,1175.23,soybean
28.27,22.11,79.28,24.56,37.01,6.48,685.53,pomegranate
25.65,84.34,129.3,29.11,46.93,7.44,713.03,grapes
126.59,49.86,42.39,20.61,44.96,6.67,549.02,wheat
56.19,41.35,58.3,26.39,41.49,7.34,558.23,pomegranate
19.66,98.0,137.69,22.08,40.45,7.66,713.49,grapes
48.17,42.06,51.48,22.48,43.85,6.61,1087.13,orange
42.31,22.02,30.94,26.37,64.83,5.53,1558.93,ragi
51.0,18.93,28.43,25.87,71.61,6.53,3410.59,cashew
26.99,46.89,59.48,26.91,40.04,7.57,413.78,chickpea
78.34,64.6,31.69,19.19,48.35,7.38,747.06,wheat
46.52,19.69,61.11,35.81,62.63,7.63,780.72,pomegranate
94.3,61.7,42.41,21.63,94.57,6.64,1269.09,rice
94.53,42.74,40.16,22.55,64.33,7.08,745.54,maize
39.29,54.66,35.1,32.33,65.79,6.72,1099.84,soybean
26.35,67.26,30.91,29.03,58.14,6.19,661.45,groundnut
39.62,63.37,57.7,21.61,33.63,8.25,416.18,chickpea
21.56,24.8,40.95,31.47,88.8,5.62,3011.49,mango
40.04,74.49,19.03,22.43,56.16,6.92,829.81,soybean
61.87,28.95,37.99,24.42,39.42,7.16,331.5,bajra
66.14,36.05,28.74,23.58,55.46,6.85,511.57,bajra
39.02,34.66,43.71,32.22,31.99,6.4,489.87,pomegranate
103.01,60.17,23.8,37.78,55.26,7.41,994.07,cotton
76.87,49.98,56.99,18.67,71.74,7.93,526.82,onion
211.57,59.98,131.65,33.62,79.77,7.71,2092.5,sugarcane
39.47,81.37,16.93,33.63,46.41,6.55,737.79,pigeonpeas
117.53,45.66,32.34,21.58,41.4,7.41,491.64,wheat
206.26,77.45,112.69,37.2,78.79,7.27,1581.83,banana
38.38,45.83,54.54,26.79,33.15,6.58,446.85,chickpea
41.31,41.43,32.73,30.72,67.97,7.46,557.39,groundnut
30.94,42.86,78.89,27.35,54.01,7.1,800.18,pomegranate
37.39,29.53,37.77,24.55,82.14,5.8,2607.68,mango
27.89,77.68,122.97,19.72,56.57,7.59,789.03,grapes
45.27,70.89,43.85,27.44,56.26,6.13,771.5,soybean
30.23,28.46,25.51,28.39,71.7,5.26,3582.32,cashew
27.92,56.29,66.86,17.47,43.59,8.19,372.4,chickpea
27.6,27.96,44.17,29.72,76.86,6.07,2687.72,mango
109.61,53.25,14.62,33.47,59.14,7.64,896.77,cotton
61.6,34.47,47.64,27.0,58.78,7.9,1005.14,sweet_lime
94.57,52.04,33.73,23.77,60.66,7.87,797.42,wheat
35.85,29.22,53.06,35.61,32.97,8.55,490.22,pomegranate
31.75,66.45,55.81,21.34,46.39,7.33,633.88,chickpea
85.42,58.5,48.3,13.93,40.21,6.5,623.77,wheat
19.67,50.67,27.75,22.18,64.58,7.61,765.88,soybean
45.74,37.87,34.97,31.57,60.48,7.36,668.48,bajra
51.29,38.96,123.97,32.33,69.8,7.12,2682.77,coconut
106.37,51.74,90.8,30.83,76.96,7.2,621.24,tomato
119.61,58.92,81.06,33.12,49.7,7.06,705.9,tomato
50.69,38.45,36.17,39.01,59.18,7.07,964.3,sweet_lime
52.82,26.64,21.07,36.12,69.71,6.37,2188.61,cashew
183.51,92.13,105.2,34.69,68.15,6.57,1352.86,banana
39.18,39.69,65.18,33.4,86.45,7.59,2947.72,coconut
29.99,33.42,56.69,39.32,30.86,7.95,424.1,pomegranate
84.55,47.1,50.93,26.95,69.07,6.36,732.05,maize
123.99,54.3,53.72,29.49,74.14,7.2,556.59,maize
22.62,20.48,21.13,29.41,71.35,5.97,3443.12,cashew
33.88,18.44,29.59,34.55,79.45,6.44,3087.34,cashew
54.91,32.97,121.51,34.13,89.1,6.18,1491.26,coconut
34.1,83.5,34.42,38.55,72.37,8.14,818.42,pigeonpeas
114.25,55.68,30.55,25.56,38.15,6.62,684.4,wheat
37.63,22.28,38.66,36.07,63.8,7.46,1109.29,orange
126.52,59.79,42.7,17.87,62.4,7.13,623.23,maize
40.21,30.36,34.22,36.77,79.42,4.91,1684.59,cashew
168.93,77.91,106.83,36.42,84.62,6.57,1040.11,banana
25.95,33.36,54.36,30.43,66.12,5.6,2443.63,mango
43.06,30.16,19.35,21.47,78.79,5.09,2773.85,cashew
34.26,89.07,160.77,30.87,54.22,6.7,518.8,grapes
120.59,43.33,48.59,14.35,47.99,6.74,632.58,wheat
44.06,120.22,113.31,15.01,66.96,7.57,586.92,grapes
43.22,74.97,39.39,23.42,62.07,6.63,908.03,soybean
39.59,55.78,42.4,22.31,56.06,7.55,1009.72,soybean
54.02,38.7,19.36,28.18,45.14,7.25,354.83,bajra
42.23,19.58,24.19,37.56,50.95,7.54,406.22,bajra
83.91,35.11,39.93,26.99,40.83,6.4,563.3,bajra
98.12,62.54,41.45,30.21,51.27,5.96,730.83,maize
16.18,57.23,36.58,39.32,39.77,6.39,897.41,pigeonpeas
30.4,29.07,35.96,29.07,81.98,5.63,2480.63,ragi
86.68,58.91,54.95,33.61,89.38,7.38,3004.85,rice
16.18,47.76,22.88,26.37,46.61,7.86,1105.06,pigeonpeas
81.01,62.16,41.83,31.32,55.32,6.88,752.74,maize
28.72,90.98,141.27,33.01,58.1,6.79,532.83,grapes
29.92,60.35,38.44,30.75,68.84,6.81,832.63,soybean
40.79,70.72,23.59,22.63,53.63,6.67,922.42,soybean
34.08,110.07,124.62,13.89,72.36,7.14,533.5,grapes
121.24,56.17,29.41,23.9,44.43,7.13,774.97,maize
184.19,95.83,77.95,28.14,58.56,8.01,2332.72,sugarcane
44.89,65.79,36.58,31.97,62.54,6.84,654.31,groundnut
22.98,22.91,56.16,33.59,70.21,6.45,2595.54,mango
63.47,33.73,49.61,34.08,37.46,6.39,603.28,sorghum
22.49,41.96,52.92,27.34,60.42,6.35,496.1,groundnut
97.52,64.13,85.17,20.74,52.48,7.13,540.51,tomato
101.71,56.16,51.42,18.47,73.06,6.92,581.5,maize
44.41,54.43,20.6,34.67,67.79,7.77,621.24,soybean
39.29,33.7,39.91,34.2,77.34,7.07,2316.43,mango
110.23,42.0,43.03,29.1,77.51,7.12,3739.18,rice
35.13,47.86,59.91,24.15,40.38,6.9,438.75,chickpea
125.83,37.74,44.53,24.8,63.56,6.69,482.12,wheat
25.84,34.42,28.61,23.39,87.66,5.68,2073.94,mango
56.49,41.96,34.73,20.54,69.69,6.63,1533.48,ragi
31.75,34.73,75.26,25.27,50.88,6.61,547.86,pomegranate
37.17,21.47,60.5,32.1,63.83,7.18,787.82,sweet_lime
80.52,37.73,66.09,30.53,55.31,7.93,647.32,onion
15.82,74.42,26.18,27.95,66.67,7.44,583.72,pigeonpeas
99.47,59.59,58.96,29.42,57.0,6.02,635.87,tomato
37.43,40.57,48.54,29.03,48.38,7.52,769.76,sweet_lime
136.99,66.91,104.41,19.02,59.81,6.07,941.38,tomato
50.03,24.81,69.79,29.33,83.94,5.89,2600.24,coconut
142.73,89.19,83.89,35.5,82.19,7.69,1882.98,sugarcane
52.29,46.03,46.48,24.93,67.09,6.79,1062.55,soybean
108.91,36.11,42.99,24.4,84.85,5.95,2277.23,rice
103.7,40.93,34.18,22.61,76.59,6.69,3235.34,rice
119.66,64.01,28.33,23.44,53.14,8.41,692.96,cotton
21.84,52.69,41.76,31.05,51.33,7.23,897.77,groundnut
42.18,33.83,51.27,28.02,67.81,6.78,1051.92,orange
101.92,53.34,83.4,19.57,57.89,7.29,553.2,tomato
48.16,56.0,23.47,21.25,77.93,6.46,838.99,soybean
135.41,63.76,114.49,20.17,66.83,5.94,841.15,tomato
38.45,33.56,62.57,31.76,58.69,6.77,999.85,sweet_lime
25.48,30.69,40.11,23.6,78.62,6.37,3743.69,cashew
31.48,27.09,44.0,29.56,49.08,8.33,1021.59,sweet_lime
31.01,19.36,52.74,29.14,64.6,7.09,884.82,orange
97.82,30.1,31.28,37.24,54.11,8.14,617.34,sorghum
87.07,57.38,56.23,32.96,78.28,7.09,1464.46,rice
16.1,79.74,29.24,29.73,42.87,7.43,872.03,pigeonpeas
35.9,21.5,28.63,30.73,64.35,5.88,2268.04,cashew
108.25,66.54,39.48,31.22,45.24,7.94,789.62,cotton
52.62,114.81,137.09,14.83,43.62,6.4,604.85,grapes
97.77,65.91,32.23,22.65,46.23,7.28,691.59,maize
104.41,74.94,100.12,25.81,67.9,7.51,953.51,tomato
91.71,80.37,68.93,24.61,72.79,6.62,721.43,tomato
120.04,47.54,36.74,21.07,40.6,6.94,738.52,wheat
17.39,67.57,30.92,24.63,70.34,7.87,630.93,pigeonpeas
19.97,79.32,127.08,36.33,40.8,8.07,619.62,grapes
46.83,28.66,31.64,22.54,60.07,6.05,3129.25,cashew
28.22,21.23,56.58,28.96,63.15,7.08,3197.93,mango
65.9,44.38,42.27,33.47,72.65,6.4,2506.29,rice
35.98,66.48,32.24,28.35,60.59,6.34,815.5,groundnut
27.73,28.03,48.55,27.04,65.26,6.3,1969.32,mango
85.08,63.99,47.53,22.52,52.18,7.25,646.57,maize
19.22,71.31,28.1,31.55,73.11,6.65,995.12,soybean
41.74,69.52,35.26,26.8,74.64,7.49,1041.96,soybean
107.61,62.69,39.23,21.98,49.47,5.91,780.37,maize
98.68,63.01,109.69,22.94,54.79,6.99,771.85,tomato
69.11,45.89,49.11,32.94,83.1,7.27,2854.36,rice
44.92,19.01,67.45,20.51,53.21,6.67,690.8,pomegranate
128.71,59.01,96.08,17.76,54.76,6.33,913.57,tomato
61.47,30.6,24.06,23.2,73.65,5.31,2708.28,ragi
62.54,20.68,44.0,22.8,43.17,7.31,687.1,sweet_lime
44.24,74.04,51.22,22.21,21.85,8.15,599.6,chickpea
85.1,62.26,46.12,13.55,54.32,6.73,453.18,wheat
107.33,40.97,36.01,29.65,74.52,6.64,3074.44,rice
28.36,21.18,52.94,33.6,90.12,6.77,2603.77,mango
87.39,58.03,40.51,25.11,61.92,7.44,658.55,maize
125.22,84.71,67.35,19.39,52.67,6.47,677.22,tomato
43.27,123.23,175.57,20.13,53.52,8.14,716.08,grapes
52.2,36.04,75.16,32.78,46.22,8.15,607.28,pomegranate
43.71,44.93,22.24,33.89,53.16,7.31,484.96,bajra
39.56,54.48,31.42,21.92,53.38,6.9,1108.68,soybean
122.28,56.99,33.58,29.92,62.15,7.71,845.19,cotton
43.96,20.29,24.39,32.53,63.5,6.9,2439.67,ragi
29.75,47.49,33.28,21.22,63.45,7.29,803.02,groundnut
42.59,23.39,102.73,34.23,83.75,5.82,2906.31,coconut
31.59,24.05,118.62,24.88,70.84,7.31,1688.2,coconut
92.32,43.03,68.36,30.03,72.26,6.38,784.59,onion
36.72,34.75,34.58,25.13,66.73,7.38,1186.42,orange
90.06,39.24,29.79,29.12,52.06,6.46,781.3,sorghum
58.34,25.78,39.34,21.28,73.84,5.62,2101.83,ragi
45.84,87.84,144.58,32.06,51.92,6.68,530.83,grapes
23.14,16.59,46.05,26.58,81.2,6.67,3507.61,mango
31.16,21.54,25.31,20.93,77.18,6.92,1563.52,ragi
239.62,57.88,90.48,35.5,72.31,7.92,1425.11,sugarcane
160.75,58.78,128.68,36.98,56.87,6.69,1128.4,sugarcane
51.16,44.97,60.5,24.91,42.44,7.73,1058.23,orange
101.69,55.82,30.26,23.15,64.45,6.78,829.69,maize
83.47,41.11,45.91,18.8,48.82,7.93,820.44,onion
28.95,78.71,30.55,30.78,63.35,6.46,1126.18,pigeonpeas
229.42,90.79,93.5,30.43,66.16,7.27,1094.87,sugarcane
62.7,38.41,106.19,28.99,90.93,6.83,3545.05,coconut
82.75,48.81,40.3,34.32,76.41,7.63,2010.57,rice
59.22,21.28,38.4,20.28,75.3,6.79,3058.72,ragi
95.24,56.05,39.65,29.01,75.65,7.22,3691.93,rice
36.73,36.41,63.03,23.88,68.32,7.11,921.32,orange
20.05,81.8,33.83,32.6,45.02,7.34,640.12,pigeonpeas
23.27,70.4,62.48,26.21,37.23,6.92,454.48,chickpea
44.38,43.57,50.7,22.53,37.82,7.71,480.36,chickpea
22.41,93.66,130.56,17.92,55.31,7.61,658.38,grapes
234.1,57.54,104.15,32.05,56.12,6.57,1108.96,sugarcane
31.77,28.92,106.23,26.36,82.75,6.53,3649.08,coconut
31.81,54.68,24.29,27.29,65.3,6.43,693.21,soybean
32.7,68.0,33.36,27.34,69.87,8.27,995.59,pigeonpeas
51.27,43.55,50.47,29.54,44.95,6.95,950.71,sweet_lime
41.69,51.45,35.77,26.16,44.05,7.53,476.29,groundnut
79.58,31.33,37.23,30.4,51.22,7.49,604.55,sorghum
104.83,59.11,41.42,28.39,86.87,7.18,1560.3,rice
131.84,66.32,37.0,27.14,72.83,6.26,732.04,maize
51.95,108.76,117.3,23.27,39.75,6.64,763.06,grapes
36.5,59.5,25.18,34.45,63.01,6.26,1080.84,soybean
58.1,66.64,70.58,24.47,72.73,6.08,600.95,onion
41.08,74.57,29.97,27.58,69.88,6.41,564.31,pigeonpeas
45.36,29.87,31.23,33.26,88.27,6.56,3300.67,ragi
59.68,55.73,61.18,26.24,66.5,7.6,849.66,onion
158.94,48.71,147.12,26.27,86.34,6.34,1223.66,banana
35.72,38.19,89.09,33.8,91.1,6.84,2853.3,coconut
41.24,67.25,51.79,23.84,45.76,6.04,736.05,groundnut
87.78,48.37,58.01,22.01,50.7,7.05,493.61,onion
26.59,66.09,39.52,34.92,45.59,6.47,848.37,groundnut
48.0,23.1,48.74,37.68,50.03,6.62,597.88,pomegranate
43.88,38.63,28.51,29.15,69.02,6.97,711.36,orange
26.3,20.41,49.15,26.53,75.05,5.83,2433.15,mango
46.97,49.03,27.96,31.9,47.83,6.73,905.11,pigeonpeas
21.54,70.36,27.37,28.82,52.41,6.87,653.71,soybean
38.14,18.54,47.29,25.66,65.97,6.97,2291.8,mango
44.14,19.16,33.24,28.75,87.77,5.18,3253.16,cashew
36.2,37.06,46.54,32.47,83.76,6.22,3001.77,mango
83.59,32.97,35.52,37.54,54.47,8.33,521.85,bajra
60.49,35.85,20.19,37.74,39.42,7.48,339.11,bajra
77.61,49.02,29.1,14.98,47.14,6.78,760.99,wheat
192.37,88.26,125.63,38.2,61.72,7.89,1554.95,banana
51.18,21.43,58.92,32.47,56.88,6.66,613.41,pomegranate
54.82,52.79,29.12,34.69,44.47,8.51,824.94,sorghum
65.47,62.53,47.02,29.64,51.29,6.78,790.44,onion
45.14,35.65,64.55,23.95,48.01,8.44,749.62,pomegranate
106.95,49.7,39.58,18.88,57.33,7.48,501.74,maize
81.82,43.12,23.59,31.2,64.67,7.07,695.4,cotton
52.15,50.6,27.94,26.51,61.14,6.62,608.31,sorghum
47.49,41.41,28.6,26.67,74.97,5.36,2184.52,ragi
84.22,34.48,53.27,24.14,74.85,7.26,1296.41,rice
96.05,68.79,45.49,21.04,49.31,6.61,489.41,maize
96.86,40.49,33.32,21.37,73.87,7.09,767.58,maize
183.72,61.15,125.42,36.0,67.1,6.72,988.92,banana
44.63,24.85,28.53,30.06,50.58,7.31,625.5,bajra
106.45,61.12,50.88,26.48,93.79,5.48,1891.61,rice
45.93,19.11,21.94,28.14,75.1,5.68,3216.46,cashew
30.09,27.78,36.34,27.01,69.86,6.93,749.34,orange
42.58,45.04,55.01,33.27,54.1,6.71,827.25,groundnut
38.54,28.75,30.58,26.55,67.86,6.31,2923.86,cashew
29.68,27.28,41.45,20.8,83.63,6.05,1759.13,ragi
49.47,41.92,36.9,27.28,48.95,6.62,760.79,orange
78.0,51.39,52.67,30.58,57.72,7.31,783.77,onion
23.68,57.05,30.26,28.83,65.38,6.77,1028.85,soybean
147.89,54.96,165.75,34.12,63.32,6.99,1507.23,banana
30.79,20.14,24.38,28.63,85.69,5.24,2480.5,cashew
19.2,57.39,24.44,24.03,57.19,7.57,901.53,soybean
57.88,35.71,25.2,37.85,61.59,8.5,587.74,bajra
109.18,60.64,39.26,32.36,55.66,6.69,671.91,cotton
92.25,46.35,52.81,17.05,41.92,7.67,416.68,wheat
50.2,42.18,47.04,27.31,72.2,7.72,756.22,soybean
26.76,74.43,69.71,19.42,25.96,8.38,745.02,chickpea
158.21,41.7,25.97,25.16,62.83,8.44,928.05,cotton
145.43,75.82,82.06,19.51,55.94,6.0,776.63,tomato
171.17,86.45,119.47,33.61,66.97,7.23,2055.41,sugarcane
189.93,81.49,94.84,22.43,83.8,7.34,1743.9,sugarcane
25.89,21.78,57.71,28.31,30.18,7.2,755.32,pomegranate
96.89,43.65,54.44,25.51,72.28,6.42,2751.26,rice
46.81,60.8,29.37,23.67,74.67,6.37,1044.8,soybean
124.75,61.41,49.81,17.83,65.13,7.13,760.23,wheat
166.84,82.48,99.59,37.39,65.75,6.89,1645.43,sugarcane
42.93,17.47,31.09,22.6,79.43,5.52,2767.85,mango
34.02,27.5,126.78,27.46,85.39,7.53,3076.97,coconut
177.49,84.27,165.18,31.77,64.82,6.54,853.77,banana
194.6,62.1,114.9,30.87,73.17,8.31,1737.24,sugarcane
115.18,61.1,43.53,31.37,59.0,6.83,652.87,maize
39.7,53.12,39.04,25.75,65.86,7.29,616.34,groundnut
93.92,63.39,92.07,32.61,50.36,7.46,836.79,tomato
213.86,58.58,101.47,31.69,84.05,6.45,1949.97,sugarcane
45.28,23.77,33.12,32.46,70.57,5.63,2539.39,cashew
72.81,30.2,30.85,24.28,62.37,7.9,517.51,bajra
39.65,45.33,22.97,26.77,46.6,7.82,370.4,bajra
107.94,73.12,60.56,20.3,58.49,6.11,895.48,tomato
47.58,61.46,31.74,30.0,55.92,5.95,942.12,soybean
61.51,19.02,113.25,24.04,78.18,6.66,2046.19,coconut
39.03,52.35,45.48,24.17,58.56,6.37,812.66,groundnut
38.85,19.75,23.02,28.22,58.32,7.88,621.46,bajra
141.01,58.46,103.93,26.6,65.49,6.47,600.99,tomato
49.25,40.52,60.79,25.14,60.3,7.73,584.66,pomegranate
76.7,43.26,50.28,21.98,43.3,6.85,511.2,wheat
94.15,66.39,77.19,22.95,55.13,7.57,690.36,tomato
60.58,35.14,28.66,31.47,55.0,7.76,1122.23,orange
119.73,81.46,71.86,26.29,50.46,7.55,751.78,tomato
37.3,104.46,130.61,27.08,47.51,6.78,707.27,grapes
26.15,56.33,28.95,24.68,61.68,7.51,1011.15,pigeonpeas
52.39,32.01,39.88,33.91,42.49,7.38,618.15,pomegranate
43.05,46.74,42.93,35.39,59.37,8.31,487.85,pomegranate
122.9,43.74,51.62,22.58,59.89,6.72,645.16,wheat
77.9,60.57,41.37,27.43,63.32,6.76,569.28,maize
29.83,39.4,60.16,23.69,88.17,6.24,1775.73,coconut
21.25,80.58,133.35,31.87,45.48,6.91,807.11,grapes
129.27,42.25,50.57,25.18,65.15,6.87,684.87,maize
35.55,32.53,44.72,25.5,85.73,6.68,3513.66,mango
42.49,35.9,55.05,26.13,81.61,6.66,2836.0,mango
68.18,57.75,47.2,31.91,72.18,6.0,1941.5,rice
83.54,37.16,55.65,32.54,78.35,6.89,1673.49,rice
33.8,53.31,77.83,18.43,38.82,6.64,638.58,chickpea
47.86,43.35,69.17,21.48,44.41,6.78,630.53,pomegranate
33.34,34.36,57.62,23.87,90.56,6.67,2433.94,mango
20.65,51.68,58.83,20.51,20.4,6.64,748.35,chickpea
46.94,25.33,56.38,19.38,40.5,7.79,643.43,pomegranate
135.62,94.71,121.96,26.64,71.13,7.77,1002.75,banana
119.79,53.53,56.86,28.15,50.68,7.42,781.03,tomato
64.39,40.37,22.25,27.06,49.1,8.36,638.48,bajra
19.47,27.8,35.99,24.33,71.37,6.42,3044.98,cashew
96.19,47.65,47.71,32.6,56.86,6.8,664.62,maize
42.36,28.37,40.3,27.91,58.61,7.35,774.14,orange
50.29,38.79,30.9,28.21,62.67,6.79,1779.31,ragi
29.58,20.06,80.67,31.83,67.67,6.13,1458.83,coconut
167.03,98.27,110.62,28.13,59.41,8.3,1726.11,sugarcane
205.5,48.27,172.35,35.13,82.77,7.47,1188.04,banana
130.1,40.31,53.85,23.32,56.92,6.18,506.22,maize
90.25,58.73,103.73,20.4,54.89,7.54,758.61,tomato
45.12,39.6,38.52,33.78,61.62,8.54,614.31,pomegranate
52.29,44.77,68.17,35.3,55.27,7.19,764.13,pomegranate
39.98,36.4,21.36,22.14,76.78,5.78,2975.19,ragi
85.2,52.35,38.48,19.2,73.66,5.69,673.46,maize
35.27,53.91,18.83,30.2,49.5,8.32,599.69,pigeonpeas
39.0,42.77,58.19,38.13,58.45,8.05,1113.01,orange
34.38,31.37,20.2,24.5,68.54,6.73,2609.34,ragi
109.01,65.68,39.9,25.86,64.47,5.74,460.81,maize
80.34,36.8,16.2,35.11,67.27,8.22,923.77,cotton
37.89,26.22,98.21,29.86,75.93,6.82,1609.02,coconut
73.94,37.09,38.83,24.84,52.26,8.35,686.71,sorghum
47.11,34.62,65.18,26.94,52.96,7.19,742.98,pomegranate
100.63,47.43,36.7,29.1,38.35,7.3,785.39,sorghum
24.78,57.88,57.28,21.68,32.07,6.21,462.59,chickpea
32.9,60.39,41.59,21.87,47.06,7.17,649.68,groundnut
42.83,40.81,34.06,32.92,71.81,5.56,3285.59,ragi
46.51,46.19,39.51,26.85,40.53,6.72,1003.84,sweet_lime
19.87,23.79,26.35,32.46,77.07,6.14,1656.77,cashew
252.83,80.49,136.36,34.48,72.22,7.46,1934.34,sugarcane
49.68,23.89,21.31,25.46,64.48,5.88,3010.96,cashew
33.27,30.29,58.05,22.02,73.6,5.74,3123.3,mango
107.83,54.5,38.66,34.46,82.96,5.91,3087.49,rice
37.85,74.9,63.62,19.8,37.47,7.47,679.52,chickpea
42.88,26.19,65.71,29.49,91.29,5.63,2333.0,coconut
45.97,65.19,30.14,26.4,58.26,7.76,1109.0,soybean
61.56,25.18,23.75,24.12,67.49,8.03,768.72,sorghum
28.41,26.41,44.89,28.67,35.25,8.34,571.42,pomegranate
44.12,40.17,30.81,33.78,50.25,5.95,763.33,groundnut
46.67,77.19,16.6,25.2,42.72,7.59,1096.85,pigeonpeas
259.18,82.42,104.58,37.61,53.0,7.16,1069.36,sugarcane
97.82,49.8,37.73,32.7,71.86,6.39,881.13,maize
97.44,44.05,44.98,23.39,61.03,5.71,874.67,maize
209.05,50.73,160.91,32.99,82.98,5.97,772.1,banana
67.63,43.92,35.11,34.68,66.34,8.35,611.59,sweet_lime
119.08,62.73,49.24,13.74,53.68,7.34,492.6,wheat
37.68,57.16,32.42,32.26,59.29,7.92,914.67,pigeonpeas
41.51,46.06,63.79,25.36,23.2,7.17,376.8,chickpea
112.0,35.68,54.37,30.65,91.93,7.6,1780.13,rice
34.96,58.68,24.78,25.53,56.31,5.9,966.94,soybean
206.69,79.15,117.22,24.17,76.53,6.52,1534.05,sugarcane
19.83,59.06,69.34,23.43,44.83,7.26,798.52,chickpea
51.85,24.32,62.54,21.4,66.52,7.93,1173.98,orange
98.45,55.12,46.28,31.27,45.83,7.45,700.62,maize
47.18,20.35,31.66,20.29,59.14,7.01,1070.91,orange
28.35,29.51,30.26,21.99,69.52,5.47,2823.99,mango
29.21,26.33,21.85,27.38,60.55,5.26,1915.93,cashew
83.86,61.8,41.29,21.45,54.43,7.83,644.45,wheat
61.75,21.11,39.59,20.86,40.15,7.85,1070.2,orange
83.43,42.27,40.56,24.68,63.62,6.74,445.34,sorghum
38.98,36.44,58.42,29.71,51.69,6.86,626.02,pomegranate
199.34,70.36,92.29,28.74,85.22,7.12,1094.59,sugarcane
26.25,35.38,38.55,38.11,63.21,7.05,704.14,pomegranate
36.2,28.59,21.82,24.51,63.11,5.25,2503.78,ragi
25.81,19.22,59.92,34.28,62.85,7.84,836.91,orange
21.36,17.06,40.17,31.24,66.87,5.78,1946.34,cashew
41.13,64.56,54.49,27.2,57.02,7.27,751.57,groundnut
133.64,74.3,74.48,28.06,76.37,7.58,591.32,tomato
30.32,22.28,38.26,30.02,72.6,6.25,1723.17,ragi
69.94,20.84,27.4,27.67,43.57,7.51,501.79,bajra
37.3,62.9,72.74,18.73,46.4,6.87,637.7,chickpea
81.14,47.3,62.28,28.14,47.08,7.2,643.27,onion
235.69,88.8,95.41,37.71,86.21,6.56,1682.83,sugarcane
19.21,17.55,25.21,26.6,74.51,5.66,3727.19,cashew
28.21,62.92,57.93,19.3,19.91,6.24,560.46,chickpea
143.84,34.58,25.81,27.53,53.06,6.92,1020.77,cotton
48.06,41.31,35.48,24.95,77.43,5.89,840.6,soybean
32.08,108.57,183.6,24.8,45.21,7.58,664.37,grapes
27.63,16.65,40.04,23.76,83.65,6.7,3292.16,mango
35.82,26.69,28.98,26.07,69.33,7.76,1070.11,orange
21.44,60.74,59.97,26.02,25.71,6.89,557.12,chickpea
131.39,41.51,57.88,29.99,71.32,6.12,509.7,maize
81.71,36.5,55.3,26.51,78.36,5.45,1472.21,rice
54.27,35.73,45.24,25.0,54.82,7.13,977.76,sweet_lime
49.17,99.74,133.73,15.65,44.34,8.04,614.59,grapes
27.16,19.01,38.28,32.54,40.43,6.72,429.91,pomegranate
45.5,29.19,29.54,32.16,63.03,5.37,2338.89,cashew
46.08,33.15,89.7,33.24,85.4,5.85,3117.24,coconut
259.34,82.63,90.56,25.73,60.51,8.15,2148.62,sugarcane
109.41,59.47,45.33,16.21,63.6,7.59,694.2,wheat
259.43,94.02,109.87,27.31,57.21,8.25,1347.99,sugarcane
102.05,57.14,40.28,17.86,49.61,7.06,555.39,maize
64.95,24.08,20.66,37.86,60.02,6.99,483.62,bajra
35.93,29.81,30.22,28.78,80.1,6.65,2788.47,mango
24.78,75.71,42.12,25.58,55.94,7.38,760.39,soybean
29.48,21.57,80.81,29.69,89.62,6.67,2114.54,coconut
156.03,36.4,26.21,31.93,49.23,7.8,635.71,cotton
93.25,41.36,39.14,21.15,77.23,6.01,1335.36,rice
113.16,50.64,82.47,26.99,70.4,6.49,536.66,tomato
53.91,29.44,18.93,21.48,78.1,5.85,2808.32,ragi
46.72,56.39,17.92,29.53,42.05,6.05,708.99,pigeonpeas
35.57,40.21,53.23,29.19,70.69,6.66,889.81,orange
34.79,72.18,29.49,34.45,51.44,5.91,677.53,groundnut
98.85,62.12,46.62,29.31,87.04,7.56,2424.14,rice
120.11,66.9,38.31,14.26,56.13,6.4,507.27,wheat
28.38,73.38,40.69,31.42,73.74,7.41,811.03,soybean
128.3,55.58,18.93,37.35,73.18,6.79,730.46,cotton
54.63,37.05,33.1,23.71,44.49,6.47,712.83,sorghum
47.4,37.03,52.23,34.12,67.24,8.26,496.26,pomegranate
27.68,36.32,67.51,24.33,43.3,6.68,770.34,pomegranate
50.92,93.32,164.03,14.3,57.64,6.43,695.78,grapes
60.2,47.05,33.6,29.97,34.57,7.04,478.93,bajra
82.62,40.05,19.64,33.78,66.96,7.86,880.98,cotton
205.21,51.26,134.23,27.48,80.33,6.39,1514.89,banana
39.26,37.27,44.77,22.76,50.68,7.25,619.26,sweet_lime
44.52,29.16,58.18,28.56,40.28,6.86,985.74,orange
60.39,24.6,41.51,22.74,59.09,7.26,764.15,sweet_lime
73.16,60.59,52.54,25.86,89.34,5.57,3733.58,rice
156.62,36.14,35.03,27.46,55.92,8.18,1090.26,cotton
64.96,29.14,44.59,23.25,60.91,7.72,516.08,sorghum
101.55,55.14,44.83,27.56,55.85,7.44,734.64,onion
28.97,39.72,49.08,38.37,51.31,7.63,749.41,pomegranate
157.24,80.81,130.85,37.92,86.16,7.53,1584.05,banana
47.45,21.9,52.1,33.75,76.23,5.81,2172.86,mango
98.13,33.45,24.6,26.58,63.85,8.33,575.79,sorghum
18.99,36.48,35.68,35.35,70.42,5.48,2662.45,mango
179.96,58.6,153.19,31.27,59.03,7.01,1171.68,banana
74.52,36.53,34.44,26.18,56.17,6.83,471.0,sorghum
187.29,68.75,130.85,38.68,83.31,6.95,1090.36,banana
35.53,40.6,39.37,28.12,70.88,7.94,1015.42,orange
44.28,20.67,47.57,30.05,58.87,8.04,670.78,sweet_lime
121.85,48.84,44.58,22.72,37.1,7.69,667.38,wheat
15.93,83.0,22.19,23.16,41.99,7.36,611.56,pigeonpeas
79.03,50.66,56.01,34.86,88.42,6.17,2423.76,rice
42.7,59.5,57.88,17.54,42.64,6.16,674.63,chickpea
176.73,72.88,135.45,37.35,66.03,7.15,1023.29,banana
42.36,26.6,32.16,31.98,79.55,6.48,2708.02,cashew
87.15,29.39,33.89,32.36,43.3,6.95,743.0,sorghum
50.24,41.44,40.71,26.19,75.56,6.83,2752.49,ragi
39.7,22.89,34.82,24.83,63.22,5.31,2899.57,cashew
137.08,66.07,72.82,31.19,67.08,6.06,884.85,tomato
63.45,45.15,27.4,36.49,41.75,8.48,616.9,bajra
180.77,49.12,175.91,28.9,59.0,6.3,1280.81,banana
260.32,89.63,101.08,31.62,81.92,7.02,1879.15,sugarcane
50.17,38.63,21.91,37.37,49.21,8.09,553.25,bajra
46.25,49.07,24.11,27.64,69.74,8.28,963.61,pigeonpeas
44.81,63.34,52.6,25.98,39.74,7.95,529.88,chickpea
42.94,25.11,33.92,26.06,70.65,6.95,3770.96,mango
23.75,69.73,40.87,23.48,52.15,7.37,544.56,groundnut
28.21,59.9,18.64,35.12,63.91,6.24,821.94,pigeonpeas
85.23,40.35,24.56,25.17,56.31,7.7,500.08,sorghum
39.49,41.26,72.66,25.59,92.06,6.83,2428.73,coconut
20.47,21.47,32.13,25.57,80.22,6.0,3089.39,cashew
234.63,65.18,130.05,30.44,80.51,7.58,1341.46,sugarcane
171.42,81.96,88.0,30.24,53.54,7.87,1039.6,sugarcane
30.35,46.68,44.09,19.27,68.28,7.38,987.17,orange
113.81,64.18,36.52,30.54,46.04,7.42,895.39,maize
29.6,66.75,60.23,23.72,26.34,6.08,777.92,chickpea
59.54,28.21,27.7,30.01,41.64,8.16,583.23,bajra
41.05,30.2,39.59,36.27,56.69,7.21,801.2,orange
89.64,67.57,33.49,19.13,56.49,7.74,599.89,wheat
76.42,56.0,34.89,31.69,49.38,7.29,710.03,maize
53.19,23.89,41.04,27.67,39.07,7.2,762.92,orange
67.71,35.43,41.29,33.54,54.53,6.68,458.89,bajra
33.81,60.99,21.18,34.87,55.32,7.91,1079.24,pigeonpeas
61.26,30.75,38.99,35.02,35.62,8.5,440.84,bajra
35.95,20.43,30.29,22.96,48.38,7.67,699.47,orange
40.97,21.59,53.08,31.72,88.56,6.66,3139.74,mango
48.67,39.91,42.23,37.08,51.25,7.42,782.63,pomegranate
41.38,54.54,66.54,25.22,23.32,8.3,470.87,chickpea
98.42,58.79,87.03,22.55,64.98,7.07,744.9,tomato
48.62,35.81,38.26,32.82,42.71,7.43,512.88,bajra
75.21,58.55,57.22,34.38,88.7,5.6,1466.52,rice
61.09,41.66,34.77,32.26,73.47,6.23,2910.17,ragi
79.01,34.49,35.26,32.02,47.79,6.85,522.45,sorghum
38.98,64.96,45.66,29.37,52.22,6.32,535.31,groundnut
61.85,23.02,37.55,26.25,87.69,5.52,1691.74,ragi
48.66,21.22,34.0,30.72,77.52,5.97,2472.51,ragi
25.53,23.45,35.99,26.46,60.27,6.45,3067.13,cashew
51.83,21.33,64.72,39.41,68.74,7.25,921.47,sweet_lime
41.63,18.92,51.95,38.95,31.27,6.82,499.66,pomegranate
29.69,28.74,41.42,23.98,84.65,6.76,1865.95,mango
96.82,32.94,49.03,26.55,41.54,7.38,800.27,sorghum
45.78,25.36,40.03,36.87,86.35,5.84,3242.36,cashew
232.73,65.34,122.39,35.06,61.8,6.72,840.86,sugarcane
153.02,100.23,109.35,22.77,64.08,7.13,1691.26,sugarcane
61.46,48.78,37.31,24.13,41.94,6.38,584.76,sorghum
80.45,47.39,19.38,28.3,63.08,6.87,1011.66,cotton
32.82,42.77,78.2,24.86,43.39,6.45,368.95,chickpea
95.09,40.8,54.06,23.56,64.55,7.12,461.47,maize
105.42,45.93,39.0,31.95,85.24,6.04,2714.07,rice
37.45,83.04,15.31,32.42,43.79,7.23,778.65,pigeonpeas
165.08,87.13,100.86,24.66,78.09,7.12,1014.64,banana
56.16,39.11,27.06,21.55,79.69,5.33,1379.25,ragi
69.58,40.86,48.69,34.75,82.83,7.43,2436.06,rice
135.27,73.93,109.97,19.77,64.47,7.02,953.17,tomato
20.48,64.5,31.73,29.95,63.65,6.51,838.34,groundnut
30.05,38.31,46.94,28.45,64.2,6.96,1153.06,orange
33.53,44.82,63.19,17.28,23.34,6.5,380.58,chickpea
44.85,23.01,46.77,25.93,76.87,5.78,2446.05,mango
22.05,49.93,37.62,28.92,44.89,6.09,463.74,groundnut
25.23,26.41,19.81,30.89,68.08,5.87,1722.11,cashew
55.54,40.0,41.09,31.68,84.15,6.03,2170.57,ragi
30.76,64.28,53.88,20.74,17.92,7.94,489.36,chickpea
50.28,103.89,166.4,35.47,70.95,6.4,658.53,grapes
180.17,80.08,183.65,39.37,82.38,6.28,1502.81,banana
119.57,72.12,18.19,31.94,63.39,7.33,1158.65,cotton
75.71,57.94,37.91,23.93,54.84,7.32,482.46,wheat
79.25,40.11,46.39,26.9,35.09,6.65,660.61,sorghum
22.57,52.87,60.83,24.82,28.66,8.3,483.69,chickpea
76.79,43.01,30.11,36.05,45.04,7.28,551.44,sorghum
30.73,16.97,39.39,24.47,63.14,5.91,3399.31,mango
29.2,39.86,57.22,19.4,44.72,6.37,658.02,pomegranate
82.04,47.45,49.85,30.96,84.04,7.38,3106.2,rice
53.71,52.98,48.13,26.29,49.82,6.72,690.17,sorghum
81.81,65.07,45.75,26.17,50.17,7.29,512.35,maize
106.64,73.38,31.69,28.67,44.47,8.56,639.99,cotton
53.29,48.92,27.62,31.1,42.53,6.75,599.29,sorghum
46.43,64.11,66.59,22.35,23.63,6.09,579.22,chickpea
76.38,27.98,41.58,31.03,61.5,7.19,610.3,sorghum
30.57,119.3,143.86,24.99,69.69,7.78,635.9,grapes
53.7,41.87,33.93,25.26,30.56,7.21,425.65,bajra
101.43,63.51,50.65,28.29,68.7,6.24,609.81,onion
47.74,25.23,20.48,27.19,85.9,5.54,3287.31,ragi
44.04,77.56,59.02,16.24,29.03,7.18,775.63,chickpea
22.58,47.85,18.68,27.69,49.43,6.24,604.07,pigeonpeas
80.16,50.12,34.16,15.46,41.91,8.01,669.03,wheat
169.39,97.35,99.18,29.12,61.33,8.08,2292.17,sugarcane
43.29,52.44,76.38,21.22,24.74,6.63,759.78,chickpea
68.79,40.01,35.98,25.81,31.97,8.47,497.11,bajra
243.14,97.69,77.13,36.37,76.94,7.89,2222.54,sugarcane
256.89,94.44,134.82,31.51,57.07,6.96,1059.69,sugarcane
29.05,19.22,57.23,24.07,70.18,6.8,1007.44,sweet_lime
45.61,85.43,120.75,17.07,57.86,6.41,538.07,grapes
35.94,122.17,181.67,15.72,51.87,6.43,553.78,grapes
63.44,30.99,117.73,23.87,69.5,7.09,3714.6,coconut
40.03,19.41,34.66,36.44,68.52,7.58,1043.37,orange
42.47,39.78,37.61,27.83,55.19,7.78,691.8,orange
36.03,70.86,73.36,21.61,30.59,7.68,472.17,chickpea
28.22,49.64,19.53,32.82,59.14,6.75,1185.39,soybean
36.01,109.99,153.92,15.38,57.05,6.45,485.15,grapes
18.89,47.62,57.98,15.5,32.29,6.96,549.01,chickpea
78.22,44.42,24.12,26.07,42.29,8.11,379.67,bajra
41.57,60.47,50.23,27.48,68.34,5.98,651.03,groundnut
113.92,40.93,70.14,19.98,53.89,6.02,714.51,onion
43.95,19.2,72.07,37.06,41.02,7.98,512.86,pomegranate
103.12,47.28,38.87,27.77,67.36,7.5,810.66,cotton
20.48,53.83,25.68,37.08,63.03,8.17,610.88,pigeonpeas
110.31,41.8,41.67,17.51,48.62,6.08,647.35,maize
55.23,40.51,57.22,27.75,52.7,7.75,1032.04,orange
37.96,46.74,37.76,37.59,57.26,6.73,764.33,sweet_lime
22.73,49.61,37.1,32.04,58.17,7.27,900.02,groundnut
72.37,40.36,46.15,31.78,75.75,7.6,2235.28,rice
36.84,19.21,30.14,22.17,71.96,6.28,1859.67,cashew
121.48,71.29,103.06,21.72,49.65,6.33,724.45,tomato
113.18,67.16,51.79,33.17,45.5,6.19,863.61,onion
104.85,42.91,45.57,26.08,89.68,6.07,1896.73,rice
74.37,29.25,28.75,24.62,53.55,7.89,688.93,bajra
29.31,99.56,113.77,21.54,42.0,7.14,658.13,grapes
120.58,58.16,33.67,31.97,49.8,7.31,1221.71,cotton
107.81,67.43,51.44,21.64,43.97,6.55,703.76,onion
24.16,14.26,40.75,23.71,75.48,5.08,2133.89,cashew
38.32,39.04,37.97,29.8,66.63,7.06,691.74,groundnut
50.87,24.54,31.64,37.45,72.58,6.81,1080.87,orange
39.43,22.68,48.62,34.08,64.7,6.48,2151.8,mango
120.3,37.73,18.38,36.7,57.54,7.61,639.77,cotton
106.12,64.23,38.86,27.38,70.52,6.21,831.7,maize
34.61,23.89,73.53,29.68,68.55,7.02,3237.43,coconut
112.1,65.79,48.33,20.05,39.07,6.81,748.02,wheat
96.7,72.66,16.24,29.79,67.79,6.7,611.49,cotton
59.56,33.33,35.22,20.0,78.22,6.66,1742.57,ragi
75.9,36.65,41.73,22.46,83.7,6.49,2940.74,rice
235.77,78.83,120.43,27.84,67.41,6.49,2051.03,sugarcane
45.34,90.69,130.99,15.2,67.1,6.49,547.04,grapes
108.87,55.85,33.61,13.68,44.6,6.89,706.85,wheat
45.87,45.9,51.1,31.59,59.54,7.7,834.67,orange
50.2,22.69,30.01,35.66,90.22,6.02,2863.6,cashew
35.4,126.89,145.23,26.68,53.94,7.08,668.81,grapes
26.57,59.95,34.6,29.63,72.45,7.14,758.18,soybean
84.44,57.54,48.05,22.5,36.59,8.05,381.57,wheat
28.93,25.73,29.26,31.47,63.15,5.8,2072.72,ragi
65.73,36.77,31.99,30.19,46.99,8.37,543.55,sorghum
46.45,41.01,58.87,34.91,69.53,7.48,3494.2,coconut
82.29,47.53,30.32,16.72,64.22,7.06,476.8,wheat
37.64,98.36,156.81,32.28,61.76,7.57,482.07,grapes
38.96,24.56,47.62,24.1,58.35,7.67,1015.86,sweet_lime
26.07,56.24,52.39,22.63,72.49,6.17,627.9,groundnut
111.36,77.99,115.23,24.78,48.11,6.09,608.72,tomato
46.5,23.23,28.56,27.42,80.34,5.9,2487.93,mango
20.55,53.84,30.16,24.29,61.19,6.34,598.66,soybean
38.51,20.94,58.04,33.3,66.52,6.97,3649.28,mango
19.24,48.63,51.28,22.15,40.38,6.41,567.49,chickpea
76.7,62.59,56.38,23.47,73.66,7.58,3127.17,rice
40.2,42.66,74.21,22.92,32.45,8.14,390.63,chickpea
30.3,14.64,23.13,33.92,58.68,5.73,1789.21,cashew
70.09,60.72,42.11,23.44,76.1,6.03,2308.01,rice
184.24,93.0,118.27,38.18,63.74,7.56,1506.69,sugarcane
166.69,88.95,154.28,29.84,82.91,5.96,964.88,banana
31.08,56.81,69.6,19.4,46.55,7.25,703.73,chickpea
105.41,61.67,42.2,32.54,74.47,6.87,822.12,maize
47.78,39.64,112.13,23.4,70.02,6.09,2638.23,coconut
32.96,16.2,53.51,30.32,63.54,7.08,1883.87,mango
23.74,57.6,63.81,25.56,22.0,6.23,407.18,chickpea
80.54,62.62,45.22,15.78,40.85,8.0,576.77,wheat
257.58,98.94,104.3,24.92,60.03,8.35,1072.1,sugarcane
99.15,35.83,33.35,32.14,48.89,7.34,495.56,sorghum
101.54,84.31,77.21,29.76,70.02,7.34,874.73,tomato
39.58,35.68,100.09,29.18,88.04,6.63,2942.59,coconut
22.02,47.61,28.73,23.17,65.74,7.51,667.19,groundnut
147.98,49.63,94.6,28.88,58.39,6.67,630.47,tomato
20.24,77.66,46.55,27.3,57.8,7.64,688.8,soybean
109.5,51.19,59.41,30.31,48.52,7.35,861.05,onion
110.24,56.79,101.43,28.69,60.15,7.35,953.18,tomato
112.05,58.06,73.1,31.5,53.03,6.9,699.0,onion
98.7,35.23,37.5,30.95,49.89,7.5,1007.7,cotton
33.65,33.02,52.58,35.85,75.95,6.79,3542.68,mango
75.48,34.3,24.53,31.58,37.85,8.64,588.98,sorghum
43.15,60.97,26.31,24.94,75.24,7.6,1173.07,soybean
96.31,49.97,45.44,17.59,49.28,8.01,469.32,wheat
26.07,15.74,26.73,23.81,84.06,6.16,3132.41,cashew
32.28,61.49,24.46,37.26,67.12,6.89,661.04,pigeonpeas
202.28,94.21,183.73,25.56,70.42,6.71,1347.82,banana
39.17,30.46,90.37,35.11,78.34,5.65,1844.11,coconut
127.96,91.75,146.2,28.44,76.33,6.92,1568.91,banana
25.71,43.49,33.77,25.22,67.7,6.18,758.48,soybean
75.89,46.43,32.37,20.51,64.03,7.44,617.45,wheat
43.78,57.86,32.69,23.7,46.71,8.21,745.98,pigeonpeas
78.03,50.16,43.96,29.99,46.24,6.39,501.08,onion
19.93,25.66,32.79,25.17,68.88,5.57,2526.04,mango
48.12,52.88,22.27,34.02,59.18,7.59,901.32,soybean
51.07,99.01,183.18,26.42,54.81,7.55,830.46,grapes
49.21,115.92,184.46,32.98,48.8,7.58,632.61,grapes
49.57,28.06,53.72,32.59,74.36,7.33,2283.52,mango
42.99,23.11,40.57,22.98,86.55,6.04,1861.94,mango
106.28,43.89,48.43,17.93,44.27,5.9,625.25,onion
29.91,31.11,56.99,21.46,66.4,8.07,987.72,sweet_lime
35.32,53.38,33.54,30.87,43.07,7.14,1102.68,pigeonpeas
23.33,25.61,49.48,32.03,79.86,6.13,2422.52,mango
34.35,33.22,26.32,28.08,73.58,6.05,2648.39,ragi
31.42,71.76,55.24,21.57,18.68,7.86,576.22,chickpea
107.88,53.32,41.91,30.09,54.06,5.83,639.01,maize
19.06,69.95,42.63,33.63,45.78,6.87,561.37,groundnut
39.35,33.01,65.78,34.51,62.1,7.17,775.48,sweet_lime
37.32,106.87,153.76,22.79,52.38,7.65,625.37,grapes
46.83,14.45,19.52,34.32,83.24,4.95,2156.12,cashew
52.75,50.85,25.28,24.39,73.58,6.4,952.54,soybean
19.72,45.21,58.19,28.1,58.38,7.04,778.29,groundnut
49.95,75.02,39.56,29.85,49.21,7.88,631.44,soybean
131.22,44.93,48.53,28.16,48.34,6.59,489.35,maize
56.16,25.39,85.0,33.01,87.07,6.4,2294.55,coconut
53.7,30.27,64.71,29.96,68.63,5.93,3597.67,coconut
33.15,56.74,52.7,28.27,54.42,7.13,502.52,groundnut
132.38,66.87,38.33,35.54,68.16,7.12,1098.2,cotton
29.64,40.82,19.84,32.86,68.91,6.77,1123.05,soybean
76.52,45.16,53.0,20.36,49.82,6.08,677.91,onion
44.08,41.06,76.3,28.96,48.5,8.08,776.36,pomegranate
103.19,54.38,15.86,34.71,57.5,7.79,893.15,cotton
44.62,37.06,19.15,24.71,69.26,6.36,1234.64,ragi
96.54,36.08,30.2,39.04,59.51,6.96,565.99,sorghum
73.16,33.56,21.52,38.35,47.45,7.73,435.41,bajra
235.5,67.64,134.77,38.96,85.54,8.33,1627.29,sugarcane
19.63,28.93,27.78,22.9,70.78,5.15,3048.64,cashew
20.05,58.98,35.18,33.06,65.09,6.02,960.8,pigeonpeas
39.75,53.1,39.44,29.74,65.42,7.15,1018.16,soybean
36.26,53.96,69.42,22.29,41.22,7.46,520.24,chickpea
25.44,84.0,117.07,21.96,47.61,7.42,697.3,grapes
47.7,33.15,38.56,33.99,47.37,7.66,872.96,orange
123.8,84.22,83.61,24.02,48.57,6.14,616.78,tomato
112.16,37.71,39.45,23.81,48.67,7.0,619.26,onion
14.8,67.98,26.68,38.92,58.91,7.56,924.02,pigeonpeas
33.86,53.7,37.48,31.55,62.52,7.04,1027.74,soybean
147.82,62.02,77.15,27.35,72.68,7.56,744.41,tomato
39.26,77.72,21.56,22.28,66.74,6.07,690.23,soybean
111.93,67.61,36.18,31.78,70.89,6.86,525.76,maize
99.62,69.89,40.02,33.9,70.42,7.76,728.4,cotton
46.7,37.08,49.34,35.79,47.91,6.76,1122.46,orange
95.36,53.38,33.93,27.66,73.88,6.04,1352.19,rice
21.03,124.35,144.13,14.71,63.13,6.97,580.72,grapes
155.41,72.21,79.45,28.22,53.19,6.83,2165.41,sugarcane
117.25,66.22,19.0,36.54,43.04,8.18,1236.73,cotton
31.08,126.24,125.1,29.8,69.2,7.68,577.14,grapes
63.16,34.75,28.63,36.9,67.88,7.09,1047.08,orange
45.57,18.95,37.95,30.51,62.42,6.13,2259.13,ragi
78.79,53.82,55.96,28.19,69.8,7.95,759.61,onion
39.37,15.51,34.74,31.59,82.88,5.73,1831.27,cashew
153.35,79.79,150.53,30.98,82.49,7.76,1206.85,banana
155.1,54.84,21.39,23.48,41.17,7.67,1072.96,cotton
81.66,42.18,55.86,32.23,79.07,6.19,2363.21,rice
88.19,33.47,36.51,30.84,57.44,7.42,442.59,sorghum
59.78,41.29,29.99,26.12,73.72,6.05,3340.95,ragi
158.15,56.98,180.65,31.25,79.03,6.72,1480.34,banana
24.51,62.54,41.92,33.61,53.26,6.98,1112.99,soybean
112.98,49.48,47.02,30.74,52.71,6.5,618.28,maize
140.15,68.46,145.16,32.59,80.95,7.9,1053.78,banana
34.9,29.53,51.06,21.77,29.99,8.47,470.17,pomegranate
262.08,76.32,112.77,32.34,57.34,6.75,926.95,sugarcane
36.65,21.65,71.56,23.45,68.97,6.03,3381.18,coconut
97.64,68.67,38.21,31.89,42.29,7.63,687.67,cotton
18.98,72.67,14.12,38.53,69.77,6.99,667.06,pigeonpeas
54.24,18.97,54.75,33.36,45.6,8.14,811.32,sweet_lime
32.79,55.58,58.16,32.29,63.35,6.37,714.93,groundnut
65.41,40.47,65.23,27.74,45.38,7.84,742.98,onion
21.59,67.27,56.02,28.37,56.19,7.19,543.37,groundnut
194.82,89.78,88.27,33.75,54.66,8.32,1378.24,sugarcane
145.97,48.38,29.02,35.2,44.87,8.46,976.52,cotton
85.72,44.62,50.94,15.24,49.9,7.34,677.27,wheat
37.84,33.74,41.0,39.29,49.92,7.51,909.93,sweet_lime
77.39,48.33,52.65,24.06,44.94,6.88,829.88,maize
90.3,82.47,85.04,24.15,51.98,6.34,904.09,tomato
59.74,51.26,42.75,19.23,66.07,6.79,779.59,onion
152.14,58.59,24.8,27.32,54.29,8.68,1163.32,cotton
44.15,32.88,42.06,27.7,91.19,7.29,2627.07,mango
40.08,21.55,41.34,36.98,68.88,6.52,2609.67,cashew
72.13,24.4,37.26,28.91,54.86,7.48,353.5,bajra
42.65,15.27,57.96,24.79,88.65,6.43,2715.58,mango
22.6,59.02,31.43,23.8,75.03,6.6,888.6,soybean
33.54,53.48,42.42,33.69,73.79,6.34,783.99,soybean
51.38,34.76,93.14,29.53,82.64,5.89,2498.42,coconut
106.55,72.57,96.78,25.73,68.51,6.3,670.73,tomato
56.61,31.59,88.06,29.62,84.47,7.11,3042.01,coconut
49.84,70.66,28.2,28.45,54.88,6.61,771.08,soybean
169.13,92.42,98.47,35.75,59.79,6.57,2224.6,sugarcane
101.74,59.78,49.2,29.77,45.17,7.7,700.03,onion
43.68,25.48,23.12,26.82,90.9,6.24,2475.05,cashew
63.56,43.52,38.12,28.02,60.06,7.09,750.9,sweet_lime
25.51,86.17,151.87,22.26,64.46,8.09,840.17,grapes
33.55,35.47,38.68,34.81,39.12,7.63,879.17,orange
46.88,41.34,42.11,24.56,77.19,6.85,998.98,soybean
141.52,91.92,180.99,28.21,69.46,6.01,1613.82,banana
107.98,63.51,55.86,21.96,89.05,6.23,3304.43,rice
41.71,32.68,35.12,29.42,75.28,5.59,2009.52,mango
33.11,66.07,28.13,35.65,57.95,8.28,749.14,pigeonpeas
50.68,28.12,115.26,27.33,92.83,6.36,2737.99,coconut
78.46,60.76,56.86,32.92,93.03,7.06,2157.71,rice
33.34,16.44,32.45,24.52,63.23,6.97,3139.12,mango
92.91,31.98,47.55,28.47,36.06,8.56,828.66,sorghum
31.61,59.85,23.98,22.07,76.54,7.44,1042.55,soybean
32.86,50.73,27.55,31.55,54.32,6.87,1019.68,soybean
52.52,19.69,57.6,36.7,45.87,7.05,843.89,sweet_lime
30.85,20.2,51.36,31.95,81.15,6.45,3052.19,mango
34.61,28.37,25.82,31.59,80.0,6.73,1708.19,ragi
249.03,74.76,89.49,24.07,54.64,6.96,1164.31,sugarcane
31.82,24.09,48.89,33.75,79.24,6.59,2198.31,mango
133.27,76.07,86.39,19.09,53.99,6.51,633.27,tomato
110.0,65.46,68.91,26.76,46.85,6.11,660.51,onion
32.29,60.5,27.29,26.08,56.47,7.34,926.11,pigeonpeas
35.79,60.01,21.96,23.69,40.67,7.1,1007.56,pigeonpeas
47.35,33.16,22.89,28.17,67.1,5.75,2977.85,ragi
70.46,59.72,47.33,23.67,68.94,7.61,630.18,onion
97.34,46.14,40.67,32.34,46.55,7.73,680.73,onion
55.55,45.35,63.59,26.83,48.12,6.77,894.34,orange
48.19,44.57,41.23,33.41,54.38,6.61,943.29,sweet_lime
76.63,38.98,27.03,32.0,50.61,8.39,582.12,sorghum
24.25,16.44,19.46,24.36,79.72,5.46,2971.45,cashew
65.94,27.76,29.65,26.96,35.96,7.87,354.5,bajra
131.92,80.9,107.93,19.25,63.11,6.89,543.13,tomato
19.45,23.94,19.06,22.27,84.76,6.56,3577.11,cashew
41.41,19.06,24.54,36.57,79.18,5.76,2855.74,cashew
27.85,19.2,25.13,25.97,81.53,5.9,2481.63,cashew
65.41,39.53,27.81,38.67,51.34,7.1,648.07,sorghum
41.37,72.24,39.87,34.26,58.72,6.72,860.99,groundnut
46.32,23.56,68.86,32.03,51.46,6.72,716.87,sweet_lime
102.07,78.1,64.83,28.27,70.47,6.74,917.81,tomato
42.54,30.27,51.87,32.63,84.62,6.66,1997.45,mango
57.36,28.26,68.04,24.78,84.35,6.79,2256.77,coconut
42.33,43.02,41.61,26.27,42.78,6.76,837.27,orange
44.96,19.73,28.79,23.47,42.08,6.51,926.68,orange
47.32,22.56,43.41,35.67,40.01,7.65,781.73,orange
49.5,29.91,23.82,34.37,57.73,7.44,643.62,bajra
62.57,26.39,29.98,34.35,45.3,8.46,426.75,sorghum
44.22,21.03,33.1,32.06,64.2,6.68,1546.36,ragi
162.9,56.25,160.74,30.22,76.25,7.1,1579.5,banana
14.95,80.11,31.78,30.38,55.62,7.29,1057.01,pigeonpeas
58.71,35.97,72.71,34.94,84.2,6.3,1466.34,coconut
63.05,18.93,23.16,26.26,34.18,8.39,436.75,bajra
23.3,41.87,37.96,22.79,76.14,7.08,799.17,soybean
96.74,63.31,68.31,26.46,59.29,7.58,587.5,tomato
125.45,39.33,43.01,24.95,61.19,7.4,538.12,maize
35.67,63.31,56.89,22.81,34.22,6.21,767.08,chickpea
39.87,35.79,43.99,37.7,47.87,7.47,1004.11,sweet_lime
40.63,32.75,54.86,31.99,81.12,6.7,3165.46,mango
95.46,52.58,32.47,14.88,46.76,6.8,441.59,wheat
36.13,33.67,58.78,23.43,33.14,8.31,549.92,pomegranate
180.62,66.53,152.74,33.45,58.73,7.32,1138.49,banana
32.62,25.82,21.39,26.63,84.99,6.1,3233.11,cashew
130.21,56.62,95.72,23.43,52.78,7.54,749.18,tomato
70.13,27.31,29.82,27.21,47.71,8.02,503.34,sorghum
126.76,50.23,15.06,33.48,74.33,8.36,1112.37,cotton
25.67,32.33,66.69,33.57,40.96,8.22,737.4,pomegranate
27.21,30.65,79.08,30.2,61.51,6.6,800.33,pomegranate
39.76,64.42,20.81,32.23,47.47,5.9,696.9,pigeonpeas
26.07,17.86,55.39,31.74,84.8,7.16,3105.21,mango
103.09,49.09,29.56,26.43,55.16,5.94,652.38,maize
125.64,59.06,35.04,24.73,51.54,8.05,944.92,cotton
43.4,61.88,21.99,34.19,46.15,6.55,994.04,pigeonpeas
138.91,62.19,68.41,31.31,69.93,5.91,886.78,tomato
30.17,114.61,117.69,34.2,48.63,7.77,651.24,grapes
61.77,43.29,32.03,32.07,48.76,8.27,630.93,bajra
29.94,41.08,30.4,23.78,69.23,5.78,1871.52,ragi
90.93,62.41,19.58,31.07,45.54,8.63,676.17,cotton
201.68,62.47,179.16,24.1,64.79,7.23,994.29,banana
39.04,61.25,25.71,31.46,64.51,5.91,883.05,pigeonpeas
79.98,34.45,48.44,34.82,41.73,8.53,522.98,sorghum
64.87,28.55,44.97,38.6,48.9,7.21,733.58,sorghum
77.84,46.16,29.18,28.82,43.81,8.12,591.25,bajra
26.1,72.21,62.09,21.26,39.26,7.49,386.55,chickpea
117.05,38.23,46.08,20.47,66.51,7.53,439.49,wheat
56.07,28.46,33.89,24.38,87.61,6.17,2004.13,ragi
131.31,71.17,31.35,24.8,66.66,7.59,888.6,cotton
63.26,53.38,66.18,21.48,48.73,7.6,821.54,onion
38.72,61.08,47.98,27.02,37.13,6.71,795.41,chickpea
52.67,123.06,128.9,20.65,53.87,6.44,489.72,grapes
47.72,54.16,23.51,21.26,64.14,6.26,1180.53,soybean
42.18,66.24,58.93,20.51,17.72,6.11,528.53,chickpea
51.42,18.3,22.25,21.3,61.45,6.25,3584.38,cashew
43.62,46.16,65.57,25.45,32.95,6.75,716.0,chickpea
88.03,49.44,36.42,18.57,37.36,6.85,385.95,wheat
61.48,39.11,42.03,33.43,45.23,7.23,992.13,sweet_lime
24.92,38.87,65.66,31.53,38.42,8.27,444.68,pomegranate
67.11,39.58,23.51,27.94,54.84,8.2,440.34,sorghum
116.25,41.69,43.58,14.82,52.77,7.09,743.2,wheat
126.87,43.19,46.77,24.79,47.47,7.68,555.27,wheat
137.74,68.68,28.28,19.81,66.54,5.99,727.59,maize
31.74,59.17,41.69,21.54,48.02,7.15,521.23,groundnut
87.79,47.58,61.67,29.93,65.56,6.04,522.79,onion
68.12,46.42,35.33,25.05,33.67,7.83,434.63,bajra
230.95,85.66,111.99,29.82,76.82,7.55,2073.21,sugarcane
59.16,26.42,34.46,19.86,90.83,5.52,1356.49,ragi
104.5,37.73,48.9,20.15,54.42,7.31,622.56,onion
89.95,69.94,31.59,23.79,61.18,6.75,782.92,cotton
248.31,95.79,96.91,28.75,54.32,8.33,2050.84,sugarcane
74.33,40.46,38.96,29.85,50.73,7.24,770.15,onion
42.93,58.25,39.56,33.96,51.78,7.19,1007.12,soybean
64.61,24.6,47.59,38.83,46.19,6.39,700.76,sweet_lime
51.05,28.99,69.59,34.94,56.61,8.28,668.51,pomegranate
50.69,94.25,150.88,15.93,51.06,7.84,848.36,grapes
30.07,14.58,19.61,23.49,86.94,5.25,2312.27,cashew
34.38,47.85,53.88,24.22,70.43,6.91,615.36,groundnut
46.45,20.15,41.3,30.44,83.76,5.73,2073.9,mango
47.58,39.53,53.6,22.48,66.39,7.08,989.82,sweet_lime
211.47,54.68,158.42,36.32,68.61,6.55,1149.33,banana
96.56,63.37,30.91,17.11,50.38,6.99,609.0,wheat
31.85,65.18,45.29,28.54,46.26,6.2,736.31,groundnut
99.69,61.8,67.92,18.98,63.47,7.3,568.79,tomato
49.66,72.05,39.87,30.98,56.21,6.62,916.78,soybean
119.84,54.24,30.55,18.77,56.14,7.2,618.44,wheat
46.71,26.63,52.98,35.78,63.77,8.22,796.69,pomegranate
39.57,14.78,44.43,22.27,69.09,6.9,2746.55,mango
105.64,51.95,51.87,24.24,93.53,5.77,1658.39,rice
28.63,32.84,39.67,29.33,71.37,6.01,2637.6,ragi
176.36,86.1,112.89,27.03,83.92,7.35,1552.59,sugarcane
54.61,42.77,38.38,28.84,30.52,7.75,514.33,pomegranate
42.73,20.57,27.3,20.43,78.85,6.87,2828.18,ragi
152.93,58.72,76.65,28.07,77.78,6.51,1409.68,sugarcane
31.02,96.77,118.78,30.72,68.59,7.68,788.75,grapes
39.49,42.42,45.5,37.88,68.62,7.93,1133.26,orange
31.6,98.56,155.77,17.58,48.05,7.14,661.37,grapes
66.54,39.51,37.7,24.08,73.37,5.59,3512.77,rice
40.93,59.85,51.49,25.6,30.58,7.47,415.79,chickpea
45.04,37.88,36.43,27.84,63.71,6.31,2246.33,ragi
36.02,41.4,81.63,30.9,70.71,7.16,3536.16,coconut
21.2,16.62,29.91,24.54,83.25,6.23,3656.84,cashew
117.32,42.49,28.57,23.08,57.65,7.4,595.0,maize
218.6,60.47,84.81,26.52,53.0,6.86,2284.23,sugarcane
31.83,41.21,54.2,24.72,50.01,6.19,845.98,groundnut
19.39,79.99,123.44,24.69,58.14,8.02,761.73,grapes
24.88,122.02,122.9,29.06,62.83,6.98,517.94,grapes
39.84,39.23,46.95,26.88,48.16,7.63,802.03,soybean
29.14,60.07,37.62,30.33,46.38,6.27,881.18,groundnut
24.13,28.2,42.13,33.54,60.01,7.64,857.98,orange
55.34,33.71,31.52,35.82,45.49,7.09,623.69,bajra
47.76,19.88,33.74,29.38,83.03,5.74,2811.15,cashew
42.4,80.26,34.74,25.26,54.84,6.49,642.71,pigeonpeas
37.18,22.7,31.58,22.27,47.1,7.19,769.4,orange
176.61,86.34,107.06,25.52,74.28,7.38,2359.85,sugarcane
29.05,29.11,49.19,34.94,68.73,8.07,766.47,sweet_lime
103.99,68.23,28.04,23.34,70.19,7.05,680.49,cotton
84.5,58.33,47.54,24.38,56.2,6.98,627.79,wheat
64.9,24.57,29.4,31.43,37.44,7.36,712.51,sorghum
23.71,26.77,36.57,32.24,78.72,5.94,2894.77,cashew
31.1,30.15,42.33,35.64,64.83,6.03,2294.74,cashew
61.96,27.39,38.47,30.13,33.88,7.6,701.14,sorghum
63.79,32.63,46.36,33.3,37.69,8.41,862.11,sorghum
31.57,40.72,27.64,27.65,78.73,5.8,2997.2,ragi
19.23,58.81,74.51,21.54,28.04,6.31,552.87,chickpea
155.61,98.46,90.99,25.49,77.52,8.27,2027.43,sugarcane
23.89,26.82,23.1,36.88,67.49,5.95,2457.71,cashew
72.18,31.64,32.33,26.31,39.39,8.21,420.62,bajra
82.99,53.31,33.99,22.64,92.98,7.23,3652.95,rice
38.44,46.93,51.1,18.35,25.24,7.27,399.98,chickpea
120.79,82.31,72.85,18.89,69.93,7.27,654.22,tomato
88.09,33.88,36.39,27.71,58.44,7.28,835.26,sorghum
27.09,25.19,67.17,33.91,32.2,6.62,663.4,pomegranate
211.91,83.97,89.66,36.44,53.24,7.57,2117.25,sugarcane
42.22,75.62,61.07,26.45,45.83,7.2,598.89,chickpea
30.06,32.99,50.07,30.29,82.5,6.41,3541.41,mango
26.6,64.07,60.95,16.67,28.06,7.54,716.55,chickpea
66.79,40.69,69.19,27.86,72.22,7.74,683.48,onion
125.38,42.39,29.62,13.52,55.84,6.72,717.08,wheat
28.25,27.06,23.17,24.08,78.36,6.56,1862.77,ragi
26.12,39.62,62.02,28.55,58.54,8.13,849.71,orange
77.62,58.52,41.55,22.72,55.6,6.17,862.71,onion
33.16,49.28,33.29,37.34,61.91,7.02,1105.89,pigeonpeas
131.57,41.22,42.8,26.72,45.01,7.33,581.07,maize
31.32,15.22,36.03,28.54,77.26,6.55,3414.47,cashew
96.37,45.13,51.39,35.24,76.77,6.15,1230.67,rice
137.8,55.23,18.73,26.03,41.08,6.72,825.49,cotton
20.72,85.76,118.08,26.13,46.87,6.98,507.05,grapes
38.66,77.33,26.04,34.46,58.38,7.93,602.13,pigeonpeas
202.48,53.72,166.72,29.43,63.08,7.61,768.48,banana
51.8,38.09,55.28,19.61,36.66,8.44,656.04,pomegranate
63.75,67.62,55.9,25.11,57.22,6.69,640.53,onion
208.92,59.33,127.49,22.1,60.81,6.72,1756.99,sugarcane
89.54,43.27,60.89,19.42,69.49,7.69,565.87,onion
128.22,64.79,108.27,26.53,63.5,7.38,739.28,tomato
184.32,72.44,140.63,31.46,65.35,6.5,1136.06,banana
14.84,59.54,24.8,32.65,60.38,7.46,848.66,pigeonpeas
150.68,39.63,33.62,38.11,44.65,8.53,1143.16,cotton
191.65,87.42,123.0,29.66,83.9,7.35,1904.6,sugarcane
26.77,26.97,47.24,23.88,70.15,5.69,3013.46,mango
57.33,28.48,68.35,28.61,35.26,6.51,466.93,pomegranate
151.15,83.9,113.79,26.62,59.45,6.78,1200.28,banana
59.94,50.25,32.19,33.15,60.43,7.76,592.31,sorghum
47.33,38.36,27.08,26.92,70.88,6.84,1240.94,ragi
24.7,55.3,35.49,23.95,40.08,6.49,613.58,pigeonpeas
99.28,53.74,41.27,24.22,77.11,6.19,1498.58,rice
47.62,45.68,46.8,32.55,40.71,8.36,624.0,sweet_lime
38.18,46.01,73.46,19.6,17.87,6.64,762.81,chickpea
61.11,36.73,64.41,37.84,66.25,6.84,905.72,sweet_lime
21.16,62.78,18.58,33.72,43.36,6.24,672.77,pigeonpeas
95.46,38.93,35.27,28.15,50.51,6.51,553.58,maize
75.74,57.14,72.69,32.53,61.49,6.23,727.98,onion
81.53,51.03,15.13,32.77,55.05,8.38,1023.23,cotton
43.42,33.49,66.97,25.23,47.32,6.4,849.01,sweet_lime
33.19,42.73,67.58,21.6,41.07,7.05,770.86,chickpea
45.99,76.68,31.97,30.9,68.32,6.99,702.48,pigeonpeas
82.04,39.54,39.85,28.19,40.53,7.24,347.12,bajra
39.75,43.81,21.42,29.49,50.35,7.13,626.98,bajra
41.93,14.12,32.7,22.13,64.44,5.44,2756.85,cashew
28.0,101.41,179.13,29.08,45.43,7.6,546.82,grapes
45.39,41.29,27.49,20.93,86.61,6.0,2158.64,ragi
36.0,29.92,117.04,30.26,89.27,5.9,1583.26,coconut
42.79,115.28,147.53,25.06,64.21,7.53,619.83,grapes
74.72,45.52,41.08,23.05,58.1,7.81,630.42,sorghum
79.03,41.17,55.68,32.66,87.65,6.81,1450.63,rice
35.29,23.71,56.95,30.83,57.55,7.37,523.81,pomegranate
41.94,75.4,35.4,39.13,49.07,6.82,625.7,pigeonpeas
20.45,72.31,37.94,32.84,77.72,7.89,757.68,soybean
85.47,57.37,52.5,21.36,78.71,6.37,3002.0,rice
82.82,72.02,37.65,33.19,55.03,8.26,931.12,cotton
81.53,50.49,56.65,29.91,50.45,6.38,777.86,onion
59.65,22.57,26.72,27.84,63.05,5.43,3377.95,ragi
69.15,32.45,24.92,29.36,54.84,6.4,757.62,sorghum
32.01,34.44,57.78,35.7,45.44,7.38,669.13,sweet_lime
69.95,45.83,66.31,18.54,62.54,6.15,560.04,onion
34.75,21.54,53.34,32.86,68.0,6.89,2605.97,mango
50.97,33.37,57.89,26.67,35.48,7.06,682.22,pomegranate
95.11,37.65,53.69,34.35,74.2,7.12,2687.81,rice
114.91,45.19,34.21,21.41,79.71,7.14,1679.63,rice
41.34,33.67,19.16,37.48,60.31,8.66,575.05,bajra
79.42,41.56,31.72,19.31,48.28,7.39,909.58,maize
79.3,36.78,46.4,23.44,72.09,7.56,2535.08,rice
41.28,32.8,53.15,34.27,55.61,6.93,793.98,pomegranate
26.61,61.76,72.18,20.26,25.03,7.28,663.73,chickpea
227.59,96.78,90.34,23.78,64.22,6.52,2084.06,sugarcane
57.38,37.47,64.52,37.21,59.49,7.55,801.26,sweet_lime
143.98,65.26,21.19,39.21,65.84,8.32,932.48,cotton
90.51,66.42,48.59,26.99,48.29,8.02,533.86,wheat
36.27,40.8,80.76,31.74,67.55,5.76,3383.17,coconut
81.12,58.43,17.99,27.44,70.32,7.54,1151.93,cotton
49.92,28.24,114.08,34.87,92.0,6.61,2039.85,coconut
124.94,63.41,30.54,23.35,37.21,7.22,700.82,wheat
78.87,56.8,48.25,32.58,69.49,6.12,547.36,onion
131.16,73.12,71.76,17.85,66.91,6.27,1022.26,tomato
50.93,39.91,34.87,24.93,31.97,7.41,581.67,bajra
35.67,75.43,28.71,38.89,46.82,6.92,756.11,pigeonpeas
19.94,22.16,40.49,22.93,83.55,7.01,1977.3,mango
64.62,38.67,19.53,23.49,46.26,7.59,430.9,bajra
105.8,64.64,56.07,19.22,66.83,7.51,702.54,onion
56.54,38.44,27.36,21.28,72.14,6.69,1576.05,ragi
76.7,48.11,52.05,30.67,73.89,5.78,1468.93,rice
34.36,37.12,47.24,35.73,63.41,7.76,787.58,pomegranate
41.67,52.69,21.76,23.56,52.65,7.24,981.37,soybean
39.15,32.93,57.52,25.25,53.99,6.55,790.78,orange
26.98,75.42,31.63,23.67,56.57,7.38,922.97,pigeonpeas
23.61,66.44,41.14,28.94,69.68,7.07,621.17,soybean
44.89,40.74,33.66,38.43,49.87,6.57,953.6,sweet_lime
95.88,26.13,36.12,30.62,38.4,7.85,692.75,sorghum
44.36,40.42,87.77,32.96,88.68,6.78,2742.89,coconut
30.86,27.7,26.5,22.94,65.05,6.32,3103.88,cashew
160.57,84.16,151.22,33.26,83.68,6.16,856.92,banana
81.99,26.84,49.08,38.63,46.16,7.19,544.49,sorghum
68.4,32.53,54.98,31.38,39.85,6.39,909.11,sweet_lime
40.9,24.39,23.7,23.84,58.69,5.53,2681.2,cashew
134.02,52.48,21.15,24.98,73.78,7.05,1195.69,cotton
98.32,52.21,57.14,27.09,84.36,6.66,2164.74,rice
78.36,49.21,43.09,27.24,81.79,5.93,3440.11,rice
211.87,95.24,95.71,36.16,68.72,7.01,1416.08,banana
45.65,19.92,104.26,34.46,69.66,6.17,1970.3,coconut
56.83,47.49,59.77,27.35,48.75,8.04,728.02,pomegranate
50.7,21.99,30.45,35.01,41.55,6.98,800.2,orange
87.94,32.99,44.86,30.28,63.49,6.86,712.31,sorghum
35.53,67.81,31.8,27.74,40.1,7.56,816.78,pigeonpeas
39.92,22.43,91.29,34.13,91.64,7.31,2452.46,coconut
39.23,64.32,56.63,22.61,29.91,7.12,555.39,chickpea
80.85,33.5,53.69,32.9,72.52,7.31,1494.74,rice
63.05,34.76,36.6,34.88,70.13,7.19,1001.9,orange
63.61,42.36,49.45,28.62,62.18,6.73,720.66,sorghum
51.95,26.77,63.93,31.57,31.21,6.72,501.11,pomegranate
115.6,66.67,34.55,25.68,63.82,6.48,622.33,maize
46.54,68.57,28.78,33.18,55.01,7.01,777.37,groundnut
67.99,22.46,20.25,25.73,50.03,7.02,495.9,bajra
75.37,58.11,40.52,28.99,60.26,6.89,755.74,maize
22.06,81.59,20.05,24.4,53.47,7.81,622.64,pigeonpeas
225.18,58.85,88.02,25.91,83.58,7.52,2328.55,sugarcane
136.64,92.42,142.26,35.98,64.33,7.57,1292.14,banana
76.71,43.47,57.57,24.71,74.69,7.58,1481.4,rice
29.76,68.63,21.24,28.7,61.84,6.29,971.04,pigeonpeas
111.33,44.95,51.21,32.1,93.83,6.35,1552.82,rice
37.79,18.15,33.68,30.77,88.28,5.8,2298.85,mango
27.7,49.57,39.37,27.53,57.69,7.6,647.28,soybean
83.67,43.06,40.53,35.34,93.74,7.09,1951.28,rice
52.59,28.82,120.75,32.02,68.83,5.62,1602.97,coconut
33.53,26.91,26.15,30.86,86.04,5.66,3069.95,cashew
52.21,72.27,41.71,22.44,50.02,7.15,935.48,soybean
113.99,47.13,49.08,30.99,54.41,7.54,682.67,maize
43.05,44.8,41.0,29.62,57.6,8.46,504.78,bajra
35.41,41.08,35.06,22.26,55.66,6.61,906.8,sweet_lime
104.56,59.13,29.64,25.3,44.86,8.36,676.25,cotton
56.95,20.09,125.63,29.31,91.61,6.36,1586.57,coconut
42.83,32.74,125.16,30.92,86.93,6.33,1727.55,coconut
24.55,29.16,56.6,32.72,72.04,6.3,2880.25,mango
20.42,32.31,39.43,34.79,88.95,5.64,2936.88,mango
39.59,42.36,124.97,29.98,67.74,5.86,2358.15,coconut
41.85,34.04,45.09,25.44,39.27,7.89,661.12,pomegranate
193.88,57.42,99.79,27.73,88.16,7.7,1580.99,sugarcane
60.59,34.16,58.7,28.97,70.76,5.39,2550.99,coconut
59.08,35.18,76.04,26.65,81.85,5.53,2866.6,coconut
29.15,20.22,31.68,36.69,86.42,6.11,2188.93,cashew
25.21,60.28,46.62,22.08,65.91,6.49,698.85,soybean
98.67,33.99,27.68,32.6,72.69,8.76,862.75,cotton
38.64,21.44,31.94,28.32,72.58,7.11,2902.64,mango
38.28,74.06,53.45,16.58,18.25,6.43,618.02,chickpea
123.45,65.97,87.67,20.46,58.14,6.82,548.0,tomato
21.33,21.95,42.68,31.38,67.37,6.13,2379.97,mango
42.98,28.72,53.61,27.66,88.84,6.68,2399.98,mango
33.42,74.82,32.79,30.12,68.13,7.18,669.03,soybean
30.64,40.11,30.93,32.51,89.23,6.63,3144.12,ragi
31.18,21.72,29.94,33.33,61.03,7.02,1145.52,orange
91.3,62.03,99.18,24.33,61.55,6.0,895.56,tomato
29.54,29.23,35.52,30.69,46.49,6.79,990.01,orange
47.88,26.8,96.91,26.44,87.94,7.47,2925.96,coconut
50.3,126.82,141.19,31.64,46.52,6.81,710.74,grapes
47.58,19.4,32.34,30.75,90.8,5.78,1819.25,cashew
51.79,27.07,65.57,34.31,39.07,6.93,613.82,sweet_lime
23.3,64.96,72.18,23.5,27.08,8.32,376.94,chickpea
81.21,72.96,36.26,26.89,46.57,8.51,1133.61,cotton
115.53,58.63,38.46,25.6,80.43,7.44,3646.69,rice
32.45,38.79,43.42,28.21,46.26,6.34,760.11,groundnut
53.11,37.68,40.63,24.62,45.61,8.34,608.81,sweet_lime
68.37,57.01,38.34,30.28,85.89,7.64,2051.05,rice
63.08,34.51,23.36,32.22,37.31,7.45,478.79,bajra
38.32,40.55,29.81,38.14,34.62,8.51,324.03,bajra
31.75,29.34,19.63,29.53,63.53,6.65,3290.16,ragi
74.27,26.02,37.13,33.95,47.36,7.25,656.54,sorghum
110.64,48.93,23.42,24.4,49.62,7.41,1098.03,cotton
26.6,64.6,51.72,23.23,31.56,8.41,609.38,chickpea
75.94,33.69,30.89,37.66,47.83,6.75,551.33,bajra
48.45,23.18,19.91,30.22,87.85,6.21,1462.59,ragi
39.78,89.36,173.85,23.27,69.02,7.91,531.79,grapes
192.18,87.3,76.34,36.42,73.07,7.25,1139.11,sugarcane
118.62,70.33,22.87,36.2,65.38,7.42,1071.77,cotton
31.18,74.83,43.51,25.24,65.18,6.56,735.67,soybean
71.49,34.8,36.42,27.09,75.78,5.92,1210.78,rice
35.5,25.64,23.53,30.88,80.3,5.56,3537.42,cashew
228.42,94.55,122.68,32.71,63.83,7.89,1877.83,sugarcane
40.46,49.03,23.19,29.4,47.35,6.28,889.43,pigeonpeas
151.55,73.77,105.34,29.66,73.78,7.9,1236.01,sugarcane
125.0,51.33,44.21,23.53,49.36,6.92,371.72,wheat
119.13,68.49,32.42,22.63,60.83,6.88,740.46,maize
168.72,83.1,120.07,39.45,83.19,7.38,961.77,banana
64.43,33.4,23.62,23.06,32.07,7.55,330.94,bajra
40.56,20.12,20.89,22.95,80.34,6.51,3454.99,cashew
41.55,61.33,55.73,18.75,40.39,8.31,674.74,chickpea
27.46,44.57,40.87,22.5,55.15,7.02,808.55,groundnut
160.78,86.76,145.78,25.15,71.16,6.73,1548.11,banana
144.54,34.78,29.37,33.15,67.05,8.61,1066.79,cotton
84.5,34.32,47.23,26.51,64.7,6.99,837.43,sorghum
84.58,66.24,73.85,20.22,55.22,7.7,559.46,onion
51.8,27.39,32.47,22.82,79.33,5.67,2585.93,ragi
83.97,48.44,37.83,37.38,74.45,8.31,809.36,cotton
23.4,25.2,32.95,31.64,73.67,6.17,3008.97,cashew
120.34,62.6,47.96,20.46,48.39,7.12,521.71,maize
57.31,24.7,41.38,34.59,45.24,8.26,977.11,sweet_lime
126.62,63.25,52.57,18.86,39.77,6.42,597.97,wheat
119.4,93.37,140.12,35.21,75.98,7.29,1514.47,banana
46.16,19.4,43.78,32.15,89.02,6.65,3682.85,mango
44.05,69.27,70.68,15.43,19.91,7.86,425.66,chickpea
148.15,54.25,91.79,32.89,68.1,7.2,869.98,tomato
38.29,37.69,40.7,32.94,63.12,5.78,2501.85,ragi
35.81,28.58,36.53,33.28,76.57,7.29,3013.75,mango
23.54,41.52,31.18,25.49,71.83,6.29,860.35,groundnut
99.39,41.47,33.51,21.23,37.86,6.64,430.68,wheat
33.84,33.6,46.73,29.02,56.48,7.54,812.81,orange
191.38,66.62,129.36,32.84,69.15,6.66,1181.87,banana
36.89,40.57,38.15,21.15,55.51,6.93,646.77,groundnut
223.11,86.35,119.55,21.73,68.1,7.07,1139.84,sugarcane
139.49,65.99,150.06,30.05,76.14,6.31,1292.09,banana
48.86,40.63,21.74,27.42,76.25,6.44,1057.91,soybean
16.02,82.59,33.87,38.96,56.5,8.13,699.36,pigeonpeas
74.38,54.0,34.44,23.4,91.17,5.52,2915.56,rice
77.75,66.5,53.09,27.42,71.73,7.02,634.88,maize
54.69,34.58,125.41,31.9,90.26,7.16,3157.81,coconut
114.09,44.47,54.85,31.35,47.52,7.8,538.21,onion
47.05,28.5,24.63,29.81,78.29,5.7,1733.85,cashew
32.56,42.36,24.83,20.39,80.63,6.9,2663.67,ragi
217.23,70.79,123.08,25.1,68.33,7.56,1060.89,sugarcane
94.82,58.35,45.15,24.32,40.87,7.23,456.21,wheat
25.65,42.12,45.76,34.54,46.07,7.41,893.99,groundnut
89.55,53.2,14.63,27.56,70.34,8.16,837.68,cotton
103.57,67.61,53.62,28.37,59.22,6.51,630.12,onion
42.7,24.18,41.93,25.04,61.53,5.52,2515.89,cashew
44.06,102.4,163.98,32.11,67.83,6.68,856.63,grapes
135.81,35.84,24.84,23.55,56.93,7.12,1069.92,cotton
48.19,35.22,25.02,24.16,57.79,6.37,547.42,bajra
29.62,33.0,82.22,25.97,73.37,5.75,2819.0,coconut
55.97,25.38,76.1,38.26,40.69,7.67,800.53,pomegranate
29.68,31.78,40.76,37.33,54.16,7.93,1053.41,orange
93.92,61.31,40.96,23.77,60.75,7.63,544.99,onion
19.99,69.7,40.6,34.23,63.83,7.58,768.77,soybean
81.13,39.02,59.42,21.71,54.58,6.83,708.42,onion
24.74,34.28,70.24,19.39,40.8,6.71,544.23,pomegranate
27.74,51.91,72.74,18.79,23.63,6.91,730.72,chickpea
52.17,18.86,48.42,27.56,58.28,7.43,828.08,sweet_lime
23.23,67.84,51.4,17.31,27.5,7.26,482.29,chickpea
102.11,67.99,38.05,37.07,50.96,7.61,671.48,cotton
27.71,51.65,54.94,34.17,50.28,6.52,530.2,groundnut
28.26,40.57,70.14,27.03,46.23,6.66,801.29,pomegranate
99.68,42.07,30.44,22.3,38.26,6.58,590.72,wheat
56.12,29.28,42.16,24.88,32.0,7.32,640.41,pomegranate
34.58,45.68,47.05,38.11,61.8,6.96,996.58,orange
43.88,36.66,49.11,28.28,61.13,7.18,815.68,orange
43.92,26.65,23.71,23.17,62.63,5.59,2832.67,cashew
166.01,78.72,102.01,33.82,71.65,6.88,1300.24,banana
86.4,45.86,45.5,20.21,59.63,7.12,646.3,maize
93.29,34.4,50.12,21.22,76.33,7.13,1704.57,rice
37.39,88.61,159.88,31.44,70.53,8.05,699.21,grapes
55.38,25.8,49.36,35.45,56.72,7.06,447.3,pomegranate
126.79,95.25,105.49,38.43,86.73,6.15,812.89,banana
85.31,53.86,39.84,25.88,53.1,6.77,534.43,wheat
40.84,68.27,47.0,17.54,23.51,7.11,799.22,chickpea
139.46,81.33,106.15,29.38,62.97,7.33,771.71,tomato
45.27,34.29,74.29,29.74,84.07,7.16,1534.76,coconut
49.32,29.95,114.89,23.24,83.32,6.1,3591.03,coconut
86.59,52.8,29.06,17.39,62.51,5.93,501.69,maize
46.43,54.91,53.65,18.84,26.99,7.66,558.25,chickpea
38.54,60.42,55.95,26.79,68.28,6.64,887.94,groundnut
58.65,34.0,69.48,25.29,69.34,6.48,1902.51,coconut
204.23,81.07,94.6,22.97,70.88,7.39,1155.51,sugarcane
45.57,62.67,52.96,24.29,52.73,6.91,865.04,groundnut
35.95,38.16,51.89,27.67,38.6,7.74,753.03,orange
88.16,52.74,34.48,22.68,66.89,7.49,402.35,wheat
125.72,67.17,53.64,26.81,55.08,6.4,522.67,maize
128.43,83.55,109.19,27.39,48.2,6.33,901.85,tomato
99.72,64.35,40.04,23.49,53.02,7.31,852.02,maize
60.12,38.89,38.46,26.73,44.67,6.63,887.62,sweet_lime
90.13,55.82,62.54,25.01,48.32,7.34,819.82,onion
42.82,68.64,46.74,31.0,72.51,7.15,651.03,soybean
29.69,23.2,24.31,31.69,65.31,5.67,3095.02,cashew
45.27,43.81,54.24,17.68,27.68,7.98,769.45,chickpea
65.3,26.5,31.49,25.47,54.32,6.9,597.71,sorghum
64.94,29.55,49.78,24.18,43.57,7.13,800.01,sweet_lime
27.6,24.44,55.3,34.18,82.37,5.88,2842.13,mango
87.27,53.95,45.91,29.08,87.48,6.88,1122.04,rice
46.06,22.66,57.92,24.97,53.47,6.74,797.01,orange
32.7,110.01,154.1,27.72,64.03,7.27,719.11,grapes
31.29,62.41,19.9,30.81,60.67,6.91,849.95,pigeonpeas
85.29,38.29,41.12,26.16,80.89,6.77,1697.59,rice
92.1,49.9,24.79,31.81,67.23,7.44,582.27,sorghum
34.24,54.72,36.02,29.71,66.63,6.31,662.8,pigeonpeas
116.33,65.9,40.25,28.17,55.56,6.97,599.89,maize
102.63,56.26,39.52,32.36,83.91,7.16,3358.07,rice
87.04,72.64,14.98,29.98,65.66,8.76,966.29,cotton
120.8,59.07,28.71,16.44,65.68,6.91,669.8,wheat
26.9,30.53,25.99,29.15,85.35,6.35,1956.49,cashew
53.97,41.23,77.34,35.22,37.63,7.37,776.9,pomegranate
126.28,62.32,76.01,28.29,77.24,7.33,797.92,tomato
37.63,57.25,64.15,23.2,42.66,7.89,492.32,chickpea
64.3,26.51,28.11,25.97,49.99,7.23,372.48,bajra
126.14,48.12,93.61,29.29,49.54,6.06,740.2,tomato
36.0,40.15,34.52,24.29,80.92,6.43,2302.23,ragi
101.36,62.99,102.37,32.6,72.87,6.03,815.31,tomato
55.46,31.88,63.82,33.73,69.84,7.51,939.64,sweet_lime
33.18,23.05,48.89,29.51,60.06,7.66,864.56,sweet_lime
24.48,77.65,25.4,30.26,63.54,7.69,987.11,soybean
44.78,24.24,76.55,37.45,66.48,6.73,632.0,pomegranate
91.96,55.93,65.41,25.65,63.72,7.32,766.22,tomato
98.41,40.46,37.32,30.01,88.36,6.67,3773.04,rice
30.06,74.37,27.08,24.47,44.82,6.5,874.49,pigeonpeas
41.01,45.48,30.35,21.95,52.45,7.3,1184.75,orange
47.0,30.01,56.09,35.45,49.45,6.93,915.45,sweet_lime
66.41,44.28,26.75,31.59,37.56,8.51,684.22,bajra
43.35,68.42,41.54,28.05,66.87,6.58,654.24,groundnut
127.19,35.81,25.4,29.94,64.01,7.14,1189.79,cotton
41.29,27.74,38.18,21.22,74.69,5.5,1753.83,cashew
32.15,27.53,37.9,25.59,50.18,6.98,853.08,sweet_lime
71.99,38.14,45.41,20.45,67.28,7.72,873.22,onion
42.16,66.43,77.64,21.76,33.98,7.25,675.04,chickpea
81.47,39.07,47.28,30.94,70.89,6.29,539.26,maize
110.86,61.88,54.58,32.53,43.38,5.98,886.92,maize
43.32,25.45,26.07,27.27,76.56,5.21,3192.43,cashew
50.56,38.29,61.64,33.17,59.99,7.36,949.2,sweet_lime
75.2,43.3,53.55,23.18,50.7,7.42,803.69,maize
65.11,50.01,27.24,34.06,60.1,8.28,550.68,sorghum
31.1,34.81,58.56,24.56,64.12,6.95,1138.86,orange
49.04,83.08,116.64,15.96,65.62,7.78,768.32,grapes
29.28,19.45,109.34,29.85,82.29,7.04,3740.05,coconut
79.07,47.91,48.5,17.42,67.69,5.86,738.62,maize
41.74,23.49,82.57,33.03,91.09,7.5,3038.86,coconut
45.64,30.55,28.55,33.05,51.63,7.5,806.73,orange
19.59,72.36,36.11,37.18,67.17,7.9,584.55,pigeonpeas
134.91,76.59,116.25,18.38,60.15,6.73,763.85,tomato
47.97,36.19,46.87,29.07,63.21,7.2,687.06,sweet_lime
82.74,42.82,18.77,38.49,52.98,8.55,918.59,cotton
37.95,34.43,121.18,29.15,67.47,7.21,2561.53,coconut
109.18,61.93,39.82,22.1,48.26,6.82,594.84,wheat
137.8,69.6,61.41,24.09,55.32,6.39,694.48,tomato
38.0,122.9,183.88,23.83,69.62,7.81,563.15,grapes
193.44,64.32,94.94,38.37,71.83,7.85,1093.95,banana
68.76,52.33,69.25,28.43,59.86,5.95,859.61,onion
46.82,37.35,52.1,34.32,69.0,8.07,991.87,sweet_lime
36.69,52.55,27.84,25.81,60.64,7.64,554.28,pigeonpeas
77.09,49.02,36.47,38.11,47.5,7.98,784.71,sorghum
32.91,57.93,32.61,32.83,43.49,7.23,558.99,groundnut
23.01,98.57,141.57,26.11,42.58,7.91,811.1,grapes
79.38,25.65,24.35,36.92,36.12,7.29,578.17,sorghum
51.81,23.74,39.98,28.19,69.01,7.99,833.45,orange
229.03,88.19,112.12,26.62,85.33,8.01,1735.15,sugarcane
53.67,37.96,38.17,27.29,65.42,6.29,2091.99,ragi
69.52,57.17,52.3,31.19,76.28,7.62,2510.55,rice
227.03,76.79,134.37,23.25,63.34,7.93,853.03,sugarcane
82.7,26.58,38.29,34.17,31.63,7.19,430.26,bajra
37.3,60.3,25.31,34.94,65.36,7.77,1127.8,soybean
34.56,28.11,38.6,28.96,83.62,7.01,2373.43,mango
99.54,51.81,41.22,34.27,86.0,7.25,3731.96,rice
25.71,72.39,14.68,38.5,59.37,8.36,964.81,pigeonpeas
48.49,25.51,49.49,22.89,43.53,7.37,867.91,sweet_lime
67.74,31.63,26.54,27.12,53.84,7.35,698.05,bajra
134.6,67.92,50.59,32.38,64.05,6.31,648.71,maize
69.18,33.29,46.57,26.2,64.88,6.82,437.52,sorghum
133.57,64.89,101.55,21.5,60.22,7.01,1019.11,tomato
23.61,104.35,128.07,14.09,39.41,6.98,849.21,grapes
176.7,59.08,151.09,27.86,79.22,6.92,1192.42,banana
96.29,56.02,31.9,19.23,54.64,6.98,521.22,wheat
119.3,46.81,47.94,31.86,47.69,6.46,812.45,maize
40.89,48.99,35.71,35.13,56.0,6.29,754.52,groundnut
119.46,52.42,115.85,22.33,73.52,7.27,1018.35,tomato
49.64,39.99,40.76,25.26,39.84,6.38,675.15,bajra
35.66,38.88,43.3,29.96,51.25,6.55,618.6,sweet_lime
103.05,54.66,35.55,29.92,74.46,6.57,641.18,maize
72.96,25.36,42.04,23.59,59.64,7.79,693.91,bajra
74.02,43.63,39.94,25.13,45.49,7.47,796.11,onion
32.71,28.29,28.86,34.6,61.79,6.21,3116.3,cashew
120.56,38.4,49.78,14.53,58.21,7.55,526.01,wheat
52.67,21.58,40.42,19.28,70.12,6.48,3138.86,ragi
48.53,20.51,34.27,23.12,56.0,6.58,374.29,bajra
37.75,60.13,33.23,22.6,60.98,6.34,463.55,groundnut
106.77,53.24,46.91,18.24,57.32,6.16,472.82,maize
113.01,76.18,114.19,23.44,77.11,7.47,996.14,tomato
100.76,50.62,43.05,26.42,68.75,6.08,576.91,maize
35.72,29.06,52.44,26.11,76.17,5.88,3517.39,mango
114.98,65.65,90.23,30.63,77.05,6.72,593.21,tomato
54.87,22.65,79.03,34.11,68.84,5.43,3321.94,coconut
49.91,22.24,40.99,19.86,81.13,6.45,3286.78,ragi
50.89,78.7,25.79,30.8,74.38,7.05,1146.94,soybean
32.26,40.33,41.92,21.61,66.89,6.05,743.3,groundnut
105.56,72.34,106.9,30.58,50.11,7.64,684.22,tomato
34.4,78.08,41.36,24.25,55.69,7.82,1027.98,soybean
112.16,82.0,70.76,24.61,63.46,6.69,956.21,tomato
106.55,40.64,54.95,25.33,60.98,5.89,734.66,maize
69.43,58.65,57.03,22.11,77.16,6.77,2904.42,rice
34.44,36.86,51.58,31.43,64.37,6.89,847.29,sweet_lime
86.56,55.04,18.09,39.01,46.11,7.58,757.05,cotton
34.9,69.1,63.93,23.55,31.14,8.26,407.34,chickpea
41.27,26.78,37.15,39.18,59.98,8.03,855.56,sweet_lime
163.73,67.42,187.84,33.07,77.68,7.35,1205.46,banana
110.16,50.35,55.96,20.83,45.61,5.94,566.48,maize
84.49,61.19,30.37,26.37,50.78,7.32,757.04,wheat
37.31,25.08,40.03,37.01,73.9,5.95,2716.13,cashew
73.9,50.77,45.34,30.13,51.66,7.45,630.54,onion
44.61,51.08,38.36,22.22,70.7,6.46,827.61,groundnut
146.54,63.02,158.3,32.1,75.88,5.91,797.39,banana
35.89,30.48,58.11,33.76,52.74,6.69,1078.95,orange
24.85,61.06,58.07,16.98,40.13,7.05,458.69,chickpea
150.2,86.53,123.61,28.92,55.04,7.66,837.42,sugarcane
48.03,25.73,43.71,31.4,56.63,7.98,824.19,sweet_lime
35.84,26.13,45.17,32.08,61.79,7.83,1019.86,sweet_lime
196.44,88.24,101.32,26.24,84.27,5.97,1131.01,banana
242.6,58.17,116.05,35.33,86.98,8.34,1428.1,sugarcane
33.14,26.44,49.24,22.37,74.63,6.91,2090.83,mango
35.03,44.36,64.42,38.47,39.19,7.1,758.98,sweet_lime
64.75,29.78,46.83,27.37,61.46,7.76,709.01,sweet_lime
48.97,34.55,61.03,24.69,59.76,7.91,883.72,sweet_lime
37.68,62.51,34.48,22.02,46.08,6.75,710.66,groundnut
48.86,29.17,21.61,38.4,51.51,6.61,452.6,bajra
41.33,31.8,44.77,23.07,48.03,8.29,870.79,sweet_lime
46.47,47.24,18.47,28.52,46.92,6.51,908.83,pigeonpeas
62.0,40.09,45.53,37.76,65.4,6.41,1014.52,orange
21.95,39.86,58.08,22.02,66.59,7.07,712.45,groundnut
144.6,51.14,17.76,37.25,46.61,7.09,976.8,cotton
21.85,33.16,50.46,32.65,82.21,6.77,2453.72,mango
174.1,84.5,142.37,36.43,68.34,6.69,828.9,banana
98.3,42.77,35.41,35.25,72.0,5.46,3629.95,rice
56.29,23.15,43.42,28.48,66.03,7.45,1003.02,sweet_lime
153.61,64.51,170.52,36.66,67.16,7.78,1576.74,banana
17.36,78.9,15.32,25.59,50.18,7.55,1125.81,pigeonpeas
173.93,57.3,92.69,34.15,58.95,8.07,1206.41,sugarcane
74.22,43.98,46.57,26.46,51.77,6.61,543.96,sorghum
52.04,36.88,48.29,28.93,51.96,6.55,1083.03,orange
44.2,20.97,115.87,23.14,73.22,6.29,1718.49,coconut
21.79,106.16,149.19,18.77,64.0,6.43,477.51,grapes
110.05,55.92,116.36,20.21,60.65,5.91,670.73,tomato
49.42,37.19,43.75,36.37,31.17,8.06,565.05,pomegranate
30.85,63.72,37.03,29.65,68.77,5.98,614.9,soybean
29.08,89.32,175.88,23.64,68.93,7.1,533.92,grapes
46.9,50.27,41.38,31.15,69.49,6.2,607.79,soybean
27.9,66.39,18.62,31.43,52.89,7.16,1001.79,pigeonpeas
128.45,58.81,50.34,31.54,59.16,7.06,890.53,maize
27.13,26.38,31.87,26.83,46.83,7.05,737.14,orange
47.41,20.59,21.23,31.27,73.35,5.95,1955.89,ragi
40.66,41.88,81.66,33.06,87.07,5.95,1497.17,coconut
42.46,44.59,53.3,30.95,67.15,6.48,833.35,sweet_lime
36.21,19.79,29.1,36.06,63.65,5.75,2188.67,cashew
50.7,101.8,114.49,25.98,47.44,6.6,654.24,grapes
99.67,58.19,62.32,24.65,54.91,7.34,881.1,onion
15.63,66.68,29.01,23.4,71.86,6.36,1097.61,pigeonpeas
38.5,30.42,123.98,25.07,73.14,6.94,3779.58,coconut
43.34,26.56,61.49,30.15,55.38,6.72,765.78,pomegranate
140.88,46.98,17.11,28.99,67.99,8.19,955.47,cotton
110.21,57.68,44.98,34.02,83.78,6.88,1483.42,rice
22.24,36.97,38.53,36.04,87.68,6.92,2893.77,mango
192.06,85.15,100.37,35.55,82.67,7.67,1329.75,banana
35.66,106.83,157.3,14.25,60.87,7.39,821.4,grapes
55.72,32.89,28.76,21.58,83.61,6.66,1272.62,ragi
43.16,72.93,30.61,26.17,54.25,7.06,917.43,groundnut
27.9,20.18,54.72,29.37,55.59,6.9,693.13,orange
31.15,57.86,33.08,34.32,47.31,7.51,591.24,groundnut
206.4,66.28,117.48,33.02,67.87,7.05,1593.0,banana
131.35,58.38,66.74,22.32,48.92,6.2,963.02,tomato
166.31,71.67,139.13,25.28,66.19,7.76,1387.3,banana
77.26,45.02,72.69,24.14,63.02,6.86,615.93,onion
76.26,50.21,40.85,22.45,54.38,7.18,465.73,wheat
56.87,65.56,50.29,29.42,69.13,7.14,512.36,onion
43.45,37.85,73.41,25.43,54.4,7.86,758.37,pomegranate
38.62,96.95,159.38,28.75,68.09,7.71,659.29,grapes
78.63,34.86,40.79,34.9,54.51,8.64,441.39,bajra
45.25,94.74,134.98,34.14,53.25,7.62,662.17,grapes
52.06,26.12,44.11,37.1,65.75,7.07,654.4,sorghum
36.16,38.29,35.74,37.83,53.34,6.52,1101.49,orange
62.76,37.73,48.35,26.27,52.44,7.52,472.92,sorghum
46.51,42.43,42.47,36.92,58.2,6.62,766.48,pomegranate
21.23,120.24,185.52,18.29,71.92,7.51,546.91,grapes
22.65,67.88,29.12,24.17,48.43,6.42,733.7,soybean
78.44,37.81,29.26,25.21,52.65,7.32,467.07,sorghum
46.11,77.93,65.71,16.27,32.61,6.49,781.37,chickpea
36.11,62.89,24.72,33.68,64.08,7.06,760.79,soybean
95.93,68.75,72.73,20.26,65.94,7.88,544.52,onion
100.08,82.16,60.24,18.6,51.26,7.63,951.44,tomato
35.66,54.31,70.56,25.25,22.33,6.45,503.0,chickpea
53.21,34.69,64.62,22.58,57.28,6.87,693.4,pomegranate
58.07,27.29,77.18,30.8,91.67,6.66,1892.72,coconut
99.61,50.24,68.81,19.9,49.25,6.92,544.2,onion
60.1,44.84,55.76,39.13,53.28,7.27,892.75,orange
31.47,15.92,40.43,25.17,71.76,5.01,1957.69,cashew
25.59,115.54,150.91,18.88,42.38,7.11,614.75,grapes
45.17,21.36,37.62,24.82,74.2,6.68,2079.23,mango
124.16,64.55,33.47,24.77,69.71,6.46,710.37,maize
85.36,39.31,55.21,21.95,57.94,5.89,913.06,onion
41.97,16.98,19.04,24.17,61.22,4.91,3792.02,cashew
52.16,20.63,77.91,32.12,72.63,7.56,2003.69,coconut
46.59,26.2,55.05,31.03,42.09,7.83,867.97,orange
22.2,46.9,77.98,22.97,34.69,7.35,803.0,chickpea
40.33,98.96,135.52,25.62,71.59,7.83,723.86,grapes
211.99,78.11,190.73,37.83,72.98,7.14,1121.09,banana
88.46,43.47,30.07,24.79,58.25,8.21,564.75,sorghum
34.38,86.95,124.47,17.51,59.33,6.94,613.48,grapes
82.59,64.5,42.31,14.26,33.88,7.84,493.54,wheat
81.85,26.27,19.34,35.38,32.54,8.56,521.63,bajra
31.97,32.85,40.73,26.33,80.59,5.86,2432.65,mango
45.02,40.11,46.5,29.9,62.51,7.48,746.46,sweet_lime
121.74,45.37,49.39,22.62,57.56,7.35,408.79,wheat
32.02,63.77,77.48,21.52,22.29,6.33,679.87,chickpea
95.83,43.84,63.84,26.18,69.39,6.02,478.37,onion
30.6,124.84,170.85,21.84,71.58,7.61,827.27,grapes
36.58,23.06,55.33,26.71,65.05,6.96,687.89,pomegranate
20.92,95.16,115.38,26.42,51.16,6.56,716.02,grapes
54.41,50.22,39.95,29.19,43.03,6.44,420.28,sorghum
33.79,25.71,93.89,30.49,68.72,5.86,1863.48,coconut
87.36,33.39,52.54,35.1,79.53,6.43,1963.46,rice
33.86,18.9,63.07,38.32,54.85,7.1,524.31,pomegranate
85.76,33.86,24.52,23.89,74.42,8.02,925.38,cotton
123.53,63.96,118.7,30.35,83.92,7.88,932.28,banana
87.87,62.46,48.72,19.34,50.28,6.95,838.31,maize
28.03,66.65,57.59,20.82,31.47,7.33,681.5,chickpea
24.15,69.66,43.4,25.28,52.28,6.06,583.12,groundnut
21.1,55.87,25.26,30.16,60.43,7.88,590.19,pigeonpeas
44.67,34.69,28.91,30.19,81.97,5.39,1902.45,mango
47.52,26.34,41.5,29.29,69.9,6.65,3388.65,ragi
51.14,34.47,121.02,31.8,76.65,5.53,3431.71,coconut
190.58,60.65,129.97,30.07,81.02,7.64,1033.72,banana
34.62,42.5,48.36,29.59,61.21,7.55,690.0,sweet_lime
35.5,26.7,33.46,30.5,75.4,6.3,2839.27,ragi
44.65,40.78,64.46,38.35,54.83,6.65,420.97,pomegranate
56.69,25.71,118.88,26.81,81.2,6.9,3063.39,coconut
52.48,47.4,56.78,35.19,56.61,7.49,772.83,pomegranate
84.37,25.3,23.86,25.39,58.63,7.47,387.11,bajra
44.33,34.38,36.02,24.8,53.33,6.42,803.05,sweet_lime
47.43,74.05,31.31,33.45,71.34,6.46,1131.5,soybean
83.91,42.64,71.71,20.93,68.54,7.8,887.06,onion
110.07,61.79,34.08,23.51,84.91,7.45,1774.13,rice
49.41,27.64,22.07,25.85,70.82,6.26,2911.8,ragi
28.51,64.1,40.55,25.46,70.61,7.6,608.11,groundnut
40.5,14.79,26.47,22.81,81.43,5.51,3327.85,cashew
191.07,83.37,131.64,31.12,88.22,6.97,2373.99,sugarcane
99.76,48.86,42.46,24.46,48.08,7.42,799.99,sorghum
44.12,15.61,38.66,24.05,89.26,7.09,1896.02,mango
63.34,34.16,62.26,31.6,57.71,6.87,838.74,sweet_lime
31.82,25.32,69.9,24.74,91.38,6.3,1507.37,coconut
125.6,59.16,156.8,38.08,70.63,6.4,1015.83,banana
81.3,65.98,39.61,27.38,68.72,7.5,682.01,onion
58.29,41.63,103.71,35.31,79.78,6.87,3140.1,coconut
29.26,55.82,53.27,27.82,55.27,5.93,576.67,groundnut
37.42,96.37,148.94,17.29,58.19,6.52,721.84,grapes
42.04,51.3,78.25,18.13,42.43,6.64,430.79,chickpea
46.28,44.31,44.77,25.19,64.45,7.28,1156.59,soybean
162.43,68.58,102.82,36.84,63.82,7.89,1395.6,sugarcane
50.26,14.54,47.06,21.33,81.9,5.46,3138.62,mango
100.39,73.74,115.88,23.92,70.43,7.48,631.7,tomato
76.52,54.43,73.3,17.5,66.01,7.86,845.49,onion
36.66,106.24,140.54,30.39,71.71,7.43,843.98,grapes
163.51,86.01,82.32,26.39,75.03,8.34,1339.32,sugarcane
128.55,61.98,34.4,36.65,53.93,7.62,638.1,cotton
27.73,73.44,28.59,32.95,53.19,7.09,612.03,groundnut
72.7,39.68,53.54,31.22,47.19,6.83,752.54,onion
125.01,48.61,40.03,23.68,54.25,7.93,640.99,wheat
73.39,41.09,28.96,25.27,61.92,6.65,858.72,sorghum
27.67,25.62,50.3,22.83,77.39,6.83,2884.37,mango
102.43,42.97,50.28,33.13,62.66,6.73,612.41,onion
76.23,53.6,57.94,30.27,84.67,6.15,2029.55,rice
101.17,54.5,55.15,24.07,65.0,6.2,675.89,onion
91.02,57.38,41.61,26.04,44.23,7.24,710.34,onion
184.93,68.84,118.61,29.09,60.68,8.28,1268.87,sugarcane
82.58,43.45,33.9,26.06,75.59,7.12,2454.01,rice
125.62,53.6,36.35,16.77,35.01,6.95,705.93,wheat
29.13,62.42,51.71,34.17,51.36,7.38,647.07,groundnut
108.28,47.46,28.47,13.6,60.96,8.02,442.82,wheat
79.73,63.53,50.35,26.59,81.78,5.62,1596.31,rice
89.91,67.34,33.95,19.95,49.34,7.33,581.79,wheat
100.88,67.52,28.17,33.84,74.42,8.12,867.7,cotton
30.27,73.09,34.36,28.89,54.17,7.7,1133.69,pigeonpeas
35.83,62.9,45.73,34.01,47.98,7.27,864.88,groundnut
91.14,28.43,27.13,24.28,39.17,6.99,663.52,sorghum
59.38,24.0,26.73,28.84,83.23,5.14,1960.49,ragi
44.79,32.12,31.44,28.12,72.89,5.42,1442.56,ragi
124.12,52.89,100.93,32.19,77.58,6.03,880.98,tomato
177.25,55.39,108.22,26.49,78.38,6.63,1151.17,banana
20.18,54.18,25.37,23.27,39.32,6.72,649.07,pigeonpeas
87.58,47.11,38.0,34.28,89.22,7.43,1683.0,rice
50.43,24.26,27.08,20.58,63.94,6.08,1122.09,ragi
119.56,50.74,44.96,22.6,57.15,5.73,763.89,maize
26.39,35.98,42.12,39.36,63.61,7.6,633.18,pomegranate
210.34,64.86,168.31,26.65,75.94,7.85,778.87,banana
94.66,46.47,39.36,32.4,65.6,8.06,979.92,cotton
45.51,77.69,23.12,37.54,45.25,7.6,993.66,pigeonpeas
127.25,59.23,16.42,32.65,51.5,7.38,788.97,cotton
36.7,16.02,26.35,29.42,88.62,6.22,3662.29,cashew
42.83,49.37,40.73,22.62,68.03,6.78,1175.7,soybean
92.24,73.2,26.16,37.75,66.95,7.5,1096.88,cotton
70.27,44.39,36.72,36.48,44.57,6.7,483.89,bajra
53.14,44.9,34.78,38.07,35.52,7.67,652.43,sorghum
34.53,36.41,67.26,33.01,50.55,8.32,643.97,pomegranate
76.53,33.45,54.76,32.83,90.87,7.35,3390.71,rice
64.83,31.91,44.82,37.04,50.61,7.45,423.89,sorghum
25.95,31.71,48.96,26.4,43.08,8.31,649.55,pomegranate
152.27,42.34,18.76,34.21,63.57,8.29,935.06,cotton
115.1,69.42,70.38,27.36,57.29,6.69,789.85,tomato
63.47,25.62,43.48,30.94,54.47,7.82,779.71,sorghum
129.34,48.89,178.01,28.35,70.07,7.36,1319.21,banana
34.06,36.69,42.71,34.2,65.19,6.16,3637.06,mango
20.55,86.56,178.55,33.89,40.33,6.59,527.77,grapes
54.88,32.13,52.82,24.23,69.32,6.91,729.37,sweet_lime
42.11,43.58,59.79,32.87,64.41,6.95,684.44,sweet_lime
46.53,29.98,41.31,22.29,59.19,6.67,545.46,pomegranate
166.76,74.64,132.51,36.59,56.89,8.06,939.01,sugarcane
50.16,29.8,68.66,24.7,82.77,6.63,1778.31,coconut
36.29,75.51,154.53,15.36,55.83,7.3,757.17,grapes
137.58,93.0,163.63,31.14,71.72,6.75,1532.06,banana
35.25,41.73,45.52,35.18,47.83,6.23,496.77,groundnut
39.39,73.76,64.55,24.17,24.89,8.39,789.42,chickpea
65.18,47.2,62.84,23.49,41.64,7.65,742.18,sweet_lime
46.75,17.78,32.56,36.16,77.86,6.5,2740.54,mango
126.41,65.17,111.36,30.52,74.73,6.21,582.75,tomato
48.81,105.04,175.05,26.94,59.33,6.67,531.56,grapes
81.65,57.17,58.36,26.22,48.98,6.3,613.56,onion
34.7,32.16,42.11,37.47,54.18,8.13,620.56,sweet_lime
191.57,60.34,102.05,39.49,82.96,7.19,1213.0,sugarcane
38.39,27.01,37.15,31.24,66.21,5.96,1996.07,ragi
157.19,91.95,115.21,37.68,67.51,5.99,924.4,banana
114.95,63.06,91.32,18.63,65.16,7.61,623.97,tomato
24.05,18.92,57.5,25.0,62.51,7.77,594.37,pomegranate
27.52,26.47,41.16,21.56,83.45,6.34,3193.7,cashew
80.07,68.85,40.49,16.71,46.09,7.02,466.14,wheat
19.15,60.03,65.36,20.0,38.5,8.29,428.88,chickpea
80.3,48.55,53.87,26.22,91.19,5.86,1803.76,rice
43.55,87.49,143.87,19.06,56.9,6.41,789.5,grapes
72.29,51.76,30.12,28.55,58.05,7.68,464.89,sorghum
44.22,60.95,58.05,21.47,69.72,5.96,780.18,groundnut
125.53,74.06,17.79,24.38,57.21,7.78,896.77,cotton
91.05,72.6,20.54,34.89,53.88,8.07,625.8,cotton
254.0,85.47,122.48,27.39,88.16,7.96,1244.1,sugarcane
57.42,35.06,50.41,34.27,39.67,6.6,877.6,orange
44.55,41.25,48.33,31.26,54.62,7.5,608.37,sweet_lime
79.16,44.34,44.87,19.69,50.77,6.38,792.1,wheat
113.68,55.6,36.14,30.86,51.96,8.12,657.89,cotton
39.55,45.32,36.67,37.9,40.68,8.08,475.96,bajra
47.53,47.4,56.39,15.47,24.1,8.31,754.35,chickpea
67.13,63.17,70.52,23.25,60.95,6.27,911.38,onion
42.34,40.23,33.83,29.5,65.55,6.19,731.33,groundnut
36.12,70.07,55.13,34.28,60.41,7.49,843.78,groundnut
82.59,60.58,38.58,32.28,61.92,7.59,476.81,onion
112.78,38.47,43.68,13.54,49.38,7.63,455.0,wheat
118.02,57.02,60.11,24.31,53.62,6.33,786.78,tomato
63.36,43.21,36.47,37.79,66.76,6.96,995.03,orange
33.68,68.69,42.11,21.53,51.07,7.41,767.32,groundnut
51.58,35.48,39.54,28.22,53.13,8.05,1008.24,sweet_lime
46.69,50.53,30.81,33.3,66.25,6.58,717.26,groundnut
138.53,75.1,135.72,33.4,60.85,5.93,1061.11,banana
83.44,38.3,40.35,38.49,60.36,8.45,491.27,sorghum
251.54,58.98,104.9,30.49,84.95,6.43,1614.17,sugarcane
52.68,27.55,21.85,32.69,37.46,7.91,433.0,bajra
45.78,46.63,21.4,28.52,61.41,7.27,341.51,bajra
85.59,53.15,31.36,23.28,54.71,7.39,683.92,maize
30.65,25.77,32.85,26.92,76.5,6.05,2010.1,ragi
126.73,50.16,45.51,15.07,38.25,8.04,447.88,wheat
34.92,63.61,22.68,30.35,76.17,7.02,604.67,soybean
39.34,37.54,52.99,28.0,62.94,8.08,895.2,orange
47.96,121.02,155.96,20.88,68.65,8.06,715.3,grapes
40.86,29.2,25.48,28.76,84.97,6.18,3866.94,cashew
90.78,62.71,48.44,17.33,60.42,7.11,424.2,wheat
51.46,77.99,44.87,33.81,52.42,6.06,997.05,soybean
92.46,39.79,51.67,30.81,51.03,6.69,741.87,maize
152.82,59.43,17.44,29.35,55.19,7.11,760.44,cotton
37.69,50.08,15.02,34.3,39.44,5.98,625.8,pigeonpeas
24.2,54.76,22.43,24.69,64.77,6.26,1137.89,soybean
114.98,48.56,129.65,28.99,71.59,6.42,1559.34,banana
21.26,78.52,72.49,23.48,45.27,7.29,643.69,chickpea
90.7,41.03,46.14,17.37,61.48,6.75,673.84,wheat
68.91,39.55,68.08,26.48,68.28,6.77,842.94,onion
39.68,27.11,26.24,31.27,51.74,8.29,459.15,bajra
78.69,33.89,23.85,23.62,39.55,7.07,694.92,bajra
105.06,61.32,53.86,24.95,94.03,5.87,1239.18,rice
22.05,17.68,43.68,25.42,90.31,6.37,3246.68,mango
36.69,26.59,23.18,31.59,87.91,6.59,1767.05,cashew
122.65,60.87,95.8,24.52,83.57,6.91,1566.81,banana
114.53,45.24,57.4,24.26,90.18,6.71,3746.0,rice
49.81,29.86,39.12,27.54,61.9,7.17,617.13,bajra
33.76,97.23,179.38,19.19,58.08,6.44,580.02,grapes
38.48,102.72,176.56,20.16,42.8,6.84,518.84,grapes
54.51,24.88,21.32,29.55,56.66,6.38,409.89,bajra
37.18,117.74,144.59,21.84,55.39,7.19,736.02,grapes
221.77,91.94,112.61,24.34,77.52,7.44,1853.44,sugarcane
80.42,32.08,24.44,36.85,38.89,6.61,409.72,bajra
74.4,66.23,67.33,31.62,65.76,7.74,813.26,onion
22.11,57.54,40.8,23.42,52.9,6.42,532.25,groundnut
55.67,47.62,45.66,28.1,53.36,6.64,1157.02,orange
32.43,111.15,164.31,26.94,60.0,6.94,745.17,grapes
29.38,75.73,24.05,21.39,51.03,6.56,1129.16,soybean
61.33,38.21,33.35,27.58,84.7,6.02,1748.91,ragi
22.51,18.08,29.53,27.48,75.35,5.64,3404.13,cashew
109.21,65.2,74.75,25.21,48.79,6.47,778.01,tomato
118.34,45.29,33.74,20.05,44.46,8.08,377.89,wheat
60.93,33.93,41.4,26.72,63.28,6.89,1707.53,ragi
25.8,70.57,36.19,23.69,50.42,6.75,756.96,groundnut
44.12,32.82,34.4,29.08,45.12,6.8,723.93,orange
43.75,28.16,21.26,22.52,65.89,5.88,2174.64,cashew
78.02,58.71,55.04,31.07,58.6,6.51,648.47,onion
46.17,72.51,17.14,32.36,49.16,7.67,729.57,pigeonpeas
50.18,15.74,30.93,30.41,77.75,5.47,2857.28,cashew
35.88,56.68,22.29,26.49,65.15,6.51,835.13,pigeonpeas
94.86,49.62,75.51,28.55,52.36,6.61,795.63,tomato
66.81,37.79,52.41,20.0,43.6,7.89,842.53,onion
27.02,36.36,46.23,23.82,64.84,6.38,962.04,orange
150.3,51.86,20.15,38.91,68.58,6.75,615.5,cotton
171.05,98.62,134.49,23.69,82.78,7.02,1763.1,sugarcane
201.1,72.25,162.64,26.27,61.07,6.5,897.92,banana
69.15,54.06,48.37,28.19,82.82,5.43,3499.6,rice
28.18,71.0,15.02,37.33,48.45,6.25,733.3,pigeonpeas
35.38,31.22,110.05,27.24,85.41,6.6,2607.24,coconut
16.1,66.32,26.65,26.4,50.13,7.01,642.09,pigeonpeas
67.29,68.29,57.4,23.33,70.49,6.83,865.46,onion
52.31,29.68,28.47,28.03,86.05,6.13,3316.7,cashew
18.91,36.94,30.93,25.45,65.15,5.97,2107.75,mango
31.79,26.18,21.29,27.96,64.12,5.61,3561.74,cashew
38.17,21.27,43.62,31.41,84.54,6.97,2840.7,mango
106.75,55.69,40.79,34.36,91.53,6.24,1408.22,rice
62.18,28.58,34.12,30.52,68.19,6.53,2620.01,ragi
26.73,44.32,44.26,31.91,38.12,7.79,797.24,pomegranate
31.83,21.87,38.48,35.78,68.9,5.58,1901.35,cashew
57.35,25.46,54.09,37.2,50.81,7.42,887.92,orange
31.71,20.03,63.3,27.88,39.75,6.38,907.75,sweet_lime
204.75,75.61,182.2,26.98,83.08,6.75,1611.49,banana
49.38,34.73,23.62,25.5,90.5,6.6,1981.93,ragi
51.13,47.1,61.43,28.23,65.65,7.4,1006.35,sweet_lime
135.51,66.84,35.48,34.98,63.83,6.99,1129.33,cotton
129.31,59.79,52.25,28.29,72.04,6.08,493.47,maize
49.44,110.04,182.13,32.27,61.02,6.89,742.23,grapes
50.63,100.55,188.95,33.73,49.73,6.52,503.83,grapes
51.72,26.22,46.72,28.27,46.9,6.87,827.56,orange
118.48,49.4,37.71,21.94,47.49,6.11,600.14,maize
82.58,64.54,33.35,14.04,57.5,7.54,806.83,wheat
47.97,26.96,26.35,32.03,38.91,7.94,435.67,bajra
41.16,46.35,29.53,27.12,62.54,6.29,797.19,groundnut
71.52,46.9,34.52,23.67,74.07,6.98,2885.68,rice
80.4,35.18,51.17,24.17,86.38,5.84,1614.03,rice
19.32,57.58,71.25,17.57,39.37,8.53,624.34,chickpea
114.28,54.58,72.73,29.87,43.77,5.98,634.57,onion
107.17,65.6,35.12,18.86,64.67,7.62,406.83,wheat
49.38,32.14,66.93,27.92,55.25,8.48,658.75,pomegranate
41.11,63.66,68.43,23.11,23.11,7.39,412.36,chickpea
37.16,52.05,77.89,25.04,20.99,7.75,753.63,chickpea
43.81,23.01,120.13,26.07,68.23,7.25,3625.98,coconut
27.15,120.46,113.75,14.04,71.02,6.98,524.55,grapes
93.17,42.86,30.06,22.1,41.64,6.61,670.93,wheat
30.93,79.55,116.75,31.93,46.59,6.95,797.68,grapes
76.38,54.76,33.73,18.55,57.48,6.39,421.11,wheat
41.25,16.75,27.78,24.66,65.48,6.14,3658.32,cashew
38.88,51.65,48.33,25.6,24.64,7.04,385.9,chickpea
31.82,35.36,62.27,36.79,61.71,7.73,1068.84,orange
62.03,29.59,57.12,32.72,68.45,6.92,977.79,sweet_lime
114.0,65.47,166.19,24.45,83.26,7.14,858.69,banana
81.15,37.61,34.55,25.83,36.78,7.57,762.71,wheat
98.14,65.28,58.86,31.03,58.92,6.17,709.27,onion
98.2,60.35,40.58,29.25,60.59,6.64,614.81,maize
31.67,19.45,33.8,21.01,69.77,7.62,784.91,orange
45.76,62.27,46.3,29.42,49.17,6.02,797.1,soybean
137.05,71.92,25.07,24.29,41.36,8.53,823.08,cotton
57.44,36.88,40.95,29.68,66.4,8.11,604.1,sorghum
89.07,44.71,53.92,29.91,71.61,6.81,816.94,onion
114.41,40.04,36.83,28.27,72.72,6.71,3180.84,rice
20.32,20.74,19.18,35.64,64.15,5.36,3221.41,cashew
20.9,60.72,25.03,26.22,71.96,6.4,582.74,pigeonpeas
30.88,111.18,113.63,32.21,50.84,7.77,827.01,grapes
124.73,58.11,37.16,15.73,59.36,7.61,379.04,wheat
30.14,75.65,19.56,23.61,62.53,7.67,820.11,pigeonpeas
147.37,64.8,29.69,37.33,63.93,6.95,650.63,cotton
253.34,96.72,134.07,34.05,87.93,7.18,2239.4,sugarcane
54.64,44.82,61.9,32.32,47.02,6.39,945.1,sweet_lime
104.79,39.04,37.9,17.5,66.9,7.1,470.19,onion
68.54,67.01,70.44,31.0,54.96,6.62,505.55,onion
111.38,77.44,73.13,24.73,64.77,6.33,568.27,tomato
43.54,34.59,71.69,27.3,73.9,6.61,2986.85,coconut
94.19,53.71,48.84,25.89,40.82,7.88,513.46,wheat
50.01,26.0,32.47,31.23,79.73,6.91,1775.26,ragi
38.36,77.57,21.64,30.37,66.19,6.18,935.48,pigeonpeas
44.27,55.96,45.06,27.81,49.05,6.96,852.6,groundnut
90.03,56.36,88.74,23.66,69.35,6.77,986.72,tomato
61.45,60.01,68.03,28.96,70.17,6.27,836.64,onion
67.42,23.42,24.52,37.82,57.03,8.5,698.72,bajra
37.01,17.06,23.23,31.05,87.17,6.17,1946.67,cashew
105.23,58.74,29.01,22.61,46.12,5.87,592.96,maize
137.65,61.32,165.43,30.74,76.28,7.8,769.83,banana
19.53,70.8,43.37,22.63,65.63,7.12,727.92,groundnut
31.33,52.14,61.75,25.09,42.34,7.46,591.24,chickpea
228.37,85.53,133.59,22.96,75.18,7.47,1681.46,sugarcane
155.39,88.51,161.2,23.17,71.73,6.19,1245.91,banana
90.04,44.01,73.76,32.42,45.37,6.2,531.41,onion
101.51,63.29,36.44,17.35,55.87,6.68,726.15,wheat
98.03,38.56,39.5,18.41,63.03,8.15,389.87,wheat
44.1,46.0,33.87,24.8,70.45,7.85,686.06,soybean
41.14,56.99,43.47,31.1,49.01,7.29,1080.21,soybean
25.23,73.1,31.33,27.94,54.36,6.84,515.92,groundnut
36.82,79.57,163.05,31.22,49.91,6.54,522.84,grapes
186.67,90.74,114.5,23.44,85.54,6.6,1698.41,sugarcane
146.2,48.77,112.64,25.41,67.57,7.4,746.28,tomato
42.58,21.94,29.09,20.71,75.0,6.53,1544.47,ragi
103.47,50.49,45.29,23.76,55.44,6.42,595.97,wheat
28.74,19.74,23.9,30.99,76.0,6.05,3750.94,cashew
72.32,29.84,30.62,38.91,46.79,7.41,353.25,bajra
33.75,24.26,24.4,31.02,73.97,5.44,3114.6,cashew
94.29,37.69,43.89,31.31,66.44,6.63,884.87,maize
83.76,36.41,22.03,29.42,31.82,8.54,489.48,bajra
108.99,67.68,24.52,36.38,45.45,6.88,631.65,cotton
41.85,96.01,175.87,15.35,58.07,7.88,636.44,grapes
62.48,34.54,39.93,29.8,69.34,7.71,755.46,orange
84.07,39.55,45.73,31.71,75.03,7.04,1955.7,rice
75.05,51.01,53.66,26.21,60.93,7.28,634.3,onion
37.24,39.64,111.83,29.05,93.17,6.53,1502.72,coconut
53.06,43.89,38.26,30.45,47.86,6.75,387.07,bajra
88.8,48.17,35.99,25.83,56.4,6.11,489.97,maize
16.69,66.19,21.64,33.03,61.88,6.71,1042.16,pigeonpeas
157.03,82.94,159.23,36.47,82.94,6.22,1234.01,banana
135.91,44.09,32.17,29.3,74.78,8.28,661.37,cotton
110.26,50.93,58.3,27.58,50.27,7.46,650.82,onion
81.2,42.92,73.29,30.63,56.92,7.31,760.1,onion
84.99,63.63,55.74,32.06,74.8,7.3,678.63,maize
123.94,49.56,19.09,35.44,72.49,8.35,1028.85,cotton
22.09,46.32,41.65,24.73,60.82,7.33,696.07,groundnut
69.71,51.56,39.2,27.97,84.51,6.29,1484.55,rice
40.04,42.98,29.55,34.43,70.51,7.31,654.81,groundnut
263.86,59.98,131.88,28.28,72.79,7.62,1716.8,sugarcane
142.21,50.82,114.53,26.82,71.78,6.17,1350.93,banana
55.69,47.64,40.35,37.79,45.66,7.41,541.48,sorghum
42.77,51.73,53.99,34.34,60.87,7.14,726.2,groundnut
54.74,40.2,44.84,24.98,45.01,7.13,796.95,pomegranate
82.04,56.89,38.65,30.21,54.51,6.34,560.24,maize
47.14,42.47,38.99,23.74,50.15,7.4,483.44,bajra
52.51,32.85,58.24,27.23,67.62,6.56,3161.1,mango
117.02,46.92,35.41,31.59,54.82,6.96,899.92,maize
50.82,14.53,33.28,22.81,80.28,5.84,2081.68,cashew
77.91,53.31,52.49,19.68,74.86,6.49,495.07,maize
112.86,66.74,115.86,24.08,63.29,6.59,1564.44,banana
33.13,67.04,20.03,29.05,49.88,7.3,926.38,soybean
210.55,95.21,112.93,23.77,76.11,7.28,1604.63,banana
84.71,48.79,109.92,26.21,62.34,6.04,741.55,tomato
143.31,65.91,113.74,19.82,59.3,5.88,919.35,tomato
60.31,31.33,31.2,30.83,91.48,6.55,3363.17,ragi
55.92,29.21,43.21,34.71,53.98,6.6,752.84,sorghum
55.62,35.66,42.16,25.7,45.39,8.31,530.82,bajra
112.56,36.01,55.04,29.54,79.88,6.54,2396.21,rice
16.16,55.34,17.52,25.19,67.93,6.05,746.41,pigeonpeas
61.35,28.77,45.09,28.18,70.98,7.75,1141.58,orange
30.7,63.84,44.53,22.22,59.48,6.94,845.58,soybean
124.26,55.51,36.42,17.6,58.75,7.24,708.94,maize
167.85,88.6,103.7,35.47,67.68,7.09,1210.12,banana
149.91,77.77,143.88,25.89,87.55,6.88,1403.06,banana
30.74,67.96,63.12,17.57,39.97,7.1,730.93,chickpea
49.31,35.13,28.13,33.28,58.66,7.54,453.76,bajra
22.36,54.57,44.64,30.45,48.57,7.01,789.35,soybean
160.47,49.1,131.31,32.88,66.47,7.35,1537.15,banana
62.37,44.82,65.15,38.73,48.59,7.19,836.34,sweet_lime
40.15,28.75,41.68,30.28,77.59,6.6,2259.12,mango
34.11,54.28,71.01,21.15,44.61,7.54,591.36,chickpea
65.66,25.25,39.89,28.52,46.2,7.91,763.42,sweet_lime
127.46,57.84,84.78,32.45,73.13,6.86,926.96,tomato
47.72,44.45,23.12,25.97,48.31,8.31,561.64,bajra
46.49,41.94,36.72,21.18,69.92,5.92,3309.8,ragi
55.94,27.77,58.14,24.35,57.1,7.34,625.93,sweet_lime
37.38,50.87,74.92,25.12,45.17,7.92,627.85,chickpea
32.26,37.06,37.16,34.46,48.28,7.11,746.51,sweet_lime
51.77,32.79,41.51,32.62,83.08,6.28,2181.79,ragi
46.78,70.62,33.35,32.47,59.46,7.11,826.52,groundnut
38.26,64.98,73.62,16.67,25.76,7.35,676.97,chickpea
40.59,40.84,30.02,32.09,55.85,6.71,803.18,groundnut
45.41,29.72,23.59,39.2,58.21,7.68,419.21,bajra
42.25,19.08,72.13,25.08,82.11,5.64,1986.58,coconut
91.99,53.41,55.06,30.13,73.52,6.54,2129.0,rice
35.36,22.65,33.35,37.02,61.38,6.9,977.4,orange
174.94,68.49,136.3,29.4,68.62,7.13,1370.08,banana
26.32,21.87,34.6,23.99,86.01,5.52,2309.85,cashew
76.39,33.13,36.16,38.74,29.34,6.6,575.31,bajra
129.97,40.51,30.78,28.02,62.95,5.92,481.51,maize
73.56,56.88,49.99,30.26,72.36,6.73,676.73,onion
88.88,63.69,94.94,18.83,63.78,7.37,745.72,tomato
51.08,34.65,82.09,33.34,78.23,6.97,3702.69,coconut
36.11,86.61,118.73,18.26,42.89,6.51,609.08,grapes
106.61,37.08,27.79,25.03,74.75,8.34,986.65,cotton
80.7,45.84,32.67,24.18,50.26,6.64,459.28,bajra
83.02,51.07,28.87,18.67,74.36,7.16,843.85,maize
74.57,39.9,42.61,38.65,55.38,7.66,804.31,sorghum
38.58,62.83,30.64,39.5,64.55,7.49,765.43,pigeonpeas
19.28,54.92,40.91,30.0,56.43,6.24,559.98,groundnut
235.09,61.79,93.24,32.66,60.23,7.05,2353.76,sugarcane
22.66,75.38,55.24,21.85,46.29,7.2,768.61,chickpea
50.67,37.61,33.9,30.76,74.92,6.42,772.6,soybean
68.85,42.76,36.08,25.28,94.4,5.67,3087.24,rice
105.99,42.74,57.68,32.43,70.3,7.57,888.68,onion
25.19,20.77,51.87,38.91,59.57,7.34,1026.65,orange
69.24,63.29,69.54,20.51,62.34,6.19,762.05,onion
32.2,72.45,69.82,25.86,33.29,6.16,762.9,chickpea
38.8,58.27,15.14,34.87,64.37,6.06,1057.23,pigeonpeas
79.17,60.84,41.58,25.18,54.42,6.43,718.73,maize
38.35,77.62,33.42,30.37,53.02,6.28,607.56,soybean
19.95,38.95,40.76,21.79,62.93,6.03,518.93,groundnut
119.36,54.16,89.05,31.53,69.49,6.03,525.83,tomato
43.57,31.42,34.6,31.75,81.17,6.6,2915.51,mango
136.56,75.05,87.24,24.11,62.31,6.25,859.63,tomato
90.19,48.12,55.72,17.62,66.95,6.21,776.3,maize
119.32,63.91,46.69,22.48,57.87,7.77,476.62,wheat
100.04,55.95,48.99,32.08,77.8,5.72,1766.43,rice
34.12,29.36,47.15,26.68,64.65,7.45,998.11,sweet_lime
49.0,29.53,28.44,30.48,69.53,5.83,3230.98,cashew
38.62,36.22,44.05,28.73,76.91,6.68,3607.33,mango
43.5,51.12,18.6,35.5,62.74,6.58,869.09,pigeonpeas
46.81,15.33,37.22,24.08,76.51,6.46,2404.57,cashew
38.98,86.47,166.78,13.45,45.55,6.72,691.32,grapes
47.9,40.5,23.34,34.56,29.37,6.53,520.42,bajra
209.99,53.04,136.27,34.13,85.28,7.32,1020.93,banana
72.65,54.9,62.31,25.2,67.05,7.6,714.0,onion
33.22,33.11,45.22,22.01,45.51,7.26,965.99,sweet_lime
26.7,20.8,38.55,32.11,51.97,7.36,981.62,orange
111.46,53.86,63.81,21.79,45.39,6.12,478.38,onion
86.64,33.15,46.03,39.5,59.04,7.28,556.76,sorghum
34.33,74.98,59.77,26.45,21.36,7.91,456.28,chickpea
110.52,59.31,50.15,32.01,86.43,5.45,2360.87,rice
36.15,72.77,25.46,23.4,58.06,7.32,930.71,soybean
200.01,87.08,91.63,23.13,70.27,6.92,2113.06,sugarcane
30.39,43.21,19.89,26.71,70.12,7.06,614.43,soybean
45.24,71.67,29.72,25.63,66.24,6.8,519.83,groundnut
100.71,68.06,41.07,20.3,45.34,7.71,549.32,onion
33.63,53.87,78.0,16.52,32.1,7.96,751.8,chickpea
55.89,20.3,31.6,28.76,71.55,5.45,3163.07,ragi
36.36,30.91,44.68,31.85,70.65,6.8,3451.84,mango
45.93,111.4,129.02,29.23,49.14,8.1,606.58,grapes
48.72,20.9,19.98,25.03,80.1,6.21,1197.35,ragi
51.16,34.53,52.74,23.47,63.35,7.36,1082.28,orange
153.96,94.26,123.21,26.57,64.28,7.61,1849.26,sugarcane
35.29,68.02,73.42,19.68,44.99,6.6,507.25,chickpea
45.87,40.62,70.0,22.22,39.05,7.91,575.78,pomegranate
139.72,62.24,99.85,29.79,84.15,7.92,765.48,banana
48.9,34.44,26.97,28.38,85.29,6.22,2543.66,ragi
66.48,50.07,36.82,29.59,41.06,7.39,454.33,sorghum
28.27,40.95,28.5,33.87,49.45,6.86,675.44,groundnut
39.53,32.16,28.75,28.21,43.75,7.01,672.02,bajra
232.51,94.88,88.73,25.24,63.75,8.05,1356.18,sugarcane
38.55,33.56,43.74,29.72,58.74,7.35,908.69,sweet_lime
28.69,42.06,44.66,28.59,63.92,6.68,607.77,sweet_lime
41.43,46.35,52.74,33.73,63.56,8.08,567.62,pomegranate
79.59,28.76,23.69,37.94,49.41,7.05,838.36,sorghum
118.91,45.74,47.55,28.34,62.59,7.36,700.88,maize
99.63,42.61,36.06,22.65,77.16,6.09,3092.86,rice
28.88,77.33,36.22,34.59,62.19,7.91,866.08,pigeonpeas
51.72,26.11,86.3,33.8,86.83,6.95,2841.91,coconut
69.65,42.02,37.69,33.06,42.51,7.14,540.87,sorghum
145.43,49.6,71.88,26.22,62.0,6.87,809.31,tomato
55.85,37.74,51.57,23.88,53.0,7.88,801.71,orange
202.41,78.25,120.65,27.02,66.69,6.87,860.71,banana
38.2,44.0,22.86,32.02,28.97,7.73,523.15,bajra
58.04,37.37,28.46,34.65,48.46,8.3,437.91,bajra
36.47,82.48,159.42,22.52,64.54,7.69,718.46,grapes
98.19,28.34,42.04,31.95,60.05,6.67,755.28,sorghum
34.62,33.21,55.33,26.72,52.61,7.95,517.67,pomegranate
79.15,28.8,36.05,33.76,46.45,7.14,769.44,sorghum
57.63,24.54,40.72,38.59,60.55,7.34,827.94,orange
40.53,29.75,51.03,30.99,86.13,7.29,2698.8,mango
43.96,39.67,23.32,23.57,89.58,6.39,1306.99,ragi
203.28,81.37,162.84,37.78,74.58,7.68,802.58,banana
98.45,56.76,43.02,24.45,89.53,5.41,2773.51,rice
54.91,32.54,29.16,33.94,51.37,7.18,851.26,orange
136.68,67.15,48.34,17.54,50.55,5.88,748.46,maize
103.7,48.21,27.26,33.35,65.45,7.98,1053.75,cotton
30.33,36.92,102.9,34.18,70.65,6.87,2345.47,coconut
59.41,32.58,68.48,24.13,65.87,6.58,943.86,sweet_lime
121.18,54.86,34.37,29.97,56.12,5.97,902.71,maize
125.02,76.0,166.7,35.08,85.69,7.66,885.46,banana
15.45,80.09,22.66,35.27,64.81,7.32,1127.67,pigeonpeas
94.35,53.45,50.79,21.6,46.79,5.95,550.36,onion
39.13,30.9,76.18,24.6,34.15,8.54,543.84,pomegranate
100.27,42.93,33.12,29.34,93.98,6.26,3544.57,rice
20.03,23.28,22.16,33.03,60.95,6.04,2236.81,cashew
34.09,58.23,35.95,30.7,77.88,5.94,858.84,soybean
46.5,40.63,34.02,25.39,54.26,6.8,471.04,groundnut
28.85,21.73,75.1,26.6,69.45,6.31,2698.53,coconut
100.06,37.76,37.15,24.9,81.47,6.75,2471.3,rice
34.46,68.16,73.66,26.51,23.61,7.71,536.07,chickpea
145.0,69.78,112.75,26.43,73.95,7.23,694.14,tomato
30.63,59.35,43.81,22.07,67.34,7.59,708.12,soybean
43.01,21.89,31.01,28.51,63.61,5.49,2590.52,cashew
84.44,22.31,29.02,32.43,42.51,8.59,579.78,bajra
46.65,46.52,35.76,24.16,68.6,7.42,576.61,groundnut
116.16,38.5,53.82,26.85,67.25,6.84,757.17,maize
148.5,72.88,132.89,28.68,68.67,6.71,1174.69,banana
50.8,82.88,175.01,20.28,68.97,6.85,473.0,grapes
36.44,25.7,34.75,31.09,67.95,5.77,1145.72,ragi
52.49,18.09,30.18,25.28,85.2,6.75,3341.18,mango
55.13,43.93,65.3,32.04,46.73,6.94,1008.77,sweet_lime
42.14,26.91,41.2,29.74,76.19,6.75,3178.18,mango
51.45,22.23,30.07,28.07,62.48,5.71,2522.36,cashew
119.59,78.64,77.6,28.6,55.72,6.42,990.42,tomato
33.42,108.57,113.06,20.06,43.29,6.73,680.64,grapes
99.77,47.18,92.77,20.89,67.65,6.55,559.39,tomato
109.52,61.11,43.98,23.4,66.51,6.4,801.57,maize
245.83,83.96,120.15,25.08,56.73,7.2,1441.95,sugarcane
46.52,15.74,42.14,37.13,63.51,6.47,3032.42,cashew
90.53,52.27,38.12,29.47,33.78,8.21,506.73,sorghum
198.15,77.74,174.66,39.23,63.57,6.58,1179.83,banana
150.84,66.32,103.71,33.58,73.36,6.83,1162.86,banana
47.24,21.64,63.14,38.66,43.53,6.49,431.86,pomegranate
24.46,63.08,32.7,27.68,65.72,6.12,560.29,groundnut
33.0,38.1,43.67,22.72,61.04,8.11,717.26,sweet_lime
33.65,58.82,28.88,36.5,52.48,6.81,572.46,pigeonpeas
126.23,90.36,160.74,37.38,76.02,6.31,1158.45,banana
67.91,42.44,66.42,29.19,60.22,7.62,675.53,sweet_lime
16.99,71.41,31.21,25.54,53.36,6.78,640.04,pigeonpeas
19.42,56.38,38.06,31.29,48.67,7.35,1009.33,soybean
39.28,44.95,38.53,22.5,43.26,8.11,1005.67,orange
217.91,95.82,133.31,38.15,55.5,6.51,1477.63,sugarcane
28.31,53.5,30.96,23.59,51.05,7.23,608.96,groundnut
27.31,47.01,26.23,32.57,67.42,7.66,917.62,pigeonpeas
52.07,24.97,32.3,27.52,71.62,6.39,720.78,orange
19.94,30.32,23.85,31.56,63.59,6.15,2127.3,cashew
15.5,66.71,35.01,30.55,50.56,6.35,629.1,pigeonpeas
130.0,58.99,23.23,34.67,55.95,7.37,886.91,cotton
28.43,57.58,19.15,21.32,67.63,6.04,1126.46,soybean
48.03,27.31,40.95,33.09,42.68,7.15,753.53,orange
222.05,65.91,101.72,35.04,63.14,8.21,2116.29,sugarcane
53.69,39.51,96.94,27.79,68.29,7.01,3748.57,coconut
42.47,19.35,28.43,27.81,65.19,5.39,2761.69,cashew
178.41,85.04,156.58,23.81,79.43,6.72,1455.73,banana
88.52,83.0,89.93,26.32,57.32,7.39,751.75,tomato
89.69,41.09,60.17,22.96,71.98,6.5,788.25,onion
46.29,79.1,29.6,24.41,59.4,8.03,588.61,pigeonpeas
53.79,19.08,70.81,28.78,56.79,7.09,415.55,pomegranate
43.62,17.66,41.28,34.9,61.58,6.6,3146.49,cashew
59.88,33.96,46.12,22.27,61.47,7.58,625.52,sweet_lime
37.94,54.49,47.38,26.34,51.29,7.46,655.9,groundnut
22.5,17.1,28.38,21.8,85.88,6.04,3074.13,cashew
45.54,43.34,47.23,26.41,61.57,7.48,743.23,pomegranate
116.23,55.45,35.33,31.9,76.15,7.46,3314.01,rice
78.07,52.27,24.44,31.17,55.46,7.0,709.7,sorghum
23.39,27.34,33.51,26.18,70.18,6.33,1987.2,cashew
73.06,42.49,36.75,37.67,30.49,8.55,543.47,bajra
48.17,19.86,24.11,26.01,84.92,6.87,1278.11,ragi
83.14,21.99,23.23,27.28,39.66,8.18,419.05,bajra
45.78,37.72,32.27,35.25,58.16,6.86,514.15,groundnut
38.51,24.79,53.72,22.13,58.96,7.71,862.26,sweet_lime
116.16,91.27,121.29,25.67,81.45,6.22,966.22,banana
102.39,63.17,44.99,18.36,57.96,6.98,682.81,maize
49.85,22.01,36.4,32.29,79.84,4.91,3181.68,cashew
256.14,79.66,105.61,25.03,53.16,8.09,1263.85,sugarcane
24.59,28.18,38.7,22.13,58.74,6.75,498.0,pomegranate
41.98,35.72,50.34,33.61,89.42,7.03,3697.2,mango
125.7,64.86,109.23,22.71,51.91,6.6,893.44,tomato
149.83,58.31,96.63,21.94,63.4,7.59,927.28,sugarcane
33.53,63.79,32.62,39.44,61.63,6.28,653.25,pigeonpeas
42.79,40.76,52.79,30.84,51.4,8.08,692.03,sweet_lime
34.6,59.11,24.17,29.17,49.05,7.58,1064.89,pigeonpeas
112.48,51.24,39.45,20.64,37.67,6.47,687.63,wheat
21.46,53.07,40.52,21.21,68.85,5.91,493.1,groundnut
49.25,53.92,41.49,25.05,70.5,6.89,920.41,soybean
115.32,70.44,115.99,25.8,66.69,7.44,1252.49,banana
58.39,18.93,62.28,27.17,63.24,7.1,729.32,orange
93.83,64.07,47.08,13.73,52.54,6.67,659.86,wheat
30.02,58.63,60.3,19.13,18.34,7.96,598.28,chickpea
72.51,35.75,47.2,39.34,48.85,6.93,641.95,sorghum
113.71,47.27,152.65,28.61,80.84,6.53,1159.46,banana
233.06,72.86,113.37,22.66,81.32,6.91,903.93,sugarcane
31.51,24.5,76.63,24.84,33.11,7.98,555.36,pomegranate
20.23,18.56,34.85,33.62,63.66,7.14,3365.42,mango
23.74,29.07,29.23,33.76,52.85,8.01,810.17,orange
130.31,70.54,86.5,17.88,61.58,7.3,622.23,tomato
44.57,63.96,53.09,25.11,60.3,6.14,683.47,groundnut
31.51,56.12,33.19,21.37,45.11,6.62,647.89,groundnut
99.31,54.26,43.29,26.37,59.35,7.7,688.33,onion
87.53,43.69,50.11,28.8,92.44,6.48,3092.29,rice
34.45,34.23,86.13,27.1,90.4,6.12,2055.89,coconut
31.85,20.97,25.05,32.11,89.27,5.4,3358.41,ragi
259.97,64.91,107.14,36.79,56.36,7.06,2306.17,sugarcane
97.14,55.37,50.84,22.9,51.62,6.83,436.47,wheat
32.35,42.86,43.69,34.29,55.09,7.8,729.93,pomegranate
20.27,83.47,162.6,17.6,62.08,7.07,523.72,grapes
135.94,51.43,124.51,34.06,65.37,6.23,1031.06,banana
39.75,19.82,28.67,34.01,46.97,8.23,681.94,bajra
107.84,57.41,104.09,24.08,58.41,6.5,1019.15,tomato
36.32,44.09,54.81,39.22,64.64,7.19,1003.27,orange
131.41,42.65,31.66,29.78,47.7,7.15,788.9,maize
46.83,37.73,50.35,21.66,47.13,7.32,654.55,groundnut
39.1,76.25,143.51,23.29,47.82,7.45,642.05,grapes
39.23,43.0,41.57,35.19,61.48,7.18,416.39,bajra
34.8,22.33,44.12,38.71,60.84,7.56,902.99,orange
62.85,29.18,30.68,27.72,36.54,8.34,660.95,bajra
103.18,77.76,95.13,19.92,69.72,6.01,976.79,tomato
32.78,17.77,19.04,27.63,72.1,5.89,3641.62,cashew
48.85,38.97,44.02,31.11,61.58,8.34,883.7,sweet_lime
156.04,95.14,190.69,34.59,77.68,6.33,1305.33,banana
124.21,40.49,31.38,28.3,66.91,7.44,749.64,maize
68.41,46.34,51.83,23.08,41.52,7.45,631.88,sweet_lime
176.37,81.62,122.86,36.04,83.28,6.58,964.71,sugarcane
66.56,39.46,56.14,30.91,73.72,5.47,1512.3,rice
54.53,21.42,43.81,22.51,53.54,6.77,797.22,orange
21.38,88.12,143.22,17.05,68.66,7.11,776.18,grapes
46.93,48.81,31.45,27.55,62.5,6.92,835.6,soybean
46.17,46.63,57.07,20.06,25.72,7.37,620.87,chickpea
121.18,42.59,33.6,18.21,40.66,6.97,788.77,wheat
47.62,25.13,24.92,25.81,60.42,5.16,2760.71,cashew
83.55,33.2,30.59,35.68,59.53,7.16,509.92,bajra
64.53,43.24,40.96,30.91,52.63,7.56,1013.55,sweet_lime
79.68,68.07,31.36,22.25,53.17,7.01,532.67,maize
116.41,67.78,32.34,26.21,55.24,6.58,745.77,wheat
31.11,18.94,57.62,24.02,73.14,7.22,2792.61,mango
23.66,65.14,42.12,33.87,61.79,7.61,931.79,soybean
42.66,43.52,19.7,28.21,57.19,6.87,487.14,bajra
76.24,39.91,27.03,31.37,35.99,6.82,569.9,bajra
144.3,95.27,108.15,30.68,69.52,7.79,934.28,banana
35.68,47.94,39.88,23.67,77.26,6.35,638.94,soybean
84.38,67.37,43.03,19.69,66.3,6.68,681.14,wheat
75.34,37.72,44.45,25.92,51.62,6.86,853.21,sorghum
214.03,95.89,120.69,35.99,80.9,7.06,1286.11,sugarcane
93.67,44.41,31.16,28.04,64.27,7.61,421.13,sorghum
76.1,48.87,48.99,19.21,69.67,7.34,909.96,onion
68.07,30.19,44.58,31.88,38.98,6.66,787.51,sorghum
204.6,74.89,133.25,28.95,83.37,5.92,1408.24,banana
36.66,53.44,43.01,34.61,66.33,6.16,745.83,groundnut
143.47,45.01,35.85,26.02,58.51,8.76,1168.71,cotton
28.97,82.75,21.96,39.17,42.07,6.92,823.43,pigeonpeas
38.17,22.38,69.32,24.35,85.19,6.99,2342.47,coconut
88.32,60.92,81.51,19.4,59.81,7.52,788.86,tomato
40.46,28.36,27.5,36.21,29.94,6.43,375.5,bajra
51.75,16.59,33.89,33.07,69.04,6.52,2588.7,mango
29.37,65.79,35.13,28.86,68.35,7.32,539.48,groundnut
36.87,51.55,21.06,27.3,64.43,6.08,888.72,pigeonpeas
122.56,63.97,33.23,23.6,42.41,8.2,863.73,cotton
95.51,57.86,46.83,19.93,65.36,6.83,694.81,wheat
40.49,21.27,117.73,28.91,89.31,7.18,2118.43,coconut
91.85,69.74,111.7,21.0,49.14,6.41,641.78,tomato
56.88,34.03,61.62,25.37,88.68,7.5,3233.14,coconut
24.71,69.23,16.11,29.25,63.84,7.58,689.17,pigeonpeas
79.2,34.45,40.2,27.28,77.07,6.89,2591.01,rice
111.6,63.15,47.46,31.5,89.51,7.53,1939.77,rice
35.2,20.37,28.87,32.06,78.66,5.64,1823.03,cashew
71.97,29.92,30.09,24.33,62.16,7.53,591.75,sorghum
28.16,47.02,28.23,32.54,58.34,6.0,700.8,pigeonpeas
133.59,53.94,33.42,26.58,63.43,7.39,653.09,maize
58.01,47.18,27.94,27.07,33.27,6.71,396.25,bajra
49.88,47.33,27.19,33.35,41.13,7.04,419.31,bajra
92.24,62.89,17.26,29.99,57.21,7.47,823.21,cotton
32.24,38.49,51.94,36.61,39.89,7.14,705.01,orange
58.72,25.61,31.89,29.48,70.68,5.52,1130.34,ragi
56.88,23.43,42.36,25.22,58.2,6.49,849.47,orange
31.3,35.14,58.16,24.19,44.65,8.08,522.8,pomegranate
41.69,39.52,37.93,28.69,51.07,8.47,693.76,pomegranate
41.5,36.21,39.42,38.44,48.77,8.32,425.82,bajra
27.46,32.32,35.92,35.6,82.14,5.85,2150.55,mango
131.28,37.9,42.21,31.99,65.59,6.72,474.5,maize
84.93,65.69,41.01,19.35,64.97,7.71,645.66,wheat
145.66,97.34,124.0,35.58,88.01,7.25,1497.73,sugarcane
58.78,41.17,35.63,33.77,43.89,8.37,624.54,sorghum
38.45,23.86,49.78,21.76,66.65,8.01,962.75,orange
41.82,74.9,29.91,33.03,74.69,5.97,1113.43,soybean
48.06,25.43,56.76,33.51,82.8,6.99,2886.92,mango
45.49,32.8,35.6,21.29,73.51,5.71,3185.35,mango
30.63,14.48,40.4,34.71,78.88,5.49,1852.05,cashew
41.12,66.24,16.05,31.91,50.53,7.41,562.52,pigeonpeas
64.6,52.75,64.44,30.78,50.85,7.31,671.84,onion
148.31,66.19,169.03,27.34,69.44,6.79,1480.88,banana
46.49,55.23,39.82,22.48,58.0,6.61,526.55,groundnut
78.03,65.0,39.4,20.26,64.46,7.1,579.44,maize
43.1,45.21,23.07,35.3,40.35,7.82,474.49,bajra
85.85,35.09,47.04,36.83,43.21,7.48,615.3,sorghum
99.62,75.84,115.77,24.96,51.21,6.82,807.08,tomato
68.28,47.33,39.97,38.93,52.04,6.44,775.15,sorghum
161.51,63.31,136.1,24.22,59.25,6.6,1026.93,banana
95.4,62.13,57.9,28.17,92.16,7.17,3274.35,rice
43.02,32.48,44.73,34.99,86.4,5.54,2108.62,mango
32.87,87.36,124.82,33.52,53.52,7.68,766.92,grapes
34.02,27.03,28.17,28.56,61.74,5.23,1719.05,cashew
113.49,64.08,45.55,23.3,48.41,7.26,490.54,wheat
39.46,18.41,26.87,25.31,58.09,5.27,2454.38,cashew
164.66,65.59,187.27,23.76,66.31,7.17,1598.19,banana
44.47,23.9,37.11,30.41,68.8,5.14,3237.06,ragi
46.97,53.41,29.52,23.48,53.02,6.31,1065.39,soybean
58.09,28.45,59.7,25.91,54.7,7.75,660.99,pomegranate
79.48,67.21,40.86,24.76,50.14,7.05,601.29,maize
97.24,58.68,41.27,31.26,58.36,7.34,654.39,onion
35.64,39.69,40.6,29.54,43.54,7.45,489.96,groundnut
31.42,69.49,35.67,34.79,58.66,6.13,788.88,soybean
184.84,62.15,180.77,28.33,81.72,7.22,1538.55,banana
21.54,62.45,37.73,29.44,57.26,5.9,841.28,groundnut
51.84,31.53,37.58,20.28,64.18,5.48,2462.26,ragi
86.78,46.93,57.05,31.99,90.75,5.91,1247.58,rice
52.6,33.45,46.63,25.83,66.46,7.25,1176.99,orange
43.6,76.31,26.77,30.63,54.2,7.07,564.79,pigeonpeas
36.33,14.64,38.27,24.25,85.61,5.43,3254.19,cashew
44.16,78.99,65.95,17.23,33.03,6.49,436.06,chickpea
32.51,30.48,73.22,27.92,63.06,7.7,523.78,pomegranate
157.86,37.49,17.75,39.49,57.14,6.85,1240.94,cotton
29.78,42.48,42.28,35.39,56.38,6.92,1086.68,orange
197.53,58.07,134.5,28.74,61.48,7.77,1437.04,sugarcane
128.78,71.2,139.17,26.08,66.63,6.54,866.38,banana
45.17,37.09,94.44,31.43,89.03,5.83,2914.3,coconut
117.93,47.05,34.89,24.58,56.84,7.82,414.58,wheat
33.26,24.31,56.79,27.11,81.54,6.18,3007.01,mango
183.13,74.28,178.66,39.05,67.16,7.64,1133.04,banana
93.43,67.03,45.65,23.85,63.82,6.02,638.94,onion
57.4,37.09,25.18,20.0,79.27,6.51,1791.57,ragi
43.74,50.82,33.14,30.93,73.87,6.03,655.02,soybean
31.46,62.46,39.95,35.21,66.53,6.13,893.29,groundnut
61.32,49.73,49.07,24.75,50.87,6.61,796.22,onion
103.3,39.2,58.87,25.12,69.26,6.84,706.62,onion
147.98,69.56,34.92,36.96,67.61,7.79,907.75,cotton
44.44,47.26,39.83,35.27,47.17,7.73,618.73,sweet_lime
41.28,34.03,35.57,23.2,40.34,6.75,813.52,sweet_lime
51.88,34.91,73.36,31.45,68.62,5.69,3290.38,coconut
110.97,69.62,59.95,21.31,73.73,5.94,657.71,tomato
149.63,50.61,144.37,31.17,74.75,6.19,1064.5,banana
81.13,42.84,28.82,32.44,56.44,6.49,417.05,sorghum
23.49,108.32,187.73,24.78,60.6,7.41,804.03,grapes
87.26,51.72,18.11,38.58,48.48,7.03,1090.99,cotton
81.44,52.06,26.96,25.14,36.28,8.61,767.28,sorghum
95.85,42.51,32.87,29.82,72.01,6.84,733.47,maize
34.11,57.17,35.05,27.7,60.13,6.29,1060.9,pigeonpeas
122.25,72.12,67.28,25.82,49.03,6.5,989.36,tomato
33.77,74.77,15.89,29.08,71.65,8.11,853.69,pigeonpeas
108.4,43.06,47.15,24.16,94.66,6.21,1966.75,rice
37.03,40.6,47.01,32.46,77.92,7.07,821.63,soybean
45.38,32.47,46.52,26.7,68.67,7.31,630.47,sweet_lime
59.51,40.89,84.69,29.39,74.17,6.32,3232.2,coconut
64.7,31.77,49.33,34.65,34.9,8.39,452.52,sorghum
29.01,40.16,123.86,23.89,74.81,6.6,1853.08,coconut
47.35,23.92,62.83,20.46,45.86,8.15,725.93,pomegranate
40.27,22.25,125.57,33.04,90.77,6.6,3695.97,coconut
89.25,33.18,28.51,37.89,45.24,8.43,727.21,sorghum
38.29,46.88,45.36,21.53,42.98,6.85,418.04,pomegranate
37.87,121.11,132.34,23.37,46.04,7.43,682.88,grapes
30.83,44.31,55.35,24.26,21.18,7.72,508.63,chickpea
103.97,49.79,15.7,27.89,43.17,8.03,788.27,cotton
39.99,41.65,47.49,34.33,54.58,7.01,1103.07,orange
32.58,30.03,102.07,25.34,70.54,6.08,2709.13,coconut
92.19,46.35,29.5,16.27,58.24,7.6,417.35,wheat
75.74,51.21,30.64,13.84,53.29,6.98,586.12,wheat
30.55,59.13,18.97,30.5,67.26,6.09,1019.45,pigeonpeas
37.61,41.15,52.15,35.18,66.37,6.42,976.58,orange
56.21,22.97,105.49,27.1,75.77,7.08,2159.83,coconut
37.76,38.76,36.35,28.68,90.52,5.13,2724.55,ragi
84.71,32.24,49.67,30.37,61.16,6.82,766.48,sorghum
107.78,66.69,48.6,28.53,62.58,5.93,681.54,maize
99.2,52.26,38.18,32.12,73.67,6.8,765.54,cotton
85.95,56.23,87.89,20.57,71.16,6.72,635.67,tomato
56.81,39.86,35.32,23.95,44.43,7.49,808.12,sweet_lime
39.19,69.14,38.48,25.32,66.46,6.61,595.53,groundnut
38.37,24.95,50.23,24.99,46.28,8.04,456.94,pomegranate
28.89,46.64,28.5,27.09,49.71,6.66,921.83,soybean
46.85,25.59,44.05,31.62,53.49,7.39,689.88,sweet_lime
135.91,73.39,60.67,27.7,67.86,7.63,901.73,tomato
164.93,77.68,120.94,26.54,70.57,7.54,1035.8,sugarcane
78.12,52.84,33.99,27.45,57.03,6.69,715.24,sorghum
35.48,35.37,43.88,34.23,52.6,6.45,621.44,sweet_lime
83.12,54.55,40.6,24.54,38.76,6.84,380.55,wheat
96.82,30.56,45.94,28.32,55.04,7.51,771.78,sorghum
33.64,39.09,59.9,24.67,93.14,5.85,2749.45,coconut
188.29,70.32,143.59,25.68,59.9,7.15,1207.79,banana
47.73,26.25,84.5,27.66,75.1,6.67,2130.72,coconut
118.35,46.84,51.96,21.21,63.24,6.99,781.21,wheat
37.78,36.22,85.09,29.66,80.55,7.37,1922.78,coconut
40.78,75.16,48.26,22.93,38.6,6.15,607.51,chickpea
82.24,33.27,36.33,27.25,56.53,8.32,450.11,bajra
29.79,32.06,26.24,27.01,83.65,6.7,1875.15,ragi
122.65,65.72,97.2,30.96,57.06,6.23,774.85,tomato
149.8,97.37,100.19,33.52,79.33,7.5,1002.32,sugarcane
40.05,19.25,38.29,22.79,73.42,5.38,3148.01,cashew
44.31,34.47,109.43,24.2,88.03,7.16,1610.11,coconut
31.07,70.71,65.73,23.38,40.33,7.01,770.77,chickpea
36.85,26.79,121.27,28.16,67.69,6.34,2138.41,coconut
54.66,38.55,27.84,30.56,72.72,6.74,3318.01,ragi
108.99,37.75,18.07,37.44,71.85,7.93,674.21,cotton
41.4,19.78,31.1,28.92,90.46,6.59,2321.79,cashew
27.44,45.62,42.59,23.49,64.03,6.99,605.24,groundnut
78.19,30.91,38.31,23.87,40.01,7.31,734.4,sorghum
30.07,25.56,38.9,25.65,68.14,7.17,2591.48,mango
52.59,22.0,55.74,26.31,40.23,7.69,727.44,orange
124.53,61.99,176.49,34.51,67.7,6.53,1187.7,banana
48.51,15.21,56.38,35.68,71.85,6.57,2391.73,mango
96.94,53.18,45.78,28.26,74.45,7.64,1201.44,rice
91.89,57.84,34.98,17.3,57.79,6.71,700.79,maize
89.64,71.44,91.93,27.11,77.58,6.85,1022.28,tomato
157.97,84.41,188.39,32.49,66.96,7.0,868.47,banana
27.58,37.95,40.61,25.11,48.19,6.38,645.27,groundnut
51.82,99.43,161.38,20.3,38.55,7.11,622.81,grapes
81.91,63.91,18.14,38.7,62.32,6.84,826.87,cotton
37.01,36.38,77.18,24.86,78.48,7.53,3168.33,coconut
30.53,46.82,44.05,33.43,29.31,7.82,522.93,pomegranate
35.12,39.54,61.67,25.82,71.71,6.83,739.02,orange
104.97,56.07,37.61,34.25,60.04,7.17,1207.03,cotton
30.38,19.19,28.46,26.06,64.57,5.9,3765.76,cashew
32.67,29.73,38.91,22.8,73.47,5.74,2801.86,cashew
31.78,74.44,76.73,16.61,29.29,8.02,684.51,chickpea
54.63,30.73,34.72,28.9,79.79,6.32,3094.0,ragi
264.08,66.26,97.8,31.21,63.99,6.63,1903.81,sugarcane
115.73,68.71,51.79,15.62,56.66,6.65,374.55,wheat
113.82,62.09,32.61,26.22,42.01,6.39,665.95,wheat
48.65,28.59,32.38,25.64,81.41,6.2,2559.66,cashew
261.01,97.45,103.87,30.6,55.19,7.98,1842.86,sugarcane
37.95,41.32,32.51,35.24,55.77,8.15,1024.58,orange
86.43,47.08,102.86,27.01,66.46,6.53,531.05,tomato
97.32,40.8,44.44,21.83,91.61,7.36,1781.43,rice
88.99,24.07,30.9,37.4,42.01,8.21,502.79,sorghum
48.27,110.59,150.01,32.66,64.61,8.13,666.62,grapes
171.67,95.33,135.66,37.58,58.84,7.47,1168.17,sugarcane
61.38,19.52,40.83,25.38,39.78,8.11,958.26,orange
104.58,43.22,38.3,22.53,57.76,7.92,770.56,onion
36.45,24.61,20.39,25.12,68.22,5.92,1800.05,cashew
31.4,19.34,62.47,26.9,80.36,6.8,3635.75,coconut
29.99,45.79,44.68,30.71,71.93,7.42,1082.17,orange
120.16,40.03,33.58,18.2,46.1,7.7,547.71,wheat
35.01,22.94,31.14,32.13,63.2,5.49,3328.54,mango
50.2,36.56,21.73,23.49,89.55,6.26,3098.52,ragi
87.5,61.45,44.5,20.69,43.77,6.64,710.2,onion
113.96,50.24,32.71,25.09,70.78,6.73,897.22,maize
32.84,27.6,30.57,34.46,83.05,6.84,3141.66,mango
47.86,34.5,67.77,33.55,71.28,6.86,2366.91,coconut
41.31,69.56,23.15,31.04,52.54,6.23,609.76,pigeonpeas
30.15,23.4,114.69,30.69,82.16,7.58,1455.24,coconut
38.02,69.74,33.11,26.52,48.38,7.13,862.55,groundnut
90.98,38.53,27.83,28.56,44.0,6.87,1117.32,cotton
22.94,51.29,40.29,25.38,72.45,6.78,906.12,groundnut
53.71,26.09,45.15,30.37,57.14,8.09,728.14,sweet_lime
22.02,21.38,21.69,31.53,61.03,6.12,1881.06,cashew
56.45,21.27,41.19,27.95,65.08,5.68,2512.86,ragi
119.19,66.79,109.73,28.26,68.92,6.62,562.14,tomato
126.61,49.99,109.94,22.57,74.12,7.35,822.02,tomato
84.74,38.82,57.93,19.91,71.79,6.48,488.89,onion
125.86,45.92,49.29,20.48,51.1,6.99,379.46,wheat
39.12,30.12,70.36,32.57,91.94,5.45,3192.59,coconut
34.28,113.79,135.33,18.13,61.92,7.53,697.73,grapes
40.52,58.22,32.35,30.06,45.39,7.17,795.02,groundnut
75.99,46.23,48.48,18.41,53.58,6.05,479.05,onion
164.61,54.37,131.71,25.76,75.52,6.64,826.28,banana
35.29,47.74,42.23,32.92,48.95,6.13,1099.17,soybean
116.11,61.25,63.29,31.51,47.97,6.85,840.66,onion
186.16,91.79,85.51,27.0,66.61,7.31,1059.32,sugarcane
150.86,49.59,105.75,23.58,65.38,6.92,1613.58,banana
58.45,43.74,61.63,35.71,56.13,7.07,1014.26,orange
128.12,73.62,24.15,26.88,52.28,6.93,881.49,cotton
53.06,41.82,18.88,32.52,71.3,6.66,3166.15,ragi
58.58,48.33,59.83,26.45,43.48,6.02,910.01,onion
26.73,55.33,56.28,19.57,22.61,8.3,635.99,chickpea
111.03,63.24,99.87,21.91,77.31,6.63,517.81,tomato
184.35,73.39,101.59,24.73,59.06,7.24,1229.85,banana
27.56,84.68,34.51,26.76,71.24,6.65,1036.19,pigeonpeas
162.5,77.25,124.52,25.92,87.6,6.88,944.6,sugarcane
46.63,22.96,54.39,22.5,32.11,8.5,691.08,pomegranate
57.85,34.23,48.88,38.2,52.6,7.66,993.16,sweet_lime
93.59,36.72,52.19,33.8,94.07,5.92,1716.29,rice
76.34,36.74,29.5,27.26,58.82,6.44,428.77,sorghum
48.91,37.64,44.78,23.76,68.2,8.01,889.09,orange
16.99,69.11,19.78,35.67,49.44,7.51,916.82,pigeonpeas
136.49,56.57,76.65,30.69,55.36,7.13,1018.89,tomato
65.71,36.08,59.45,32.3,51.09,6.63,934.0,sweet_lime
69.51,47.14,44.29,20.18,53.8,6.09,699.85,onion
150.86,36.11,28.9,26.11,48.92,6.95,642.41,cotton
176.09,51.15,139.28,24.89,77.66,7.3,1252.43,banana
34.46,93.34,168.17,26.31,51.49,7.44,479.28,grapes
114.9,43.36,48.53,22.86,92.78,6.34,3649.64,rice
16.79,50.98,36.35,27.83,62.37,7.7,789.11,pigeonpeas
108.58,55.86,43.12,29.39,90.19,7.2,2398.36,rice
65.97,51.36,49.7,27.77,72.47,6.11,1794.27,rice
27.2,26.91,59.92,27.17,58.66,7.62,868.5,orange
92.68,45.68,29.19,37.6,41.59,7.32,1181.63,cotton
30.46,19.38,67.87,31.29,50.23,6.48,868.03,sweet_lime
80.0,50.09,30.83,28.28,70.63,5.98,629.36,maize
43.95,19.92,40.83,31.0,68.37,5.1,1438.76,ragi
216.7,88.66,120.88,37.4,58.59,6.79,1313.15,sugarcane
35.01,53.64,34.26,34.75,48.13,6.81,504.09,groundnut
183.53,74.1,101.22,29.08,58.31,7.14,1137.04,banana
207.72,95.25,84.11,24.19,69.81,7.53,2308.74,sugarcane
49.57,35.56,42.14,26.87,46.7,8.36,512.1,bajra
52.82,26.5,30.01,39.34,33.38,7.65,387.92,bajra
26.15,62.51,45.37,26.04,52.56,6.53,778.59,groundnut
33.58,45.9,58.98,32.81,67.63,6.46,943.9,sweet_lime
34.31,55.22,53.86,21.98,68.16,6.86,600.91,groundnut
43.21,79.56,24.13,31.83,42.74,5.99,784.99,pigeonpeas
38.26,23.56,23.62,32.94,63.87,6.7,1917.73,ragi
42.44,29.34,70.86,24.33,79.23,6.6,3575.05,coconut
98.97,58.15,48.57,22.82,61.82,6.61,464.1,wheat
30.7,25.46,24.04,37.32,91.28,6.31,1677.85,cashew
38.32,76.08,182.0,20.35,57.51,7.16,460.1,grapes
28.64,62.32,16.16,29.42,57.98,8.28,667.35,pigeonpeas
30.02,26.6,96.62,32.16,77.46,5.53,3208.98,coconut
129.69,78.78,127.16,26.22,76.79,7.18,1115.02,banana
46.73,17.54,39.84,30.57,73.51,6.29,2701.83,mango
196.05,96.47,108.32,37.8,73.76,7.89,1576.23,sugarcane
29.11,25.48,67.9,22.93,51.17,6.69,731.21,sweet_lime
50.46,47.51,45.44,31.87,40.33,6.76,797.15,sweet_lime
22.7,44.45,49.31,27.02,30.23,6.89,371.19,chickpea
93.05,40.74,44.04,22.95,52.64,8.0,429.05,wheat
42.27,28.8,24.95,26.09,85.61,5.77,3244.78,ragi
83.79,46.75,48.34,20.74,46.05,6.23,904.85,onion
75.82,27.65,28.59,31.17,57.87,8.06,657.11,bajra
46.25,20.93,38.62,31.21,87.81,5.39,2358.04,mango
44.31,33.75,66.27,39.16,55.54,8.15,980.03,sweet_lime
55.41,25.35,87.29,32.67,70.59,5.47,1385.79,coconut
25.99,42.64,38.26,29.32,63.47,6.17,586.22,groundnut
47.47,28.87,53.76,32.9,73.7,5.48,2723.41,mango
65.03,31.34,43.65,28.48,64.37,7.59,664.81,sweet_lime
96.98,47.92,39.28,20.9,55.01,6.92,641.61,onion
27.11,48.86,21.8,30.76,49.3,6.31,885.35,pigeonpeas
99.99,55.32,33.82,20.3,51.5,6.72,595.46,wheat
74.34,45.16,26.22,27.24,48.31,8.4,531.01,bajra
26.64,33.72,29.84,21.21,86.61,5.97,3554.43,mango
101.51,50.71,47.37,21.84,78.02,7.03,2101.37,rice
84.11,65.65,45.21,20.53,34.53,6.9,599.77,wheat
34.39,19.49,38.15,23.93,69.1,6.18,2497.18,ragi
58.63,26.76,23.59,20.87,79.42,5.94,1222.48,ragi
40.42,61.24,26.67,26.02,54.36,6.91,1101.27,pigeonpeas
45.61,53.79,57.75,22.11,26.52,6.85,777.08,chickpea
42.22,72.84,39.78,28.81,53.37,7.5,807.74,groundnut
114.03,60.49,36.7,22.34,62.54,6.05,822.45,maize
31.74,42.36,61.41,23.24,54.86,7.91,774.16,pomegranate
21.9,20.35,40.34,23.31,65.21,4.99,3421.79,cashew
18.81,57.73,51.7,18.07,17.36,6.16,769.35,chickpea
49.87,26.76,27.94,22.74,90.07,5.49,1453.92,ragi
32.93,40.49,41.49,27.65,77.19,5.98,3150.33,ragi
44.8,89.43,115.53,30.68,66.26,7.0,490.74,grapes
58.8,34.17,66.78,22.15,66.66,7.4,633.02,sweet_lime
32.83,24.97,22.45,24.0,81.45,5.93,1130.24,ragi
67.98,65.31,68.91,19.9,58.71,6.65,780.25,onion
144.82,79.62,128.49,29.87,56.5,6.99,1129.29,sugarcane
196.1,72.08,102.64,29.07,86.21,6.83,2032.02,sugarcane
57.89,35.98,31.96,27.42,76.09,6.68,3300.7,ragi
42.0,23.61,82.5,30.51,72.78,7.45,3382.68,coconut
38.12,31.78,75.65,28.86,84.14,6.55,3569.19,coconut
45.29,34.64,50.86,22.0,90.75,6.78,2022.2,mango
44.54,68.88,33.92,29.6,49.69,6.67,862.0,groundnut
61.28,20.02,26.19,24.05,31.98,7.74,427.98,bajra
137.16,49.42,37.86,27.05,53.76,6.18,782.4,maize
33.96,41.45,52.68,30.28,46.69,8.11,628.71,pomegranate
41.07,34.92,33.82,20.73,67.61,7.83,914.33,orange
216.59,65.97,95.68,28.45,69.77,8.11,1069.89,sugarcane
173.99,82.49,147.42,34.22,78.19,5.9,1180.02,banana
34.53,42.04,57.21,35.09,47.67,8.35,658.74,pomegranate
41.35,66.19,32.67,22.38,61.91,6.21,791.22,groundnut
51.58,37.17,55.81,37.9,42.92,6.93,831.54,orange
66.93,35.43,57.9,37.33,50.77,7.65,894.85,sweet_lime
204.12,96.57,89.72,22.32,56.3,6.76,1831.36,sugarcane
81.34,34.89,25.92,34.36,39.13,7.4,680.55,bajra
68.72,31.96,48.44,37.47,55.44,6.46,771.09,sorghum
117.29,64.1,30.89,20.69,45.45,7.1,533.67,wheat
23.95,43.66,44.66,22.43,46.06,7.56,1040.91,orange
164.34,76.69,126.33,33.63,75.4,7.34,1249.19,sugarcane
47.56,33.39,94.76,27.0,78.86,7.52,2203.38,coconut
234.06,97.92,132.92,39.5,86.76,7.49,1814.68,sugarcane
90.2,61.64,89.35,17.37,70.76,6.55,713.79,tomato
25.05,27.4,30.07,25.77,81.18,6.52,2348.48,cashew
72.87,46.69,26.93,39.29,37.95,6.75,371.26,bajra
35.42,66.0,47.08,21.38,60.56,6.41,822.19,soybean
151.45,82.91,166.8,25.6,59.18,7.9,782.83,banana
18.64,56.4,21.64,34.49,58.31,7.8,1119.31,pigeonpeas
28.54,42.72,74.51,26.38,18.9,7.67,389.86,chickpea
31.45,71.45,52.28,21.9,61.87,7.45,906.68,groundnut
75.97,25.59,24.78,31.46,59.05,8.21,407.76,bajra
87.93,70.52,38.56,29.57,69.49,8.01,887.63,cotton
91.73,47.2,45.42,32.67,85.91,6.76,3776.45,rice
44.58,47.26,26.81,29.38,67.67,7.85,755.7,pigeonpeas
102.45,36.69,56.18,32.78,82.95,7.25,1161.14,rice
36.33,68.97,18.8,23.88,77.92,7.58,921.41,soybean
64.85,51.87,34.0,26.16,64.24,8.15,679.2,sorghum
34.93,16.87,37.42,27.37,76.94,5.72,1840.24,mango
26.62,40.58,49.41,25.22,64.57,6.72,535.22,pomegranate
50.16,40.89,29.83,31.45,62.45,5.96,1921.25,ragi
119.18,56.21,48.72,29.63,49.86,6.53,634.19,maize
219.12,59.32,127.99,22.2,53.1,7.29,905.62,sugarcane
182.66,58.34,138.03,30.19,62.21,5.99,838.16,banana
23.94,70.08,32.6,31.63,61.87,5.99,742.29,groundnut
204.25,56.02,114.75,27.51,59.14,6.73,1182.45,banana
137.04,60.34,102.62,25.06,67.08,6.08,659.99,tomato
47.35,62.69,34.1,30.17,39.77,6.13,604.62,pigeonpeas
37.26,65.86,56.16,22.19,56.45,5.96,817.18,groundnut
27.09,18.94,51.27,22.57,90.96,6.91,3303.24,mango
48.08,41.53,50.94,21.59,33.89,6.51,725.68,pomegranate
104.15,44.59,35.53,22.5,60.54,6.94,378.17,wheat
26.15,27.22,55.63,32.0,51.52,7.41,807.49,orange
129.36,67.26,28.71,32.22,55.58,6.78,578.45,maize
33.51,46.21,44.39,34.22,62.69,7.3,670.43,groundnut
130.68,61.73,32.62,23.99,46.09,8.7,766.54,cotton
141.93,81.47,99.32,24.74,59.65,7.1,889.95,tomato
49.08,39.69,58.67,26.81,67.53,7.46,1005.41,orange
91.64,77.67,75.56,32.13,57.6,7.58,866.62,tomato
42.27,102.43,187.18,14.2,65.18,7.32,471.66,grapes
28.82,19.65,41.53,27.19,66.64,7.41,889.14,sweet_lime
25.14,46.45,47.42,34.94,52.68,6.69,737.89,groundnut
79.41,43.81,43.27,28.73,85.45,5.61,1594.59,rice
56.6,29.55,88.7,30.52,78.78,5.81,3397.62,coconut
99.81,62.68,51.0,26.63,53.01,7.46,452.72,wheat
45.52,44.93,52.58,30.31,53.74,7.43,888.73,groundnut
49.83,46.12,47.16,34.76,74.94,6.97,722.56,soybean
29.22,19.27,39.68,23.99,78.79,6.82,1578.62,ragi
82.36,32.72,30.66,26.96,62.01,6.38,442.07,bajra
36.31,61.46,76.32,19.75,20.24,8.39,441.61,chickpea
55.99,47.17,62.77,31.84,54.39,8.4,678.23,pomegranate
57.81,55.28,65.94,30.2,43.66,6.65,586.71,onion
49.88,46.4,24.84,33.19,53.31,8.35,520.34,bajra
47.76,32.45,41.06,21.93,79.55,5.57,3260.7,ragi
49.39,28.03,70.45,29.65,36.67,7.19,691.47,pomegranate
102.12,71.78,16.76,27.8,40.72,8.4,1232.13,cotton
26.12,14.48,49.95,24.26,81.57,5.59,1916.21,mango
87.71,54.61,50.82,18.17,58.42,7.25,611.24,onion
67.19,25.93,26.93,35.89,32.53,7.05,687.17,bajra
25.88,60.75,41.09,34.69,74.43,7.11,880.33,soybean
36.33,70.88,24.85,34.57,68.97,6.69,849.41,soybean
52.82,19.36,74.1,34.74,86.0,6.39,2970.84,coconut
134.33,44.4,49.57,31.14,59.38,6.74,595.52,maize
54.28,29.0,88.25,25.76,88.62,5.82,3212.85,coconut
51.0,19.81,27.9,32.92,85.78,5.62,3444.79,cashew
87.6,67.37,31.77,21.66,62.25,7.18,555.08,maize
77.04,45.24,39.22,31.73,59.08,8.49,643.38,sorghum
34.05,56.12,25.22,36.39,62.9,7.22,1043.02,pigeonpeas
43.82,51.86,34.54,35.08,70.76,5.96,692.53,soybean
29.96,24.62,110.12,30.51,68.8,6.69,1741.72,coconut
70.59,26.14,30.11,23.69,44.5,7.94,667.27,sorghum
39.17,47.0,71.08,18.24,34.4,6.54,580.26,chickpea
51.33,27.99,50.92,31.36,89.15,6.07,2688.2,mango
83.08,67.94,45.52,24.13,61.05,6.66,637.49,wheat
48.75,46.97,43.81,39.48,63.3,6.92,826.16,sweet_lime
121.31,55.58,46.2,22.24,58.04,7.31,762.03,maize
49.1,19.2,100.6,33.84,88.78,5.75,1570.97,coconut
65.32,45.36,39.37,39.16,67.27,8.32,556.51,sorghum
110.42,42.91,43.48,30.87,68.14,7.2,479.45,onion
83.03,39.48,34.12,29.52,76.48,6.38,1374.85,rice
129.92,59.71,22.26,39.26,47.6,7.75,861.98,cotton
46.71,32.9,24.37,21.65,76.11,5.67,3391.41,ragi
80.59,52.8,28.84,18.36,56.53,8.15,633.97,wheat
145.62,71.96,92.26,23.83,57.5,7.67,2289.66,sugarcane
31.49,22.12,48.74,24.3,88.18,6.95,3710.64,mango
81.5,45.85,19.13,24.28,37.05,8.29,697.15,bajra
27.53,33.42,53.06,37.91,51.04,8.36,442.13,pomegranate
32.74,43.47,58.99,39.13,58.72,7.06,781.85,sweet_lime
74.5,25.73,45.86,31.81,52.84,8.01,500.66,sorghum
26.41,21.06,47.82,39.27,70.51,7.56,1036.5,orange
50.31,19.32,28.12,26.59,68.37,6.33,2713.86,cashew
180.9,87.17,137.19,28.53,83.8,6.95,1146.31,sugarcane
106.79,55.97,64.12,32.83,64.14,7.78,646.45,onion
51.02,21.81,54.79,28.72,69.2,7.3,1013.17,orange
49.06,27.02,109.6,35.32,85.35,7.16,2505.39,coconut
156.28,34.8,16.91,25.87,62.84,7.54,1120.78,cotton
45.59,24.47,39.61,33.36,65.61,5.56,2586.37,cashew
30.34,80.51,24.37,26.79,42.82,6.52,858.72,pigeonpeas
29.16,19.47,52.48,30.41,56.5,6.87,502.58,pomegranate
34.22,66.25,47.77,15.95,38.55,7.64,583.36,chickpea
39.5,22.55,26.07,31.93,83.44,5.54,1738.2,ragi
128.59,75.27,98.36,27.87,73.06,6.45,667.87,tomato
44.29,65.2,58.98,21.05,45.25,6.65,751.53,chickpea
44.7,41.26,69.3,31.59,30.89,8.35,513.89,pomegranate
147.11,57.86,112.01,24.08,77.67,7.58,1283.15,banana
90.81,46.42,64.97,18.57,47.72,6.26,811.93,onion
155.36,57.94,31.47,28.77,43.57,8.21,959.43,cotton
114.18,56.16,44.28,24.99,71.79,7.52,821.36,onion
22.35,99.43,129.47,19.33,51.75,7.62,673.45,grapes
42.66,69.65,16.95,30.44,46.79,6.61,929.29,pigeonpeas
28.07,46.32,57.78,27.99,65.67,8.48,632.12,pomegranate
63.6,23.69,24.71,24.5,40.75,7.78,650.94,bajra
58.86,24.04,69.44,32.57,78.98,5.51,2526.63,coconut
191.41,67.12,174.88,26.94,70.55,7.67,1517.67,banana
89.68,76.71,67.38,29.57,71.89,6.89,1014.36,tomato
22.53,47.52,35.9,33.73,50.37,7.55,613.57,pigeonpeas
34.27,34.01,37.28,36.18,79.24,6.68,2914.55,mango
28.66,25.49,54.87,33.16,44.62,8.0,908.37,sweet_lime
58.11,42.69,44.67,21.82,56.91,7.69,830.08,orange
251.62,94.14,103.24,21.26,57.32,7.26,2239.88,sugarcane
33.83,47.03,63.41,24.77,23.75,6.35,543.9,chickpea
64.65,38.95,41.0,32.31,46.84,7.05,666.65,onion
81.38,58.12,36.82,14.75,41.32,7.01,415.85,wheat
45.62,41.91,57.85,32.47,40.62,7.48,959.5,orange
134.51,82.16,98.85,28.29,59.54,7.14,1032.03,banana
99.03,69.67,38.9,26.86,56.0,8.28,1067.8,cotton
92.74,55.58,60.59,26.11,54.92,7.05,478.55,onion
53.63,48.83,35.44,37.46,39.33,7.62,543.67,sorghum
184.01,50.09,134.67,24.21,64.64,6.19,900.66,banana
109.62,56.72,58.69,28.13,48.87,6.76,741.63,onion
54.46,42.21,66.54,27.47,41.05,7.4,646.36,pomegranate
82.21,38.34,35.35,39.31,54.51,7.95,807.1,sorghum
51.31,47.07,41.35,22.12,73.14,7.25,1000.69,soybean
158.39,84.63,188.66,30.98,76.38,6.7,1496.77,banana
119.18,47.35,36.81,18.34,49.39,6.9,560.95,maize
29.76,21.78,60.49,25.41,93.58,7.39,2015.24,coconut
49.37,15.08,40.84,23.57,90.57,5.82,2844.79,cashew
53.36,26.86,68.0,23.15,63.59,7.0,951.74,sweet_lime
102.8,40.46,52.28,13.56,37.06,7.71,748.67,wheat
84.49,51.32,29.75,29.69,65.72,7.94,530.07,sorghum
52.17,32.87,100.25,27.11,68.6,5.67,1491.88,coconut
136.85,42.86,30.46,27.78,71.98,6.05,704.32,maize
46.88,29.08,27.4,26.33,31.11,7.27,440.89,bajra
52.68,25.84,38.99,28.95,38.62,7.32,696.75,pomegranate
41.46,21.86,20.25,25.19,72.67,5.37,3370.89,ragi
38.64,118.52,160.4,24.93,39.97,6.67,477.21,grapes
20.3,73.35,23.92,28.06,71.92,7.34,634.75,pigeonpeas
177.93,65.87,87.7,33.33,56.76,7.79,1155.45,sugarcane
112.92,38.81,18.4,23.65,59.51,8.26,971.51,cotton
196.4,79.98,114.1,27.02,87.94,6.86,933.45,banana
46.54,20.71,63.09,36.68,70.04,7.77,1110.12,orange
55.13,44.62,44.49,24.1,44.31,7.75,628.86,sweet_lime
116.31,84.38,81.41,18.46,73.93,7.3,793.93,tomato
44.45,35.93,31.12,20.61,69.0,6.31,2191.38,ragi
87.19,41.34,54.49,25.53,78.91,6.94,3258.57,rice
48.42,34.38,30.75,38.8,30.59,7.53,626.86,bajra
39.04,47.34,33.73,34.32,61.66,7.12,672.31,soybean
93.91,74.53,99.32,28.67,67.51,7.61,559.44,tomato
42.71,74.06,46.47,24.04,69.67,5.98,693.19,groundnut
31.52,42.83,38.28,27.62,55.54,7.25,1015.56,orange
32.97,29.88,36.71,26.35,84.82,6.54,2234.7,mango
56.42,43.59,25.35,28.62,38.8,6.4,568.03,bajra
50.41,21.43,34.88,29.96,41.11,8.0,330.85,bajra
80.35,23.85,29.29,38.95,30.36,8.28,600.29,bajra
27.63,65.27,35.56,32.98,44.73,6.87,622.12,pigeonpeas
